document_id,file_name,source_folder,file_type,tema_estrategico,linea_pmge,senal_regulatoria,tecnologias,bandas_frecuencia,paises_regiones,organizaciones,actores,tipo_evento_regulatorio,tipo_insumo_agenda,evidencia_breve,relevancia_score,relevancia_label,actividad_internacional_score,prioridad_score,justificacion_analitica
073db6c3222a2bda241a,Documento-Tendencias-2025.pdf,CRC,pdf,"Conectividad satelital, NTN y D2D",Conectividad satelital,Monitoreo de tendencias tecnológicas y de mercado en telecomunicaciones,"[""5G"", ""Virtualización de funciones de red (NFV)"", ""Redes definidas por software (SDN)"", ""Edge Computing"", ""Network Slicing"", ""Acceso fijo inalámbrico (FWA)"", ""NTN"", ""Taara Kightbridge"", ""FTTx"", ""Fibra óptica con núcleo hueco"", ""Compartición de infraestructura"", ""Redes neutras de fibra óptica"", ""Redes privadas""]",[],"[""Reino Unido"", ""Francia"", ""Turquía"", ""Colombia""]","[""CRC (Comisión de Regulación de Comunicaciones)""]","[""Reguladores"", ""Operadores de telecomunicaciones"", ""Industria satelital"", ""Fabricantes de tecnología"", ""Grupos de valor del sector""]","[""Compartición de espectro""]",Nota técnica,"Conectividad satelital, NTN y D2D; tecnologías: 5G, Virtualización de funciones de red (NFV), Redes definidas por software (SDN), Edge Computing.",8,Alta,2,10,"Este reporte de monitoreo de tendencias es altamente relevante para la Agenda Regulatoria ANE 2027-2028, ya que su propósito explícito es informar y orientar la formulación de agendas regulatorias. Contiene un análisis detallado de tecnologías clave como 5G, NTN, redes privadas y la eficiencia del espectro, así como modelos de negocio y marcos normativos, que son fundamentales para la planificación estratégica y regulatoria de la ANE en los próximos años."
ca58181fa74f04022d84,Monitoreo-Tendencias-2024.pdf,CRC,pdf,"Conectividad satelital, NTN y D2D",Conectividad satelital,Monitoreo de tendencias tecnológicas y regulatorias,"[""5G"", ""6G"", ""Open RAN"", ""NTN"", ""Hyperscaler Cloud"", ""IA"", ""Drones Mensajeros"", ""Realidad Aumentada"", ""Brain-Computer Interfaces"", ""GPS"", ""GSM""]",[],"[""Estados Unidos"", ""Colombia"", ""Canadá"", ""Australia"", ""España"", ""Unión Europea""]","[""CRC"", ""ACMA"", ""Aerocivil"", ""AESA"", ""AFTRA"", ""AMPTP"", ""ANIA"", ""BID"", ""CEPAL"", ""CRTC"", ""DNP"", ""DoD"", ""EASA"", ""ENAC"", ""ENAV"", ""FAA"", ""FCC"", ""FEM"", ""FTC"", ""IBM"", ""ICAO"", ""IEEE""]","[""Reguladores"", ""Operadores móviles"", ""Fabricantes"", ""Organismos internacionales"", ""Industria satelital"", ""Desarrolladores de IA"", ""Productores de cine y televisión"", ""Artistas de radio y televisión"", ""Agencias de seguridad aérea""]","[""Otro""]",Nota técnica,"Conectividad satelital, NTN y D2D; tecnologías: 5G, 6G, Open RAN, NTN.",8,Alta,2,10,"Este documento es altamente relevante para la Agenda Regulatoria ANE 2027-2028 ya que proporciona un análisis exhaustivo de las tendencias tecnológicas emergentes como 5G, 6G, NTN, Open RAN e Inteligencia Artificial. Identifica áreas clave para la regulación futura, incluyendo la gestión del espectro para nuevas tecnologías, la gobernanza de la IA y el impacto de las redes no terrestres, lo cual es fundamental para la planificación estratégica y la formulación de políticas de la ANE."
d82d141ed4c575b78164,B5TELN20250004_LATAM_Telecoms_Update (1).pdf,Cullen International,pdf,Disponibilidad de espectro para IMT,Disponibilidad de espectro,Consulta sobre licitación de espectro 5G en Chile,"[""5G"", ""Redes privadas"", ""Servicios móviles avanzados""]","[""3.5 GHz"", ""3450-3500 MHz"", ""3650-3800 MHz""]","[""Chile"", ""LATAM""]","[""Subtel"", ""Cullen International""]","[""Reguladores"", ""Operadores móviles"", ""Industria"", ""Stakeholders""]","[""Consulta pública""]",Ajuste a iniciativa existente,"Disponibilidad de espectro para IMT; tecnologías: 5G, Redes privadas, Servicios móviles avanzados; bandas: 3.5 GHz, 3450-3500 MHz, 3650-3800 MHz.",10,Alta,3,13,"Este documento es altamente relevante para la Agenda Regulatoria ANE 2027-2028 porque aborda directamente la gestión del espectro radioeléctrico para 5G, la asignación de bandas de frecuencia clave (3.5 GHz), la regulación de redes privadas y la seguridad de red. Las preguntas planteadas por Subtel sobre la suficiencia del espectro, las obligaciones de despliegue y los topes de espectro ofrecen una perspectiva valiosa sobre los desafíos y consideraciones regulatorias actuales en la región, que pueden informar decisiones similares para Colombia."
3b88077f3e9d5f9135e6,B5TELN20250004_LATAM_Telecoms_Update.pdf,Cullen International,pdf,"Conectividad satelital, NTN y D2D",Conectividad satelital,Regulación de comunicaciones satelitales Direct-to-Device (D2D) en bandas IMT en Chile,"[""D2D"", ""IMT (International Mobile Telecommunications)"", ""Redes satelitales"", ""Redes móviles terrestres"", ""Roaming móvil""]","[""Bandas IMT""]","[""Chile"", ""LATAM"", ""Americas""]","[""Subtel"", ""Cullen International""]","[""Reguladores"", ""Operadores de redes móviles"", ""Operadores satelitales""]","[""Tasas / fees""]",Nota técnica,"Conectividad satelital, NTN y D2D; tecnologías: D2D, IMT (International Mobile Telecommunications), Redes satelitales, Redes móviles terrestres; bandas: Bandas IMT.",10,Alta,3,13,"El documento es altamente relevante para la Agenda Regulatoria ANE 2027-2028 al presentar un caso práctico de regulación de comunicaciones satelitales Direct-to-Device (D2D) en bandas IMT. Muestra cómo un regulador aborda la integración de nuevas tecnologías, el uso secundario del espectro, la gestión de interferencias y la expansión de la conectividad, aspectos cruciales para la planificación del espectro y la evolución regulatoria en Colombia."
a5f9423006ed060be428,B5TELN20260001_LATAM_Telecoms_Update (1).pdf,Cullen International,pdf,"6 GHz, Wi-Fi e IMT",Disponibilidad de espectro,Planificación y subastas de espectro radioeléctrico en Brasil,[],"[""6 GHz"", ""450 MHz""]","[""Brasil"", ""LATAM""]","[""Anatel"", ""Cullen International""]","[""Reguladores"", ""Consultoras""]","[""Subasta""]",Seguimiento,"6 GHz, Wi-Fi e IMT; bandas: 6 GHz, 450 MHz.",9,Alta,3,12,"El documento detalla la planificación de espectro y las subastas de bandas clave (6 GHz, 450 MHz) por parte de Anatel en Brasil para el periodo 2026-2036. Esto ofrece un benchmark regional y tendencias regulatorias sobre la gestión del espectro, la asignación de bandas y la revocación de licencias por subutilización, información crucial para la formulación de la Agenda Regulatoria ANE 2027-2028 en Colombia."
a5e3d0e131e8114915e2,B5TELN20260001_LATAM_Telecoms_Update (2).pdf,Cullen International,pdf,"Conectividad satelital, NTN y D2D",Conectividad satelital,Expansión de conectividad satelital directa a dispositivo en Chile,"[""D2D"", ""NTN"", ""VoLTE"", ""Redes móviles terrestres""]",[],"[""Chile"", ""Perú"", ""LATAM""]","[""Entel"", ""Starlink"", ""Subtel""]","[""Operadores móviles"", ""Industria satelital"", ""Reguladores""]","[""Otro""]",Nota técnica,"Conectividad satelital, NTN y D2D; tecnologías: D2D, NTN, VoLTE, Redes móviles terrestres.",9,Alta,3,12,"Este documento es altamente relevante para la Agenda Regulatoria ANE 2027-2028 porque aborda la gestión del espectro para servicios satelitales D2D, la expansión de la conectividad en zonas sin cobertura terrestre y la interacción entre operadores móviles y proveedores satelitales. Estos temas son cruciales para la formulación de políticas sobre nuevas tecnologías inalámbricas, uso eficiente del espectro y la regulación de redes no terrestres (NTN), impactando directamente la conectividad y la inclusión digital."
69f8aa318b51dbcaa95f,B5TELN20260001_LATAM_Telecoms_Update (3).pdf,Cullen International,pdf,Disponibilidad de espectro para IMT,Disponibilidad de espectro,Consulta sobre la banda de 600 MHz para IMT en Chile,"[""4G"", ""5G"", ""IMT"", ""Banda ancha móvil""]","[""600 MHz""]","[""Chile"", ""LATAM""]","[""Subtel"", ""Cullen International""]","[""Reguladores"", ""Operadores móviles"", ""Stakeholders""]","[""Consulta pública"", ""Asignación de espectro""]",Ajuste a iniciativa existente,"Disponibilidad de espectro para IMT; tecnologías: 4G, 5G, IMT, Banda ancha móvil; bandas: 600 MHz.",10,Alta,3,13,"El documento es altamente relevante para la Agenda Regulatoria ANE 2027-2028 porque aborda directamente la gestión del espectro radioeléctrico, la asignación de bandas de frecuencia (600 MHz), y el soporte para tecnologías clave como 4G y 5G. La consulta pública de Subtel sobre la reasignación de espectro y la coexistencia de servicios ofrece un precedente regulatorio y técnico valioso para la planificación del espectro en Colombia, permitiendo a la ANE anticipar tendencias y desafíos en la región."
6df6c5ef41d592a3aa7e,B5TELN20260001_LATAM_Telecoms_Update (4).pdf,Cullen International,pdf,Disponibilidad de espectro para IMT,Disponibilidad de espectro,Aprobación del programa de uso del espectro radioeléctrico en México para 2026,"[""5G"", ""Radio AM"", ""Radio FM"", ""Televisión Digital Terrestre (DTT)"", ""Telecomunicaciones inalámbricas fijas"", ""Telecomunicaciones inalámbricas móviles""]","[""600 MHz"", ""Frecuencias de radio AM"", ""Frecuencias de radio FM"", ""Canales de televisión digital terrestre""]","[""México""]","[""Telecommunications Regulatory Commission (CRT)"", ""Cullen International""]","[""Reguladores"", ""Operadores móviles"", ""Industria de telecomunicaciones""]","[""Otro""]",Ajuste a iniciativa existente,"Disponibilidad de espectro para IMT; tecnologías: 5G, Radio AM, Radio FM, Televisión Digital Terrestre (DTT); bandas: 600 MHz, Frecuencias de radio AM, Frecuencias de radio FM, Canales de televisión digital terrestre.",10,Alta,3,13,"El documento es altamente relevante porque detalla un programa anual de uso del espectro radioeléctrico en México, un país de la región LATAM. Aborda la gestión del espectro, la asignación de bandas para diversas tecnologías (incluyendo 5G en 600 MHz), y la acción de un regulador de telecomunicaciones. Esta información es crucial para entender las tendencias regulatorias y de asignación de espectro en la región, lo cual es directamente aplicable a la formulación de la Agenda Regulatoria ANE 2027-2028 en temas de espectro, 5G y nuevas tecnologías."
f2194d018717c773e718,B5TELN20260001_LATAM_Telecoms_Update (5).pdf,Cullen International,pdf,Otros temas de seguimiento,Necesidades transversales,Regulación de alertas de emergencia móvil en México,"[""Alertas de emergencia móvil"", ""3GPP"", ""Teléfonos móviles""]",[],"[""México"", ""LATAM""]","[""Telecommunications Regulatory Commission (CRT)"", ""IFT"", ""Cullen International""]","[""Reguladores"", ""Fabricantes de dispositivos"", ""Operadores móviles"", ""Coordinador Nacional de Protección Civil""]","[""Consulta pública""]",No prioritario,"Otros temas de seguimiento; tecnologías: Alertas de emergencia móvil, 3GPP, Teléfonos móviles.",5,Media,3,8,"El documento aborda un cambio regulatorio muy específico en México sobre la nomenclatura de las alertas de emergencia móvil. Aunque involucra a un regulador de telecomunicaciones y dispositivos móviles, no trata temas estratégicos de gestión del espectro, nuevas tecnologías inalámbricas (5G, 6G, IoT), conectividad o tendencias tecnológicas que sean directamente aplicables a la formulación de la Agenda Regulatoria ANE 2027-2028."
58e1bc2c3b45e3fabd73,B5TELN20260001_LATAM_Telecoms_Update (6).pdf,Cullen International,pdf,Disponibilidad de espectro para IMT,Disponibilidad de espectro,Plan de Subasta de Espectro en México para Banda Ancha Móvil y 5G,"[""5G"", ""Banda Ancha Móvil"", ""Redes inalámbricas""]","[""600 MHz"", ""800 MHz"", ""1.9 GHz PCS"", ""2.5 GHz"", ""AWS"", ""Band L""]","[""México""]","[""CRT"", ""Cullen International""]","[""Reguladores"", ""Operadores móviles"", ""Industria"", ""Sociedad civil"", ""Operadores regionales y locales""]","[""Subasta""]",Ajuste a iniciativa existente,"Disponibilidad de espectro para IMT; tecnologías: 5G, Banda Ancha Móvil, Redes inalámbricas; bandas: 600 MHz, 800 MHz, 1.9 GHz PCS, 2.5 GHz.",10,Alta,3,13,"Este documento es altamente relevante para la Agenda Regulatoria ANE 2027-2028 porque presenta un caso concreto de planificación y ejecución de una subasta de espectro para 5G y banda ancha móvil en la región LATAM (México). Ofrece información sobre bandas de frecuencia prioritarias, objetivos regulatorios (brecha digital, competencia), mecanismos para reducir barreras de entrada y la importancia de la participación de actores. Estos elementos son cruciales para informar decisiones sobre la gestión del espectro, la promoción de nuevas tecnologías y la formulación de políticas regulatorias futuras en Colombia."
85399f9bc772d52778a0,B5TELN20260001_LATAM_Telecoms_Update.pdf,Cullen International,pdf,Disponibilidad de espectro para IMT,Disponibilidad de espectro,Subasta de espectro radioeléctrico en Brasil para servicios móviles y fijos,"[""Servicios móviles"", ""Servicios fijos"", ""Conectividad""]","[""700 MHz"", ""3.5 GHz""]","[""Brasil"", ""LATAM""]","[""Anatel"", ""Cullen International""]","[""Reguladores"", ""Operadores móviles"", ""Operadores de servicios fijos"", ""Industria de telecomunicaciones""]","[""Subasta""]",Ajuste a iniciativa existente,"Disponibilidad de espectro para IMT; tecnologías: Servicios móviles, Servicios fijos, Conectividad; bandas: 700 MHz, 3.5 GHz.",10,Alta,3,13,"El documento es altamente relevante para la Agenda Regulatoria ANE 2027-2028 porque detalla un proceso de subasta de espectro en Brasil, un país de la región, para bandas clave como 700 MHz y 3.5 GHz. Proporciona información sobre modelos de asignación (regional), obligaciones de cobertura (carreteras, despliegue a cinco años) y precios de reserva, lo cual es útil para analizar tendencias regulatorias, estrategias de gestión del espectro y políticas de conectividad en América Latina. Permite a la ANE comparar enfoques y considerar posibles implementaciones o adaptaciones en Colombia."
e9198bbc9499460b070a,CTSPEU20250041_Spectrum_policy_documents_and_national_5G_targets.pdf,Cullen International,pdf,Disponibilidad de espectro para IMT,Disponibilidad de espectro,Políticas de espectro y objetivos nacionales de 5G en Europa,"[""5G"", ""6G"", ""FTTH"", ""Gigabit network"", ""Mobile broadband"", ""3G"", ""4G"", ""DTT"", ""Next-generation wireless high-speed networks""]","[""700 MHz"", ""3.4–3.8 GHz"", ""26 GHz"", ""470–694 MHz"", ""2.1 GHz"", ""Low bands"", ""Mid bands"", ""High bands""]","[""European Commission"", ""EU member states"", ""Austria"", ""Belgium"", ""Czech Republic"", ""Denmark"", ""Finland"", ""France"", ""Germany"", ""Greece"", ""Hungary"", ""Ireland"", ""Italy"", ""Netherlands"", ""Poland"", ""Latvia"", ""Romania"", ""Nordic-Baltic region""]","[""European Commission"", ""Cullen International"", ""BIPT"", ""CTU"", ""Ministry for Energy, Utilities and Climate (Denmark)"", ""ARCEP"", ""BNetzA"", ""EETT"", ""NMHH"", ""ComReg"", ""UKE"", ""European Parliament"", ""Council"", ""DESI"", ""ANFR"", ""Traficom""]","[""Reguladores nacionales"", ""Gobiernos"", ""Operadores móviles"", ""Organismos internacionales"", ""Consultoras/Analistas""]","[""Asignación de espectro""]",Ajuste a iniciativa existente,"Disponibilidad de espectro para IMT; tecnologías: 5G, 6G, FTTH, Gigabit network; bandas: 700 MHz, 3.4–3.8 GHz, 26 GHz, 470–694 MHz.",10,Alta,3,13,"Este documento es altamente relevante para la Agenda Regulatoria ANE 2027-2028, ya que proporciona un panorama detallado de las políticas de espectro, estrategias de despliegue 5G, objetivos de cobertura y marcos regulatorios en Europa. Incluye menciones a bandas de frecuencia clave, la evolución hacia 6G y la importancia de la neutralidad tecnológica, ofreciendo valiosos puntos de referencia y tendencias internacionales para la formulación de futuras regulaciones en Colombia."
d28c0242305c5078cf57,CTSPEU20250048_Spectrum_sharing.pdf,Cullen International,pdf,"Conectividad satelital, NTN y D2D",Conectividad satelital,Compartición de espectro radioeléctrico y sus modelos regulatorios,"[""5G"", ""LTE"", ""2G/3G/4G"", ""Redes de acceso radio (RAN sharing)"", ""Redes de núcleo multi-operador (MOCN)"", ""Radio cognitiva"", ""Banda ancha inalámbrica""]","[""700 MHz"", ""800 MHz"", ""900 MHz"", ""1427–1518 MHz"", ""1800 MHz"", ""2.1 GHz"", ""2.3–2.4 GHz"", ""2.6 GHz"", ""3.5 GHz"", ""3.8–4.2 GHz"", ""5 GHz"", ""5.8 GHz"", ""24.25–26.5 GHz"", ""26 GHz"", ""57–66 GHz"", ""UHF""]","[""Unión Europea"", ""Austria"", ""Bélgica"", ""República Checa"", ""Dinamarca"", ""Finlandia"", ""Francia"", ""Hungría"", ""Italia"", ""Eslovaquia"", ""España"", ""Suecia"", ""Reino Unido""]","[""Radio Spectrum Policy Group (RSPG)"", ""Comisión Europea"", ""Cullen International"", ""TKK (Austria)"", ""Hutchison"", ""T-Mobile"", ""Citimesh Air"", ""Digi Communications Belgium"", ""Citimesh Mobile"", ""Network Research Belgium"", ""e-BO Enterprises"", ""Proximus"", ""BIPT (Bélgica)"", ""CTU (República Checa)"", ""TT-Network"", ""Telenor"", ""Telia"", ""DNA"", ""Elisa"", ""Ukkoverkot (Boldyn Networks)"", ""ARCEP (Francia)"", ""Nomotech"", ""Microsoft"", ""ANFR (Francia)"", ""Wind-Tre"", ""Iliad"", ""Fastweb"", ""Red Technologies""]","[""Reguladores"", ""Operadores de redes móviles (MNOs)"", ""Usuarios incumbentes"", ""Autoridades de competencia"", ""Fabricantes"", ""Industria satelital (no explícito, pero relevante para espectro)"", ""Empresas conjuntas"", ""Militares"", ""Radiodifusores""]","[""Compartición de espectro""]",Nota técnica,"Conectividad satelital, NTN y D2D; tecnologías: 5G, LTE, 2G/3G/4G, Redes de acceso radio (RAN sharing); bandas: 700 MHz, 800 MHz, 900 MHz, 1427–1518 MHz.",10,Alta,3,13,"Este documento es altamente relevante para la Agenda Regulatoria ANE 2027-2028, ya que proporciona un análisis exhaustivo de los modelos de compartición de espectro y sus implicaciones regulatorias. Ofrece ejemplos prácticos y enfoques adoptados en Europa, lo cual es crucial para la formulación de políticas que promuevan el uso eficiente del espectro, la introducción de nuevas tecnologías como 5G y la mejora de la conectividad en Colombia, considerando las tendencias internacionales y las mejores prácticas regulatorias."
89eafcf41cf4c13fa3d6,CTSPEU20260001_Regulation_of_the_upper_6_GHz_band.pdf,Cullen International,pdf,"Conectividad satelital, NTN y D2D",Conectividad satelital,Regulación y asignación de la banda superior de 6 GHz en Europa,"[""Wi-Fi"", ""5G"", ""6G"", ""Tecnologías móviles"", ""Enlaces fijos"", ""Servicio fijo por satélite"", ""Cámaras inalámbricas"", ""Sistemas de transporte inteligentes"", ""Dispositivos de corto alcance (SRD)"", ""Sistemas de coordinación de frecuencia automatizada (AFC)""]","[""6 GHz"", ""5945–6425 MHz"", ""6585–7125 MHz"", ""6425–6585 MHz"", ""2.3 GHz"", ""2.6 GHz"", ""700 MHz"", ""800 MHz"", ""900 MHz"", ""1500 MHz"", ""1800 MHz"", ""2.1 GHz"", ""3.5 GHz""]","[""Europa"", ""Francia"", ""Alemania"", ""Reino Unido"", ""Austria"", ""Bélgica"", ""República Checa"", ""Dinamarca"", ""Finlandia"", ""Grecia"", ""Hungría"", ""Irlanda"", ""Italia"", ""Países Bajos"", ""Polonia"", ""Portugal"", ""Rumanía"", ""Eslovaquia"", ""Eslovenia"", ""España"", ""Suecia"", ""Suiza""]","[""Cullen International"", ""Radio Spectrum Policy Group (RSPG)"", ""European Conference of Postal and Telecommunications Administrations (CEPT)"", ""Conferencia Mundial de Radiocomunicaciones 2027 (WRC-27)"", ""Ofcom"", ""TKK"", ""CTU"", ""Traficom"", ""ARCEP"", ""BNetzA"", ""NMHH"", ""ComReg"", ""PTS"", ""BAKOM""]","[""Reguladores nacionales"", ""Reguladores europeos"", ""Operadores móviles"", ""Industria Wi-Fi"", ""Industria satelital"", ""Fabricantes"", ""Operadores de redes de comunicaciones públicas"", ""Industria de enlaces fijos"", ""Stakeholders""]","[""Asignación de espectro"", ""Compartición de espectro"", ""Armonización internacional""]",Nota técnica,"Conectividad satelital, NTN y D2D; tecnologías: Wi-Fi, 5G, 6G, Tecnologías móviles; bandas: 6 GHz, 5945–6425 MHz, 6585–7125 MHz, 6425–6585 MHz.",10,Alta,3,13,"Este documento es altamente relevante para la Agenda Regulatoria ANE 2027-2028 porque aborda directamente la gestión y asignación de una banda de espectro crítica (6 GHz) para el desarrollo de futuras tecnologías inalámbricas como 5G y 6G, así como Wi-Fi. Proporciona una visión de las tendencias regulatorias internacionales y europeas, los desafíos de la compartición de espectro, la migración de servicios y las estrategias nacionales, información esencial para la planificación estratégica de ANE."
79a28fb96a3cbfb9de8f,CTSPEU20260002_Licensing_in_the_traditional_mobile_bands.pdf,Cullen International,pdf,Disponibilidad de espectro para IMT,Disponibilidad de espectro,Licenciamiento de bandas móviles tradicionales en Europa,"[""GSM"", ""UMTS"", ""LTE"", ""WiMAX"", ""5G"", ""DECT""]","[""800 MHz"", ""900 MHz"", ""1800 MHz"", ""2.1 GHz"", ""2.6 GHz"", ""3.4-3.8 GHz""]","[""Europa"", ""Suiza"", ""Hungría"", ""Italia"", ""Francia"", ""Alemania"", ""Finlandia"", ""España"", ""Países Bajos"", ""Suecia"", ""Reino Unido"", ""Austria"", ""Bélgica"", ""República Checa"", ""Dinamarca"", ""Grecia"", ""Irlanda"", ""Polonia"", ""Portugal"", ""Rumanía"", ""Eslovaquia"", ""Eslovenia"", ""Åland""]","[""Cullen International"", ""Unión Europea"", ""Comisión Europea"", ""RÚ""]","[""Reguladores del espectro"", ""Operadores móviles"", ""Fabricantes"", ""Usuarios de micrófonos inalámbricos"", ""Redes de TV por cable"", ""Actores verticales""]","[""Asignación de espectro""]",Ajuste a iniciativa existente,"Disponibilidad de espectro para IMT; tecnologías: GSM, UMTS, LTE, WiMAX; bandas: 800 MHz, 900 MHz, 1800 MHz, 2.1 GHz.",10,Alta,3,13,"Este documento es altamente relevante para la Agenda Regulatoria ANE 2027-2028 porque proporciona un análisis detallado de las mejores prácticas y desafíos en la gestión y licenciamiento de bandas móviles tradicionales en Europa. Aborda temas cruciales como la eficiencia del espectro, la fragmentación, la asignación de bloques, la neutralidad tecnológica y la evolución hacia 5G. La experiencia europea, incluyendo la implementación de licencias locales y la gestión de bandas clave, ofrece valiosas lecciones y referencias para la formulación de políticas regulatorias en Colombia, especialmente en la optimización del uso del espectro existente y la preparación para futuras tecnologías."
bcc6a23b4f53d2cc7137,CTSPEU20260003_Regulation_of_the_26_GHz_band_and_higher_bands.pdf,Cullen International,pdf,"Conectividad satelital, NTN y D2D",Conectividad satelital,Regulación de bandas milimétricas para 5G en Europa,"[""5G"", ""Redes móviles"", ""FWA"", ""Industry 4.0"", ""Campus solutions"", ""Wi-Fi"", ""SRD"", ""Fixed links"", ""Point-to-point"", ""Point-to-multipoint"", ""Radar"", ""Telemetry"", ""Servicios satelitales""]","[""26 GHz"", ""24.25–27.5 GHz"", ""700 MHz"", ""3.4–3.8 GHz"", ""40.5–43.5 GHz"", ""66–71 GHz"", ""57–71 GHz"", ""57–66 GHz"", ""60 GHz"", ""37–43.5 GHz"", ""45.5–47.0 GHz"", ""47.2–48.2 GHz"", ""37.5–40.5 GHz"", ""25.5–25.9 GHz"", ""26.5–27.5 GHz"", ""24.3–24.9 GHz"", ""25,081–25,445 MHz"", ""26,089–26,453 MHz"", ""24.65–27.5 GHz"", ""24.25–24.65 GHz"", ""57–59 GHz"", ""59–71 GHz"", ""25.1–27.5 GHz"", ""24.25–25.1 GHz"", ""24.65–25.25 GHz"", ""24.5–26.45 GHz"", ""24.5–26.5 GHz"", ""24.7–27.1 GHz"", ""24.3–24.7 GHz"", ""27.1–27.5 GHz""]","[""Europa"", ""Reino Unido"", ""Bulgaria"", ""Croacia"", ""Estonia"", ""Estados miembros de la UE"", ""Austria"", ""Bélgica"", ""República Checa"", ""Dinamarca"", ""Finlandia"", ""Francia"", ""Alemania"", ""Grecia"", ""Hungría"", ""Países africanos"", ""América"", ""Australia"", ""India"", ""Japón"", ""Corea del Sur"", ""Letonia"", ""Lituania"", ""Eslovenia"", ""Suecia""]","[""Cullen International"", ""Radio Spectrum Policy Group (RSPG)"", ""Comisión Europea"", ""CEPT"", ""BIPT"", ""CTU"", ""Traficom"", ""ARCEP"", ""BNetzA"", ""NMHH"", ""O2+CETIN"", ""WIA+VanCo"", ""Antenna Hungária"", ""WRC-19"", ""WRC-23""]","[""Reguladores"", ""Operadores móviles"", ""Organismos internacionales"", ""Industria satelital"", ""Usuarios existentes"", ""Mercado"", ""Militares"", ""Empresas B2B"", ""Fabricantes""]","[""Asignación de espectro"", ""Armonización internacional""]",Nota técnica,"Conectividad satelital, NTN y D2D; tecnologías: 5G, Redes móviles, FWA, Industry 4.0; bandas: 26 GHz, 24.25–27.5 GHz, 700 MHz, 3.4–3.8 GHz.",10,Alta,3,13,"Este documento es altamente relevante para la Agenda Regulatoria ANE 2027-2028 porque proporciona un análisis detallado de la gestión y regulación de bandas milimétricas (26 GHz y superiores) para 5G en Europa, incluyendo tendencias de licenciamiento (nacional, local, experimental), demanda de mercado, armonización internacional y el rol de organismos como RSPG, CEPT y WRC. Ofrece información crucial sobre la identificación de espectro, coexistencia de servicios y el desarrollo de nuevas tecnologías inalámbricas, lo cual es fundamental para la planificación estratégica del espectro en Colombia."
ded2b2538d6b65a54781,CTSPEU20260004_Regulation_of_the_23_GHz_band.pdf,Cullen International,pdf,Disponibilidad de espectro para IMT,Disponibilidad de espectro,Regulación y uso de la banda de 2.3 GHz en Europa,"[""LTE"", ""5G"", ""Banda ancha móvil"", ""Redes privadas"", ""Cámaras inalámbricas"", ""Enlaces de video"", ""Comunicaciones de drones"", ""Radioaficionados"", ""PMSE"", ""SAP/SAB"", ""ISM"", ""RFID"", ""AVI"", ""PPDR"", ""Telemetría"", ""MMDS""]","[""2.3 GHz"", ""2.6 GHz""]","[""Europa"", ""Australia"", ""Brasil"", ""Indonesia"", ""Nueva Zelanda"", ""Reino Unido"", ""Dinamarca"", ""Suecia"", ""Eslovenia"", ""Irlanda"", ""Estonia"", ""Letonia"", ""Lituania"", ""Austria"", ""Italia"", ""Finlandia"", ""España"", ""Hungría"", ""Polonia"", ""Bélgica"", ""República Checa"", ""Francia"", ""Alemania"", ""Grecia"", ""Países Bajos"", ""Portugal"", ""Rumanía"", ""Eslovaquia"", ""Suiza""]","[""CEPT"", ""Comisión Europea"", ""Radio Spectrum Committee"", ""Cullen International"", ""TKK"", ""ARCEP"", ""Ministerio de Defensa"", ""NMHH"", ""ComReg"", ""Eir"", ""Imagine"", ""BCP IV Telecommunications OPCO Limited"", ""Ministerio"", ""ANACOM"", ""AKOS"", ""T-2"", ""Telemach Slovenija"", ""CNMC"", ""Iberdrola"", ""Traficom"", ""BAKOM"", ""O2"", ""TDC""]","[""Reguladores nacionales"", ""Operadores móviles"", ""Militares"", ""Radiodifusores"", ""Industria (servicios públicos, ISM)"", ""Comunidad de radioaficionados"", ""Organismos internacionales""]","[""Subasta"", ""Compartición de espectro"", ""Armonización internacional""]",Ajuste a iniciativa existente,"Disponibilidad de espectro para IMT; tecnologías: LTE, 5G, Banda ancha móvil, Redes privadas; bandas: 2.3 GHz, 2.6 GHz.",10,Alta,3,13,"Este reporte ofrece una visión detallada del panorama regulatorio, usos actuales y planes futuros para la banda de 2.3 GHz, incluyendo modelos de compartición de espectro (LSA) y redes privadas. Proporciona información valiosa sobre tendencias internacionales, desafíos en la liberación de espectro y diferentes enfoques de asignación (subastas, licencias locales). Esta información es crucial para las decisiones estratégicas de la ANE en cuanto a la asignación de espectro, uso eficiente y marcos regulatorios para nuevas tecnologías y servicios en bandas similares para 2027-2028."
33ab622a36126e3496b9,CTSPEU20260005_Regulation_of_the_14271517_MHz_band.pdf,Cullen International,pdf,Disponibilidad de espectro para IMT,Disponibilidad de espectro,Regulación y uso de la banda 1427-1517 MHz para Supplemental Downlink (SDL) en Europa,"[""LTE"", ""5G"", ""Carrier aggregation"", ""Frequency-division duplex (FDD)"", ""Time-division duplex (TDD)"", ""Supplemental Downlink (SDL)"", ""Terrestrial digital audio broadcasting (T-DAB)"", ""IMT"", ""Spectrum sharing""]","[""1427–1517 MHz"", ""1452–1492 MHz"", ""1427–1452 MHz"", ""1492–1517 MHz"", ""1492–1518 MHz"", ""VHF"", ""6 GHz""]","[""EU"", ""Europa"", ""Austria"", ""Bélgica"", ""Dinamarca"", ""Eslovaquia"", ""Eslovenia"", ""Suiza"", ""Alemania"", ""Italia"", ""Países Bajos"", ""Rumanía"", ""Reino Unido"", ""Suecia"", ""República Checa"", ""Finlandia"", ""Francia"", ""Grecia"", ""Hungría"", ""Irlanda"", ""Polonia"", ""Portugal"", ""España"", ""Ucrania""]","[""Cullen International"", ""European Commission"", ""World Radiocommunication Conference (WRC-15)"", ""ITU"", ""CEPT"", ""CTU"", ""ARCEP"", ""BNetzA"", ""NMHH"", ""ComReg"", ""AGCOM"", ""MIMIT"", ""Ministry of Defence"", ""ANACOM"", ""RÚ"", ""PTS"", ""Ofcom"", ""Qualcomm"", ""Three"", ""Vodafone"", ""VodafoneThree""]","[""Reguladores nacionales"", ""Operadores móviles"", ""Organismos internacionales"", ""Comisión Europea"", ""Industria de radiodifusión"", ""Militares"", ""Fabricantes""]","[""Asignación de espectro"", ""Armonización internacional""]",Ajuste a iniciativa existente,"Disponibilidad de espectro para IMT; tecnologías: LTE, 5G, Carrier aggregation, Frequency-division duplex (FDD); bandas: 1427–1517 MHz, 1452–1492 MHz, 1427–1452 MHz, 1492–1517 MHz.",10,Alta,3,13,"Este documento es altamente relevante ya que proporciona un estudio de caso detallado sobre la armonización y el despliegue de una banda de frecuencia específica (1427-1517 MHz) para comunicaciones móviles, específicamente Supplemental Downlink (SDL) en redes 5G. Ilustra los desafíos en la liberación del espectro, la coexistencia con servicios heredados (militares, radioastronomía, enlaces fijos), las diversas estrategias de implementación nacional y el papel de los organismos internacionales (WRC, CE, CEPT) en la gestión del espectro. Esta información es crucial para que la ANE comprenda las tendencias internacionales, las mejores prácticas regulatorias y los posibles problemas al planificar futuras asignaciones de espectro y marcos regulatorios para nuevas tecnologías y el uso eficiente del espectro en Colombia para 2027-2028."
6cba4e1f6fe2a24a18c1,CTSPEU20260006_Regulation_of_the_700_MHz_band.pdf,Cullen International,pdf,Disponibilidad de espectro para IMT,Disponibilidad de espectro,Regulación y asignación de la banda de 700 MHz para 5G en Europa,"[""5G"", ""Banda ancha inalámbrica"", ""M2M"", ""PPDR"", ""Redes móviles"", ""4G""]","[""700 MHz"", ""3.4–3.8 GHz"", ""26 GHz"", ""703–733 MHz"", ""758–788 MHz"", ""694–703 MHz"", ""733–758 MHz"", ""698–703 MHz"", ""753–758 MHz"", ""733–736 MHz"", ""788–791 MHz"", ""738–758 MHz"", ""614–698 MHz"", ""736–753 MHz"", ""694–698 MHz"", ""736–738 MHz"", ""743–758 MHz""]","[""Europa"", ""Estados miembros de la UE"", ""Malta"", ""Hungría"", ""Suecia"", ""Portugal"", ""Rumanía"", ""España"", ""Bélgica"", ""Francia"", ""Eslovenia"", ""Austria"", ""República Checa"", ""Dinamarca"", ""Finlandia"", ""Alemania"", ""Grecia"", ""Irlanda"", ""Italia"", ""Países Bajos"", ""Polonia"", ""Eslovaquia""]","[""European Parliament"", ""Council (EU)"", ""European Commission"", ""Cullen International"", ""ASTRID"", ""BIPT"", ""ARCEP"", ""RRF"", ""Bouygues Telecom"", ""Orange"", ""Free Mobile"", ""SFR"", ""NMHH"", ""ComReg"", ""ANACOM""]","[""Reguladores"", ""Operadores móviles"", ""Entidades de radiodifusión"", ""Operadores de servicios PPDR"", ""Industria PMSE"", ""Militares""]","[""Asignación de espectro"", ""Condiciones técnicas"", ""Armonización internacional""]",Ajuste a iniciativa existente,"Disponibilidad de espectro para IMT; tecnologías: 5G, Banda ancha inalámbrica, M2M, PPDR; bandas: 700 MHz, 3.4–3.8 GHz, 26 GHz, 703–733 MHz.",10,Alta,3,13,"Este documento proporciona una visión detallada del marco regulatorio, el estado de asignación y los desafíos en el despliegue de la banda de 700 MHz para 5G y otros servicios críticos (PPDR, M2M) en países europeos. Ofrece información valiosa sobre la armonización del espectro, las variaciones en la implementación nacional y el uso de sub-bandas específicas (p. ej., SDL, PPDR, M2M, PMSE). Esta información es crucial para que la ANE comprenda las mejores prácticas internacionales, los posibles problemas y los diversos enfoques de la gestión del espectro para los servicios móviles de próxima generación, informando las decisiones para la agenda 2027-2028."
15a8878add81b46de600,CTSPEU20260007_LTE_and_5G_in_the_410430_MHz_and_450470_MHz_bands.pdf,Cullen International,pdf,Disponibilidad de espectro para IMT,Disponibilidad de espectro,Disponibilidad y uso de LTE y 5G en bandas de baja frecuencia (410-430 MHz y 450-470 MHz) en Europa,"[""LTE"", ""5G"", ""3GPP"", ""4G"", ""CDMA"", ""TETRA"", ""PMR"", ""PAMR"", ""M2M"", ""Redes privadas""]","[""410–430 MHz"", ""450–470 MHz"", ""380–470 MHz"", ""452.5–457.5 MHz"", ""462.5–467.5 MHz"", ""451–456 MHz"", ""461–466 MHz"", ""450–455 MHz"", ""460–465 MHz"", ""410–415 MHz"", ""420–425 MHz"", ""412–417 MHz"", ""422–427 MHz""]","[""Europa"", ""Austria"", ""Bélgica"", ""República Checa"", ""Dinamarca"", ""Finlandia"", ""Francia"", ""Alemania"", ""Grecia"", ""Hungría"", ""Irlanda"", ""Italia"", ""Letonia"", ""Países Bajos"", ""Noruega"", ""Polonia"", ""Portugal"", ""Rumanía"", ""Eslovaquia"", ""Eslovenia"", ""España"", ""Suecia"", ""Suiza"", ""Reino Unido"", ""Åland""]","[""Cullen International"", ""3GPP"", ""CEPT"", ""ECC"", ""Schrack"", ""Kapsch"", ""ArgoNET"", ""CTU"", ""O2"", ""EuroTel"", ""Cibicom Mobility"", ""Net1"", ""ENS"", ""Elisa"", ""Ålands Telekommunikation"", ""ARCEP"", ""BNetzA"", ""450connect"", ""OTE"", ""MVM Net"", ""ComReg"", ""ESB Networks DAC"", ""Sigma Wireless Communications"", ""Nokia"", ""Utility Connect"", ""Polkomtel"", ""Nordisk"", ""UKE"", ""PGE Systemy"", ""Polish Energy Group"", ""RÚ"", ""450 MHz Alliance"", ""Ofcom""]","[""Reguladores nacionales"", ""Operadores móviles"", ""Fabricantes de equipos"", ""Organismos de estandarización"", ""Organismos internacionales"", ""Empresas de servicios públicos/utilities"", ""Servicios de protección pública y socorro en casos de desastre (PPDR)"", ""Industria de comunicaciones críticas"", ""Usuarios especializados""]","[""Asignación de espectro"", ""Armonización internacional""]",Ajuste a iniciativa existente,"Disponibilidad de espectro para IMT; tecnologías: LTE, 5G, 3GPP, 4G; bandas: 410–430 MHz, 450–470 MHz, 380–470 MHz, 452.5–457.5 MHz.",10,Alta,3,13,"El documento es altamente relevante para la Agenda Regulatoria ANE 2027-2028 porque aborda la gestión del espectro en bandas bajas, el uso eficiente para comunicaciones críticas y redes privadas (verticales), y la implementación de nuevas tecnologías como LTE y 5G en contextos específicos. Proporciona un benchmark de las decisiones regulatorias y de licenciamiento en Europa, ofreciendo insights sobre modelos de asignación, casos de éxito y desafíos que pueden informar la formulación de políticas y regulaciones para el espectro en Colombia, especialmente en lo referente a la optimización de bandas sub-GHz para servicios especializados y la conectividad de sectores estratégicos."
8f71d669ab030ed13a9b,CTSPEU20260008_Refarming_the_3438_GHz_band_for_5G.pdf,Cullen International,pdf,"Conectividad satelital, NTN y D2D",Conectividad satelital,Reorganización y asignación de la banda 3.4-3.8 GHz para 5G en Europa.,"[""5G"", ""Redes privadas"", ""FWA"", ""Radars"", ""Amateur radio"", ""Satélites""]","[""3.4-3.8 GHz"", ""3.5 GHz"", ""700 MHz"", ""26 GHz"", ""3.7-3.8 GHz""]","[""Europa"", ""Austria"", ""Bélgica"", ""República Checa"", ""Dinamarca"", ""Finlandia"", ""Francia"", ""Alemania"", ""Grecia"", ""Hungría"", ""Irlanda"", ""Italia"", ""Países Bajos"", ""Polonia"", ""Portugal"", ""Rumanía"", ""Eslovaquia"", ""Eslovenia"", ""Reino Unido"", ""España"", ""Suecia"", ""Suiza""]","[""1&1"", ""3"", ""A1"", ""AGCOM"", ""ANACOM"", ""ARCEP"", ""Ålcom"", ""BASE"", ""BIPT"", ""BNetzA"", ""Bouygues Telecom"", ""Comisión Europea"", ""ComReg"", ""Cosmote"", ""Cullen International"", ""Dense Air"", ""DIGI"", ""DNA"", ""Drei"", ""eir"", ""Elisa"", ""Fastweb"", ""Free Mobile"", ""Holding Graz"", ""Iliad"", ""Imagine"", ""Incrate"", ""KPN"", ""Liwest"", ""Magenta"", ""Magyar Telekom"", ""MEO"", ""Network Research Belgium"", ""Nordic Telecom 5G"", ""NOS"", ""Nova"", ""O2"", ""O2 Slovakia"", ""Odido"", ""One"", ""Orange"", ""Orange Slovakia"", ""Poda"", ""Play"", ""Plus"", ""Proximus"", ""Rural Connect"", ""Salzburg AG"", ""SFR"", ""Slovak Telekom"", ""Spusu"", ""Swan"", ""T-2"", ""TDC"", ""Telekom"", ""Telemach"", ""Telenor"", ""Telia Finland"", ""Three"", ""TIM"", ""TT-Netværket"", ""Vodafone"", ""Vodafone Ziggo"", ""Wind Tre"", ""Yettel HU""]","[""Reguladores"", ""Operadores móviles"", ""Proveedores de banda ancha inalámbrica"", ""Proveedores regionales de banda ancha inalámbrica"", ""Nuevos entrantes"", ""Industria satelital"", ""Industria vertical""]","[""Subasta"", ""Refarming"", ""Asignación de espectro""]",Nota técnica,"Conectividad satelital, NTN y D2D; tecnologías: 5G, Redes privadas, FWA, Radars; bandas: 3.4-3.8 GHz, 3.5 GHz, 700 MHz, 26 GHz.",10,Alta,3,13,"Este documento es altamente relevante para la Agenda Regulatoria ANE 2027-2028 porque proporciona un análisis detallado de las estrategias de gestión y asignación de espectro para 5G en la banda de 3.4-3.8 GHz en Europa. Ofrece información valiosa sobre las decisiones regulatorias, los resultados de las subastas, la disponibilidad de espectro para redes privadas y la armonización técnica. Estos datos son cruciales para informar las futuras decisiones de ANE sobre la planificación del espectro, la promoción de nuevas tecnologías y la formulación de políticas regulatorias en Colombia, especialmente en bandas medias clave para 5G."
869d593f9a2537ddf627,CTSPEU20260009_Spectrum_for_local_5G_networks.pdf,Cullen International,pdf,Disponibilidad de espectro para IMT,Disponibilidad de espectro,Gestión del espectro para redes 5G locales y privadas,"[""5G"", ""Wi-Fi"", ""Wireless Broadband (WBB LMP)"", ""Radio altímetros"", ""Network slicing"", ""Drones""]","[""3.4–3.8 GHz"", ""26 GHz"", ""3.8–4.2 GHz"", ""2.3 GHz"", ""1800 MHz"", ""40 GHz"", ""2.6 GHz"", ""3.3–4.2 GHz"", ""4.2–4.4 GHz"", ""Rango de banda media (2–7 GHz)"", ""Por debajo de 1 GHz""]","[""Alemania"", ""Reino Unido"", ""Francia"", ""República Checa"", ""Dinamarca"", ""Finlandia"", ""Grecia"", ""Italia"", ""Austria"", ""Bélgica"", ""Países Bajos"", ""Eslovenia"", ""España"", ""Suecia"", ""Suiza"", ""Polonia"", ""Hungría"", ""Irlanda"", ""Eslovaquia"", ""Europa""]","[""Cullen International"", ""Comisión Europea"", ""EASA (European Union Aviation Safety Agency)"", ""BEREC (Body of European Regulators for Electronic Communications)"", ""TKK (Regulador Austriaco)"", ""BIPT (Regulador Belga)"", ""CentroNet"", ""T-Mobile"", ""O2"", ""SDFI (Agencia Danesa)"", ""TT-Network"", ""Århus Port"", ""Copenhagen Airport"", ""Kastrup"", ""Roskilde Airport"", ""DIGST (Agencia Danesa)"", ""CEPT"", ""Traficom (Regulador Finlandés)"", ""ARCEP (Regulador Francés)""]","[""Operadores de redes móviles"", ""Industrias verticales"", ""Reguladores"", ""Propietarios de terrenos"", ""Licenciatarios nacionales"", ""Terceros"", ""Clientes"", ""Instituciones públicas"", ""Fabricantes"", ""Operadores de aeronaves""]","[""Asignación de espectro"", ""Compartición de espectro""]",Ajuste a iniciativa existente,"Disponibilidad de espectro para IMT; tecnologías: 5G, Wi-Fi, Wireless Broadband (WBB LMP), Radio altímetros; bandas: 3.4–3.8 GHz, 26 GHz, 3.8–4.2 GHz, 2.3 GHz.",10,Alta,3,13,"El documento es altamente relevante para la Agenda Regulatoria ANE 2027-2028 porque aborda directamente la gestión del espectro para redes 5G locales y privadas, un tema crucial para la diversificación del uso del espectro y el fomento de la innovación industrial. Proporciona ejemplos concretos de bandas de frecuencia, esquemas de licenciamiento, mecanismos de compartición de espectro y desafíos de coexistencia, así como las tendencias regulatorias en Europa, lo cual es fundamental para informar decisiones sobre la asignación de espectro, la promoción de nuevas tecnologías y la formulación de políticas de compartición en Colombia."
cc6c9b1b8cb2b4ad342c,CTSPEU20260010_Overview_of_spectrum_bands.pdf,Cullen International,pdf,"Conectividad satelital, NTN y D2D",Conectividad satelital,Panorama de bandas de espectro para tecnologías móviles y Wi-Fi en Europa y América,"[""LTE"", ""5G"", ""Wi-Fi"", ""GSM"", ""UMTS"", ""NTN"", ""Satélites (MSS)"", ""Intelligent Transport Systems (ITS)"", ""DVB-T"", ""DAB radio""]","[""450 MHz"", ""600 MHz"", ""700 MHz"", ""800 MHz"", ""850 MHz"", ""900 MHz"", ""1500 MHz"", ""1600/2400 MHz"", ""1800 MHz"", ""1900 MHz"", ""AWS band"", ""2.1 GHz"", ""2 GHz MSS"", ""2.3 GHz"", ""2.4 GHz"", ""2.6 GHz"", ""3.5 GHz"", ""4.4–5.0 GHz"", ""5 GHz"", ""5.9 GHz"", ""6 GHz"", ""10–30 GHz"", "">24 GHz"", ""mmWave"", ""26 GHz"", ""37 GHz"", ""47 GHz"", ""57-71 GHz"", ""HF"", ""VHF"", ""UHF"", ""L-band"", ""S-band"", ""C-band"", ""X-band"", ""banda Ku"", ""K-band"", ""banda Ka"", ""V-band"", ""W-band"", ""G-band"", ""E-band"", ""D-Band"", ""T-Band""]","[""Europa"", ""Américas"", ""Estados Unidos"", ""Canadá"", ""Brasil"", ""Chile"", ""Asia"", ""África"", ""Oceanía"", ""Unión Europea""]","[""Cullen International"", ""3GPP"", ""IEEE"", ""Asia-Pacific Telecommunity (APT)""]","[""Reguladores"", ""Operadores móviles"", ""Industria satelital"", ""Fabricantes"", ""Organismos internacionales"", ""Radiodifusores""]","[""Subasta""]",Nota técnica,"Conectividad satelital, NTN y D2D; tecnologías: LTE, 5G, Wi-Fi, GSM; bandas: 450 MHz, 600 MHz, 700 MHz, 800 MHz.",10,Alta,3,13,"El documento es altamente relevante porque detalla las bandas de espectro utilizadas globalmente para 5G, LTE y Wi-Fi, incluyendo las designadas para NTN y mmWave. Proporciona información comparativa entre Europa y América, identificando tendencias regulatorias y de uso que son fundamentales para la planificación y formulación de la Agenda Regulatoria ANE 2027-2028 en materia de gestión del espectro, asignación de bandas y adopción de nuevas tecnologías."
d212ae998a96f2acf7ac,CTSPEU20260011_Regulation_of_Wi-Fi_bands.pdf,Cullen International,pdf,Disponibilidad de espectro para IMT,Disponibilidad de espectro,Regulación de bandas Wi-Fi en Europa,"[""Wi-Fi"", ""IEEE 802.11"", ""Bluetooth"", ""Zigbee"", ""LTE"", ""5G"", ""WAS/RLANs"", ""SRD""]","[""2.4 GHz"", ""5 GHz"", ""6 GHz"", ""60 GHz"", ""863–868 MHz"", ""902–928 MHz"", ""3655–3695 MHz"", ""4900–5000 MHz"", ""5725–5875 MHz"", ""5875–5935 MHz""]","[""Europa"", ""Reino Unido"", ""Estados Unidos"", ""Japón"", ""Austria"", ""Bélgica"", ""República Checa"", ""Dinamarca"", ""Finlandia"", ""Francia"", ""Alemania"", ""Grecia"", ""Hungría"", ""Irlanda"", ""Italia"", ""Países Bajos"", ""Polonia""]","[""Cullen International"", ""Comisión Europea"", ""Radio Spectrum Committee (RSC)"", ""UIT (WRC-23)"", ""IEEE"", ""ARCEP"", ""BNetzA"", ""EETT"", ""NMHH"", ""ComReg"", ""Traficom"", ""BIPT""]","[""Reguladores"", ""Comisión Europea"", ""Organismos internacionales"", ""Fabricantes de equipos"", ""Usuarios finales"", ""Industria automotriz"", ""Industria aeronáutica"", ""Industria ferroviaria""]","[""Asignación de espectro"", ""Armonización internacional""]",Ajuste a iniciativa existente,"Disponibilidad de espectro para IMT; tecnologías: Wi-Fi, IEEE 802.11, Bluetooth, Zigbee; bandas: 2.4 GHz, 5 GHz, 6 GHz, 60 GHz.",10,Alta,3,13,"El documento es altamente relevante para la Agenda Regulatoria ANE 2027-2028 porque ofrece un análisis exhaustivo de la regulación de bandas Wi-Fi en Europa, incluyendo la armonización del espectro, la implementación de decisiones regulatorias y el uso de nuevas tecnologías inalámbricas en diversos entornos (vehículos, aeronaves). Proporciona información clave sobre bandas de frecuencia (2.4, 5, 6, 60 GHz), límites de potencia, y la Directiva de Equipos Radioeléctricos. La comparación con otras regiones y las menciones a la WRC-23 son cruciales para entender las tendencias globales y la gestión eficiente del espectro, apoyando la formulación de políticas para la conectividad y la adopción de tecnologías futuras en Colombia."
70c2045fdc90608d21d6,CTSPEU20260012_Direct-to-device_satellite_services_in_terrestrial_IMT_bands.pdf,Cullen International,pdf,"Conectividad satelital, NTN y D2D",Conectividad satelital,Regulación de servicios satelitales directos a dispositivos (D2D) en bandas IMT terrestres,"[""D2D"", ""Direct-to-cell (D2C)"", ""Direct-to-handset (D2H)"", ""LTE (4G)"", ""5G"", ""LEO"", ""NTN"", ""Smartphones""]","[""Bandas IMT terrestres"", ""Bandas de espectro MSS"", ""800 MHz"", ""900 MHz"", ""1800 MHz"", ""2.1 GHz"", ""2.6 GHz""]","[""Europa"", ""Unión Europea (EU)"", ""Reino Unido"", ""Austria"", ""Bélgica"", ""República Checa"", ""Dinamarca"", ""Finlandia"", ""Francia"", ""Alemania"", ""Grecia"", ""Hungría"", ""Irlanda"", ""Italia"", ""Países Bajos"", ""Polonia"", ""Portugal"", ""Rumanía"", ""Eslovaquia"", ""Eslovenia"", ""España"", ""Suecia"", ""Suiza"", ""Américas""]","[""Cullen International"", ""European Commission"", ""CEPT"", ""RSPG"", ""RSC"", ""ITU"", ""RTR"", ""BIPT"", ""Traficom"", ""Deutsche Telekom"", ""Starlink"", ""Skylo"", ""Cosmote"", ""ComReg"", ""CK Hutchinson"", ""WindTre"", ""Satellite Connect Europe"", ""Orange Polska"", ""AST SpaceMobile"", ""Vodafone"", ""MEO"", ""Lynk Global"", ""MasOrange"", ""PTS"", ""BAKOM"", ""Salt"", ""O2"", ""Ofcom""]","[""Reguladores nacionales"", ""Operadores móviles (MNOs)"", ""Operadores satelitales"", ""Organismos internacionales"", ""Fabricantes de smartphones"", ""Industria satelital""]","[""Compartición de espectro"", ""Armonización internacional""]",Nota técnica,"Conectividad satelital, NTN y D2D; tecnologías: D2D, Direct-to-cell (D2C), Direct-to-handset (D2H), LTE (4G); bandas: Bandas IMT terrestres, Bandas de espectro MSS, 800 MHz, 900 MHz.",10,Alta,3,13,"Este documento es altamente relevante para la Agenda Regulatoria ANE 2027-2028 porque aborda tendencias tecnológicas emergentes como los servicios satelitales D2D en bandas IMT, la gestión del espectro radioeléctrico para usos innovadores, la necesidad de nuevos marcos regulatorios para la compartición de espectro y la prevención de interferencias. La información sobre la regulación internacional (ITU, CEPT) y las experiencias de países europeos ofrece una perspectiva valiosa para la formulación de políticas y regulaciones en Colombia, especialmente en lo referente a la conectividad, 5G, NTN y el uso eficiente del espectro."
d80073e71e5a3ecd8072,CTSPEU20260013_Public_maps_of_mobile_sites_and_coverage.pdf,Cullen International,pdf,Disponibilidad de espectro para IMT,Disponibilidad de espectro,Transparencia y publicación de mapas de cobertura y sitios móviles,"[""Redes móviles"", ""2G"", ""3G"", ""4G"", ""5G"", ""LTE"", ""Radiodifusión"", ""Enlaces de microondas"", ""DVB-T""]","[""Bandas de frecuencia (mención general)""]","[""Austria"", ""Bélgica"", ""Suecia"", ""Francia"", ""Países Bajos"", ""Eslovaquia"", ""República Checa"", ""Hungría"", ""Polonia"", ""Alemania"", ""Grecia"", ""Luxemburgo"", ""España"", ""Suiza"", ""Dinamarca"", ""Finlandia"", ""Irlanda"", ""Italia"", ""Portugal"", ""Rumanía"", ""Eslovenia"", ""Reino Unido""]","[""FMK"", ""BIPT"", ""Región Flamenca"", ""Región Valona"", ""Región de Bruselas-Capital"", ""GSMweb"", ""Agencia para el Gobierno Digital (Digst)"", ""ANFR"", ""Antennesmobiles.fr"", ""Couverture-mobile.fr"", ""BNetzA"", ""EETT"", ""Comisión Griega de Energía Atómica (GAEC)"", ""Cell hunter"", ""ComReg"", ""Infratel"", ""Inwit"", ""Lteitaly"", ""Gobierno de Luxemburgo"", ""Oficina de Antenas (Antenna Bureau)"", ""Autoridad para la Infraestructura Digital"", ""Ministerio de Asuntos Económicos y Clima (Países Bajos)"", ""BTSearch"", ""Ministerio de Transporte (Eslovaquia)"", ""Ministerio para la Transformación Digital (España)"", ""Lantmäteriet"", ""BAKOM"", ""Mastdata"", ""Ofcom"", ""RTR"", ""CTU"", ""Traficom"", ""ARCEP"", ""Ariase"", ""NMHH"", ""ILR"", ""Compareweb"", ""Orange"", ""Magyar Telekom"", ""Yettel"", ""One"", ""Cullen International""]","[""Reguladores nacionales de telecomunicaciones"", ""Reguladores del espectro"", ""Autoridades de protección de campos electromagnéticos"", ""Operadores de redes móviles"", ""Asociaciones del sector móvil"", ""Gobiernos regionales y nacionales"", ""Autoridades catastrales"", ""Iniciativas privadas"", ""Empresas de torres"", ""Usuarios finales"", ""Proveedores de bases de datos comerciales""]","[""Salud / EMF""]",Ajuste a iniciativa existente,"Disponibilidad de espectro para IMT; tecnologías: Redes móviles, 2G, 3G, 4G; bandas: Bandas de frecuencia (mención general).",10,Alta,3,13,"El documento es altamente relevante para la Agenda Regulatoria ANE 2027-2028 porque aborda la transparencia y publicación de información sobre la infraestructura móvil y la cobertura, aspectos clave para la gestión del espectro y la política de telecomunicaciones. Proporciona un benchmark internacional sobre cómo los reguladores y otras entidades gestionan y presentan datos de sitios móviles, emisiones de campos electromagnéticos (EMF) y cobertura de red (incluyendo 5G). Esto es útil para evaluar mejores prácticas, considerar la implementación de mapas públicos (oficiales o crowdsourced), y definir requisitos de información para operadores, apoyando la toma de decisiones sobre el uso eficiente del espectro, la conectividad y la protección de la salud pública."
0b3b6904e22d447a7c77,CTSPEU20260014_Licence_extension_and_renewal_policy.pdf,Cullen International,pdf,Disponibilidad de espectro para IMT,Disponibilidad de espectro,Políticas de extensión y renovación de licencias de espectro en la UE,"[""Banda ancha móvil"", ""5G""]","[""700 MHz"", ""3.5 GHz"", ""900 MHz"", ""1800 MHz"", ""2.6 GHz"", ""2 GHz"", ""800 MHz"", ""2.1 GHz"", ""6 GHz"", ""3.6-3.8 GHz"", ""26 GHz""]","[""Unión Europea"", ""Reino Unido"", ""Austria"", ""Bélgica"", ""República Checa"", ""Dinamarca"", ""Finlandia"", ""Francia"", ""Alemania"", ""Grecia"", ""Hungría"", ""Irlanda"", ""Italia""]","[""Cullen International"", ""Comisión Europea"", ""Parlamento Europeo"", ""Consejo de la UE"", ""BIPT"", ""CTU"", ""ARCEP"", ""BNetzA"", ""EETT"", ""NMHH"", ""ComReg"", ""AGCOM""]","[""Reguladores nacionales (NRA)"", ""Operadores móviles"", ""Organismos internacionales"", ""Industria de telecomunicaciones""]","[""Subasta"", ""Renovación"", ""Tasas / fees"", ""Armonización internacional""]",Ajuste a iniciativa existente,"Disponibilidad de espectro para IMT; tecnologías: Banda ancha móvil, 5G; bandas: 700 MHz, 3.5 GHz, 900 MHz, 1800 MHz.",10,Alta,3,13,"Este documento ofrece una visión integral de la gestión, renovación y extensión de licencias de espectro en la UE, incluyendo ejemplos nacionales y el impacto de regulaciones europeas clave (EECC, DNA). Esta información es fundamental para comprender las mejores prácticas internacionales, las tendencias regulatorias y los posibles modelos futuros para la asignación de espectro y tarifas, lo que es directamente relevante para la formulación de la Agenda Regulatoria ANE 2027-2028 en cuanto a la previsibilidad del espectro, su uso eficiente y la dinámica del mercado."
d685d2d21a2ea31fa62c,CTSPEU20260015_Legal_basis_for_spectrum_management.pdf,Cullen International,pdf,Armonización y gestión internacional,Gestión internacional del espectro,Marco legal y regulatorio de la gestión del espectro radioeléctrico en Europa,"[""Espectro radioeléctrico"", ""Comunicaciones electrónicas"", ""Radiotelegrafía""]","[""UHF"", ""470–790 MHz""]","[""EU"", ""Austria"", ""Bélgica"", ""República Checa"", ""Dinamarca"", ""Finlandia"", ""Francia"", ""Alemania"", ""Grecia"", ""Hungría"", ""Irlanda"", ""Italia"", ""Países Bajos"", ""Polonia"", ""Portugal"", ""Rumanía"", ""Eslovaquia"", ""Eslovenia"", ""España"", ""Suecia"", ""Suiza"", ""Reino Unido""]","[""ITU"", ""European Commission"", ""European Parliament"", ""Council"", ""Radio Spectrum Policy Group (RSPG)"", ""Radio Spectrum Committee (RSC)"", ""European Conference of Postal and Telecommunications Administrations (CEPT)"", ""Cullen International"", ""ANFR"", ""BNetzA"", ""Ministry of Digital Governance"", ""NMHH"", ""Traficom"", ""Ofcom"", ""ANACOM"", ""BAKOM""]","[""Legisladores"", ""Reguladores nacionales"", ""Operadores móviles"", ""Organismos internacionales"", ""Organismos de la Unión Europea"", ""Grupos asesores"", ""Comités técnicos""]","[""Asignación de espectro"", ""Armonización internacional""]",Seguimiento,"Armonización y gestión internacional; tecnologías: Espectro radioeléctrico, Comunicaciones electrónicas, Radiotelegrafía; bandas: UHF, 470–790 MHz.",10,Alta,3,13,"El documento ofrece una visión integral de los marcos legales para la gestión del espectro en Europa, incluyendo leyes nacionales, directivas de la UE (EECC) y coordinación internacional (UIT, CMR). Esta información es crucial para comprender las mejores prácticas, identificar brechas regulatorias y alinear la agenda de la ANE con las tendencias internacionales y regionales en política y asignación del espectro, especialmente en lo que respecta a la estructura de los planes de frecuencia y el papel de los diversos organismos."
60e56669ba3a4254e985,CTSPEU20260016_Spectrum_management_authorities_and_award_schemes (1).pdf,Cullen International,pdf,"Conectividad satelital, NTN y D2D",Conectividad satelital,Gestión y esquemas de adjudicación del espectro radioeléctrico en Europa,"[""Servicios móviles"", ""Radiodifusión"", ""Servicios satelitales"", ""Enlaces fijos punto a punto"", ""Redes privadas""]","[""32 GHz"", ""10 GHz"", ""60 GHz"", ""70 GHz"", ""80 GHz"", ""26 GHz"", ""24.25–25.1 GHz"", ""Bandas de dividendo digital""]","[""Austria"", ""Bélgica"", ""República Checa"", ""Dinamarca"", ""Finlandia"", ""Francia"", ""Alemania"", ""Grecia"", ""Hungría"", ""Irlanda"", ""Italia"", ""Países Bajos"", ""Polonia"", ""Portugal"", ""Eslovaquia"", ""España"", ""Suecia"", ""Suiza""]","[""Cullen International"", ""Unión Internacional de Telecomunicaciones (UIT)"", ""Autoridades Reguladoras Nacionales (NRAs)"", ""KommAustria"", ""RTR"", ""BIPT"", ""CTU"", ""Digst"", ""Traficom"", ""ANFR"", ""ARCOM"", ""ARCEP"", ""Bundesnetzagentur (BNetzA)"", ""EETT"", ""NMHH"", ""ComReg"", ""AGCOM"", ""Dutch Authority for Digital Infrastructure (RDI)"", ""UKE"", ""ANACOM""]","[""Reguladores nacionales"", ""Ministerios gubernamentales"", ""Reguladores de medios"", ""Operadores móviles"", ""Operadores satelitales"", ""Operadores de radiodifusión"", ""Operadores de enlaces fijos"", ""Organismos internacionales"", ""Gobiernos""]","[""Subasta"", ""Asignación de espectro"", ""Armonización internacional""]",Nota técnica,"Conectividad satelital, NTN y D2D; tecnologías: Servicios móviles, Radiodifusión, Servicios satelitales, Enlaces fijos punto a punto; bandas: 32 GHz, 10 GHz, 60 GHz, 70 GHz.",10,Alta,3,13,"Este documento es de alta relevancia para la Agenda Regulatoria ANE 2027-2028 porque ofrece un análisis comparativo detallado de las estructuras de gestión del espectro y los métodos de adjudicación en diversos países europeos. Proporciona información valiosa sobre las responsabilidades de las autoridades (ministerios, NRAs, reguladores de medios) y los esquemas utilizados (subastas, concursos de belleza, licencias exentas) para diferentes servicios (móviles, radiodifusión, satelitales, enlaces fijos). Esto permite a la ANE identificar modelos exitosos, tendencias regulatorias y posibles enfoques para la optimización del uso del espectro y la formulación de políticas futuras."
daedcfaa092a2c9f152b,CTSPEU20260017_Health_limits_for_exposure_to_electromagnetic_fields.pdf,Cullen International,pdf,Disponibilidad de espectro para IMT,Disponibilidad de espectro,Límites de exposición a campos electromagnéticos y su regulación,"[""Redes móviles"", ""Sistemas de antenas activas"", ""Teléfonos móviles""]","[""Hasta 300 GHz"", ""100 kHz a 300 GHz"", ""3.5 GHz"", ""2 a 300 GHz"", ""Menos de 2 GHz"", ""400 MHz a 300 GHz"", ""400 MHz a 2 GHz"", ""900 MHz"", ""6 GHz"", ""6 a 300 GHz""]","[""Unión Europea"", ""Bélgica"", ""Grecia"", ""Italia"", ""Eslovenia"", ""Suiza"", ""Austria"", ""Región de Bruselas-Capital"", ""Región Valona"", ""Región Flamenca""]","[""ICNIRP"", ""Comisión Europea"", ""SCHEER"", ""Cullen International"", ""Austrian Standards""]","[""Organismos científicos"", ""Reguladores"", ""Operadores móviles"", ""Fabricantes de equipos""]","[""Salud / EMF""]",Ajuste a iniciativa existente,"Disponibilidad de espectro para IMT; tecnologías: Redes móviles, Sistemas de antenas activas, Teléfonos móviles; bandas: Hasta 300 GHz, 100 kHz a 300 GHz, 3.5 GHz, 2 a 300 GHz.",10,Alta,3,13,"Este documento es altamente relevante para la Agenda Regulatoria ANE 2027-2028 porque aborda los límites de exposición a campos electromagnéticos (CEM), un aspecto fundamental para el despliegue de infraestructura de telecomunicaciones, la gestión del espectro radioeléctrico y la aceptación pública de nuevas tecnologías como 5G y 6G. La información sobre las directrices internacionales (ICNIRP), la regulación europea y las desviaciones nacionales/regionales proporciona un marco comparativo crucial para la formulación de políticas regulatorias en Colombia, asegurando la protección de la salud pública mientras se promueve el desarrollo tecnológico y el uso eficiente del espectro."
e797517539656088e196,CTSPEU20260018_Spectrum_award_results (1).pdf,Cullen International,pdf,Disponibilidad de espectro para IMT,Disponibilidad de espectro,Análisis de resultados y precios de adjudicaciones de espectro en Europa,"[""UMTS"", ""5G"", ""4G"", ""GSM""]","[""800 MHz"", ""900 MHz"", ""1800 MHz"", ""2.1 GHz"", ""2.3 GHz"", ""2.6 GHz"", ""3.4-3.8 GHz"", ""3.5 GHz"", ""3.6-3.8 GHz"", ""700 MHz""]","[""Austria"", ""Bélgica"", ""República Checa"", ""Dinamarca"", ""Finlandia"", ""Francia"", ""Alemania"", ""Grecia"", ""Hungría"", ""Irlanda"", ""Italia"", ""Países Bajos"", ""Polonia"", ""Portugal"", ""Rumanía"", ""Eslovaquia"", ""Eslovenia"", ""España"", ""Suecia"", ""Suiza"", ""Reino Unido""]","[""Cullen International"", ""Eurostat""]","[""Reguladores"", ""Operadores móviles"", ""Consultoras"", ""Organismos internacionales de estadística""]","[""Subasta""]",Ajuste a iniciativa existente,"Disponibilidad de espectro para IMT; tecnologías: UMTS, 5G, 4G, GSM; bandas: 800 MHz, 900 MHz, 1800 MHz, 2.1 GHz.",10,Alta,3,13,"Este documento ofrece datos comparativos valiosos sobre los resultados de las adjudicaciones de espectro, incluyendo precios y espectro asignado, en numerosos países europeos y durante un período significativo (1995-2025). Para la Agenda Regulatoria ANE 2027-2028, esta información es crítica para el benchmarking, comprender el valor de mercado del espectro, evaluar diferentes modelos de subasta (por ejemplo, maximización de ingresos frente a otros criterios) e informar decisiones sobre futuras liberaciones de espectro para tecnologías como 5G y más allá. Proporciona una perspectiva histórica del panorama financiero y regulatorio de la gestión del espectro."
b2b84446d306f73aa14e,CTSPEU20260018_Spectrum_award_results.pdf,Cullen International,pdf,Disponibilidad de espectro para IMT,Disponibilidad de espectro,Análisis de resultados y precios de subastas de espectro en Europa,"[""UMTS"", ""GSM"", ""4G"", ""5G""]","[""800 MHz"", ""900 MHz"", ""1800 MHz"", ""2.1 GHz"", ""2.3 GHz"", ""2.6 GHz"", ""3.4-3.8 GHz"", ""3.5 GHz"", ""3.6-3.8 GHz"", ""700 MHz""]","[""Austria"", ""Bélgica"", ""República Checa"", ""Dinamarca"", ""Finlandia"", ""Francia"", ""Alemania"", ""Grecia"", ""Hungría"", ""Irlanda"", ""Italia"", ""Países Bajos"", ""Polonia"", ""Portugal"", ""Rumanía"", ""Eslovaquia"", ""Eslovenia"", ""España"", ""Suecia"", ""Suiza"", ""Reino Unido""]","[""Cullen International"", ""Eurostat""]","[""Reguladores nacionales"", ""Operadores móviles"", ""Consultoras de telecomunicaciones""]","[""Subasta"", ""Asignación de espectro""]",Ajuste a iniciativa existente,"Disponibilidad de espectro para IMT; tecnologías: UMTS, GSM, 4G, 5G; bandas: 800 MHz, 900 MHz, 1800 MHz, 2.1 GHz.",10,Alta,3,13,"El documento es altamente relevante para la Agenda Regulatoria ANE 2027-2028 porque proporciona un análisis comparativo y datos históricos sobre la valoración y asignación del espectro radioeléctrico en Europa. Ofrece benchmarks de precios, metodologías de subasta (incluyendo 5G) y tendencias en el uso de bandas de frecuencia clave. Esta información es crucial para la formulación de políticas de gestión del espectro, la planificación de futuras asignaciones y la evaluación de modelos regulatorios para asegurar el uso eficiente del espectro en Colombia, aprendiendo de la experiencia europea."
3af74a891a493a63198e,CTSPEU20260019_EU_targets_for_the_5G_pioneer_bands.pdf,Cullen International,pdf,Disponibilidad de espectro para IMT,Disponibilidad de espectro,Implementación y armonización de bandas pioneras 5G en la UE,"[""5G"", ""Banda ancha inalámbrica"", ""Redes móviles"", ""TDD""]","[""3.4–3.8 GHz"", ""700 MHz"", ""26 GHz"", ""24.25–27.5 GHz"", ""66–71 GHz"", ""Por debajo de 1 GHz"", ""Por encima de 24 GHz""]","[""Europa"", ""Austria"", ""Bélgica"", ""República Checa"", ""Dinamarca"", ""Finlandia"", ""Francia"", ""Alemania"", ""Grecia"", ""Hungría"", ""Irlanda"", ""Italia"", ""Países Bajos"", ""Polonia"", ""Portugal"", ""Rumanía"", ""Eslovaquia"", ""Eslovenia"", ""España"", ""Suecia"", ""Suiza"", ""Reino Unido""]","[""Radio Spectrum Policy Group (RSPG)"", ""Parlamento Europeo"", ""Consejo de la Unión Europea"", ""Comisión Europea"", ""BIPT"", ""AGCOM"", ""Cullen International"", ""VodafoneThree"", ""MasMovil"", ""Orange"", ""MasOrange"", ""Digi""]","[""Reguladores"", ""Operadores móviles"", ""Industria móvil"", ""Estados miembros"", ""Organismos internacionales""]","[""Asignación de espectro"", ""Armonización internacional""]",Ajuste a iniciativa existente,"Disponibilidad de espectro para IMT; tecnologías: 5G, Banda ancha inalámbrica, Redes móviles, TDD; bandas: 3.4–3.8 GHz, 700 MHz, 26 GHz, 24.25–27.5 GHz.",10,Alta,3,13,"El documento ofrece un análisis detallado de la implementación regulatoria y el despliegue de bandas clave para 5G en Europa, incluyendo desafíos en la asignación de espectro contiguo y la disponibilidad de bandas milimétricas. Proporciona ejemplos concretos de cumplimiento y obstáculos por país, lo cual es invaluable para la ANE al formular su propia agenda regulatoria, permitiendo aprender de las experiencias europeas en gestión del espectro y armonización para 5G y futuras tecnologías."
5a35eb33454262c56669,CTSPEU20260020_Spectrum_policy_documents_and_strategies_for_5G_and_6G.pdf,Cullen International,pdf,Disponibilidad de espectro para IMT,Disponibilidad de espectro,Estrategias y políticas de espectro para 5G y 6G en Europa,"[""5G"", ""6G"", ""Redes Gigabit"", ""FTTH"", ""Redes inalámbricas de alta velocidad de próxima generación"", ""4G"", ""3G""]","[""700 MHz"", ""3.4–3.8 GHz"", ""6 GHz"", ""2.1 GHz"", ""3.5 GHz"", ""470-694 MHz""]","[""Austria"", ""Bélgica"", ""República Checa"", ""Dinamarca"", ""Finlandia"", ""Francia"", ""Alemania"", ""Grecia"", ""Hungría"", ""Irlanda"", ""Italia"", ""Países Bajos"", ""Polonia"", ""Portugal"", ""Rumanía"", ""Eslovaquia"", ""Eslovenia"", ""España""]","[""Comisión Europea"", ""Radio Spectrum Policy Group (RSPG)"", ""BIPT Council"", ""CTU"", ""ARCEP"", ""BNetzA"", ""EETT"", ""National Media and Infocommunications Authority (NMHH)"", ""ComReg"", ""ANACOM"", ""UKE"", ""AKOS"", ""Parlamento Europeo"", ""Consejo de la Unión Europea"", ""FSN consortium""]","[""Reguladores nacionales"", ""Gobiernos nacionales"", ""Organismos internacionales"", ""Operadores móviles"", ""Instituciones de investigación y desarrollo""]","[""Asignación de espectro""]",Ajuste a iniciativa existente,"Disponibilidad de espectro para IMT; tecnologías: 5G, 6G, Redes Gigabit, FTTH; bandas: 700 MHz, 3.4–3.8 GHz, 6 GHz, 2.1 GHz.",10,Alta,3,13,"Este documento ofrece un análisis detallado de las políticas de espectro, estrategias 5G/6G y obligaciones de cobertura en múltiples países europeos y a nivel de la UE. Identifica bandas de frecuencia clave, organismos reguladores y objetivos estratégicos para las futuras comunicaciones inalámbricas. Esta información es crucial para que la ANE comprenda las mejores prácticas internacionales, las tendencias emergentes en la gestión del espectro para 5G y 6G, y para informar el desarrollo de su propia agenda regulatoria para 2027-2028, particularmente en lo que respecta a la planificación del espectro, la adopción de tecnología y los objetivos de conectividad."
8e4968df4b82b1ed0b4a,CTSPEU20260021_Spectrum_sharing_between_mobile_networks.pdf,Cullen International,pdf,"Conectividad satelital, NTN y D2D",Conectividad satelital,Regulación y práctica de la compartición de espectro entre redes móviles,"[""Redes móviles"", ""5G"", ""LTE"", ""Redes de Acceso Radio (RAN)"", ""D2D""]","[""3.5 GHz"", ""26 GHz"", ""700 MHz"", ""1800 MHz"", ""2.1 GHz"", ""2.3 GHz"", ""2.6 GHz"", ""900 MHz""]","[""Unión Europea"", ""República Checa"", ""Finlandia"", ""Francia"", ""Alemania"", ""Italia"", ""Reino Unido"", ""Austria"", ""Bélgica"", ""Dinamarca"", ""Hungría"", ""Suecia"", ""España"", ""Polonia"", ""Eslovaquia""]","[""Cullen International"", ""Comisión Europea"", ""Radio Spectrum Policy Group (RSPG)"", ""BIPT"", ""TN-Network"", ""Telia"", ""Telenor"", ""Norlys"", ""Wind Tre"", ""Iliad"", ""Fastweb"", ""Hutchison"", ""T-Mobile"", ""Citimesh Air"", ""Digi Communications Belgium"", ""Citimesh Mobile"", ""Network Research Belgium"", ""e-BO Enterprises"", ""Proximus"", ""CentroNet"", ""O2""]","[""Reguladores nacionales"", ""Operadores de redes móviles (MNOs)"", ""Autoridades de competencia"", ""Organismos internacionales"", ""Industria satelital"", ""Verticales industriales"", ""Licenciatarios""]","[""Compartición de espectro""]",Nota técnica,"Conectividad satelital, NTN y D2D; tecnologías: Redes móviles, 5G, LTE, Redes de Acceso Radio (RAN); bandas: 3.5 GHz, 26 GHz, 700 MHz, 1800 MHz.",10,Alta,3,13,"El documento ofrece una visión integral de las prácticas y regulaciones de compartición de espectro en Europa, incluyendo bandas de frecuencia específicas y mecanismos regulatorios. Detalla cómo las autoridades nacionales abordan la compartición, el pooling y el arrendamiento de espectro, y menciona el impacto de la legislación de la UE. Esta información es crucial para que la ANE comprenda las mejores prácticas internacionales, identifique modelos regulatorios potenciales y anticipe tendencias futuras en la gestión del espectro, especialmente para 5G, redes privadas e integración satelital, temas críticos para la agenda 2027-2028. El principio 'úsalo o compártelo' y la obligación de negociar la compartición son altamente relevantes."
4a058d83fa8fac44f13b,CTSPEU20260022_Spectrum_sharing_between_mobile_and_other_services.pdf,Cullen International,pdf,"Conectividad satelital, NTN y D2D",Conectividad satelital,Compartición de espectro entre servicios móviles y otros servicios,"[""Spectrum sharing"", ""Wi-Fi"", ""5G"", ""Redes móviles"", ""D2D"", ""Radio cognitiva"", ""Redes privadas""]","[""2.3 GHz"", ""2.4 GHz"", ""5 GHz"", ""6 GHz"", ""1800 MHz"", ""3.8-4.2 GHz"", ""26 GHz"", ""UHF"", ""800 MHz"", ""700 MHz"", ""1427-1518 MHz"", ""3.5 GHz""]","[""Unión Europea"", ""Reino Unido"", ""Austria"", ""Bélgica"", ""República Checa"", ""Dinamarca"", ""Finlandia"", ""Francia"", ""Alemania"", ""Grecia"", ""Hungría"", ""Irlanda"", ""Italia"", ""Países Bajos"", ""Polonia"", ""Portugal"", ""Rumanía"", ""Eslovaquia"", ""Eslovenia"", ""España"", ""Suecia""]","[""Cullen International"", ""Radio Spectrum Policy Group (RSPG)"", ""Ofcom"", ""Telia"", ""Telenor"", ""Red Technologies"", ""Nomotech"", ""Microsoft"", ""ComReg"", ""Eir"", ""AGCOM"", ""Stratix"", ""Autoridad Neerlandesa para la Infraestructura Digital (RDI)"", ""ANACOM"", ""Ministerio para la Transformación Digital (España)"", ""PTS""]","[""Reguladores nacionales"", ""Operadores de redes móviles (MNOs)"", ""Usuarios incumbentes"", ""Industria satelital"", ""Proveedores de servicios"", ""Industria de radiodifusión"", ""Militares""]","[""Compartición de espectro"", ""Armonización internacional""]",Nota técnica,"Conectividad satelital, NTN y D2D; tecnologías: Spectrum sharing, Wi-Fi, 5G, Redes móviles; bandas: 2.3 GHz, 2.4 GHz, 5 GHz, 6 GHz.",10,Alta,3,13,"Este documento es altamente relevante para la Agenda Regulatoria ANE 2027-2028 porque proporciona un análisis exhaustivo de las tendencias y enfoques regulatorios en Europa sobre la compartición del espectro. Detalla mecanismos como LSA y TV white spaces, la coexistencia entre 5G y Wi-Fi en bandas clave como 6 GHz, y la regulación internacional (WRC-27). Ofrece ejemplos concretos de implementación y estudios en diversos países, lo que es crucial para informar decisiones sobre la gestión eficiente del espectro, la asignación de bandas y la promoción de nuevas tecnologías inalámbricas en Colombia, permitiendo a la ANE anticipar desafíos y oportunidades regulatorias."
6d650b31b8417e0b7179,CTSPEU20260023_Spectrum_fees_for_satellite_services.pdf,Cullen International,pdf,"Conectividad satelital, NTN y D2D",Conectividad satelital,Análisis de tarifas del espectro para servicios satelitales móviles en la UE,"[""Servicios Satelitales Móviles (MSS)"", ""NTN"", ""Estaciones terrenas satelitales"", ""Componentes Terrestres Complementarios (CGC)"", ""Redes satelitales geoestacionarias (GSO) y no geoestacionarias (NGSO)""]","[""Banda de 2 GHz"", ""Bandas de frecuencia satelitales""]","[""Unión Europea"", ""Austria"", ""Bélgica"", ""República Checa"", ""Dinamarca"", ""Finlandia"", ""Francia"", ""Alemania"", ""Grecia"", ""Hungría"", ""Irlanda"", ""Italia"", ""Países Bajos"", ""Polonia"", ""Portugal"", ""Rumanía"", ""Eslovaquia"", ""Eslovenia"", ""España""]","[""Cullen International"", ""Unión Europea (EU)"", ""Unión Internacional de Telecomunicaciones (ITU)"", ""Fernmeldebehörde"", ""BIPT"", ""CTU"", ""Agency for Digital Government (DIGST)"", ""Traficom"", ""ARCEP"", ""BNetzA"", ""EETT"", ""NMHH"", ""ComReg"", ""Ministry of Enterprises and Made in Italy (MIMIT)"", ""AGCOM"", ""Ministry of Economic Affairs"", ""Dutch Authority for Digital Infrastructure (RDI)"", ""UKE"", ""ANACOM"", ""ANCOM"", ""RÚ"", ""AKOS"", ""Ministry of Digital Transformation"", ""Starlink""]","[""Reguladores nacionales de telecomunicaciones (NRAs)"", ""Gobiernos y Ministerios"", ""Operadores de servicios satelitales"", ""Organismos internacionales (UE, UIT)"", ""Industria satelital""]","[""Tasas / fees""]",Nota técnica,"Conectividad satelital, NTN y D2D; tecnologías: Servicios Satelitales Móviles (MSS), NTN, Estaciones terrenas satelitales, Componentes Terrestres Complementarios (CGC); bandas: Banda de 2 GHz, Bandas de frecuencia satelitales.",10,Alta,3,13,"Este documento es altamente relevante para la Agenda Regulatoria ANE 2027-2028 porque proporciona un análisis comparativo detallado de las tarifas del espectro para servicios satelitales móviles en la Unión Europea. Ofrece información crucial sobre marcos legales, métodos de cálculo, el rol de las NRAs y la distinción entre tarifas para espectro terrestre y satelital. Esto es fundamental para la ANE al considerar la gestión del espectro, la regulación de nuevas tecnologías inalámbricas como las NTN (satélites) y la formulación de políticas de cobro por el uso del espectro, asegurando un uso eficiente y fomentando la conectividad."
db0a8618d923bfe92141,CTSPEU20260024_One-off_fees_for_mobile_bands.pdf,Cullen International,pdf,Disponibilidad de espectro para IMT,Disponibilidad de espectro,Determinación y pago de tasas únicas por licencias de espectro móvil en Europa,"[""LTE"", ""5G"", ""GSM"", ""UMTS"", ""WLL""]","[""800 MHz"", ""2.6 GHz"", ""700 MHz"", ""3.5 GHz"", ""900 MHz"", ""1800 MHz"", ""2.1 GHz"", ""2.3 GHz"", ""26 GHz"", ""3.6-3.8 GHz"", ""3.4-3.8 GHz"", ""1500 MHz""]","[""Francia"", ""Reino Unido"", ""Bélgica"", ""Dinamarca"", ""Grecia"", ""Irlanda"", ""Portugal"", ""Austria"", ""República Checa"", ""Finlandia"", ""Alemania"", ""Hungría"", ""Italia"", ""Países Bajos"", ""Polonia"", ""Rumanía"", ""Eslovaquia"", ""Åland""]","[""Cullen International"", ""NRA"", ""EETT"", ""NMHH"", ""AGCOM"", ""UKE"", ""ANACOM"", ""RÚ"", ""CTU"", ""Polkomtel"", ""T-Mobile""]","[""Reguladores"", ""Operadores móviles"", ""Gobiernos"", ""Industria de telecomunicaciones""]","[""Subasta"", ""Asignación de espectro"", ""Renovación"", ""Tasas / fees""]",Ajuste a iniciativa existente,"Disponibilidad de espectro para IMT; tecnologías: LTE, 5G, GSM, UMTS; bandas: 800 MHz, 2.6 GHz, 700 MHz, 3.5 GHz.",10,Alta,3,13,"El documento es altamente relevante para la Agenda Regulatoria ANE 2027-2028 porque proporciona un análisis comparativo de las políticas de asignación y pago de tasas de espectro móvil en Europa. Ofrece información valiosa sobre métodos de asignación (subastas, decisiones administrativas), bandas de frecuencia clave para 4G y 5G, modelos de pago (único, anual, a plazos) y el destino de los fondos. Estos datos son cruciales para informar decisiones sobre la gestión del espectro, la formulación de marcos regulatorios para futuras asignaciones y renovaciones, y la evaluación de modelos económicos para el uso eficiente del espectro en Colombia."
f04c9d91bd31c802c1da,CTSPEU20260025_Recurring_fees_for_mobile_bands (1).pdf,Cullen International,pdf,Disponibilidad de espectro para IMT,Disponibilidad de espectro,Análisis de tasas recurrentes por el uso de espectro móvil en Europa,"[""Comunicaciones móviles""]","[""450-470 MHz"", ""450-870 MHz"", ""694-790 MHz"", ""700 MHz"", ""790-960 MHz"", ""800 MHz"", ""870 MHz-2.5 GHz"", ""900 MHz"", ""1427-1517 MHz"", ""1500 MHz"", ""1710-2200 MHz"", ""1800 MHz"", ""1900-2300 MHz"", ""2.1 GHz"", ""2.3-2.69 GHz"", ""2.5-3.8 GHz"", ""2.6 GHz"", ""2.69-3.4 GHz"", ""6 GHz"", ""3.4-3.8 GHz"", ""3.5 GHz"", ""3.6-3.8 GHz"", ""3.8-24 GHz"", ""24-86 GHz"", ""24.5-26.5 GHz"", ""26 GHz"", ""42 GHz"", ""Below 1 GHz"", ""Between 1 GHz and 2.2 GHz"", ""Between 2.2 GHz and 24 GHz"", ""0-87.5 MHz"", ""108-174 MHz"", ""235-380 MHz"", ""87.5-108 MHz"", ""174-235 MHz"", ""380-470 MHz"", ""470-960 MHz"", ""960-4,200 MHz"", ""4,200-12,750 MHz"", ""12,750-43,500 MHz"", ""43,500 MHz-92,000 MHz"", ""Above 92 GHz""]","[""Austria"", ""Bélgica"", ""República Checa"", ""Dinamarca"", ""Finlandia"", ""Francia"", ""Alemania"", ""Grecia"", ""Hungría"", ""Irlanda"", ""Italia"", ""Países Bajos"", ""Polonia"", ""Portugal"", ""Rumanía"", ""Eslovaquia"", ""Eslovenia"", ""España"", ""Suecia"", ""Suiza"", ""Reino Unido""]","[""Cullen International"", ""BIPT"", ""CTU"", ""NMHH"", ""ComReg"", ""ANACOM"", ""ANCOM"", ""RÚ"", ""AKOS"", ""RTVE""]","[""Reguladores nacionales (NRAs)"", ""Operadores de redes móviles"", ""Gobiernos nacionales"", ""Industria de telecomunicaciones""]","[""Tasas / fees""]",Ajuste a iniciativa existente,"Disponibilidad de espectro para IMT; tecnologías: Comunicaciones móviles; bandas: 450-470 MHz, 450-870 MHz, 694-790 MHz, 700 MHz.",10,Alta,3,13,"El documento ofrece un análisis comparativo detallado de las tasas recurrentes por el uso del espectro en países europeos, incluyendo sus métodos de cálculo, destino y base regulatoria (EECC). Esta información es crucial para que la ANE pueda comparar sus propias políticas de tarifas de espectro, asegurando que promuevan el uso eficiente del espectro, cubran los costos administrativos y se alineen con las mejores prácticas internacionales. Comprender los diferentes modelos puede informar la estrategia de la ANE para optimizar la generación de ingresos y fomentar la inversión en infraestructura de telecomunicaciones para la agenda 2027-2028."
8334e8226edf032a9f31,CTSPEU20260025_Recurring_fees_for_mobile_bands.pdf,Cullen International,pdf,Disponibilidad de espectro para IMT,Disponibilidad de espectro,Análisis comparativo de tarifas recurrentes por el uso del espectro móvil en Europa,"[""Comunicaciones móviles"", ""Enlaces de microondas""]","[""700 MHz"", ""800 MHz"", ""900 MHz"", ""1.5 GHz"", ""1.8 GHz"", ""2.1 GHz"", ""2.6 GHz"", ""3.5 GHz"", ""26 GHz"", ""42 GHz"", ""Bandas sub-1 GHz"", ""Bandas entre 1 GHz y 2.2 GHz"", ""Bandas entre 2.2 GHz y 24 GHz"", ""Bandas entre 24 GHz y 86 GHz"", ""Bandas por encima de 86 GHz""]","[""Alemania"", ""Austria"", ""Bélgica"", ""Dinamarca"", ""Eslovaquia"", ""Eslovenia"", ""España"", ""Finlandia"", ""Francia"", ""Grecia"", ""Hungría"", ""Irlanda"", ""Italia"", ""Países Bajos"", ""Polonia"", ""Portugal"", ""Reino Unido"", ""República Checa"", ""Rumanía"", ""Suecia"", ""Suiza""]","[""Cullen International"", ""European Electronic Communications Code (EECC)"", ""National Regulatory Authority (NRA)"", ""BIPT"", ""CTU"", ""NMHH"", ""ComReg"", ""ANACOM"", ""ANCOM"", ""RÚ"", ""AKOS"", ""RTVE""]","[""Reguladores nacionales"", ""Operadores de redes móviles"", ""Estados miembros de la UE"", ""Gobiernos nacionales"", ""Industria de telecomunicaciones""]","[""Tasas / fees""]",Ajuste a iniciativa existente,"Disponibilidad de espectro para IMT; tecnologías: Comunicaciones móviles, Enlaces de microondas; bandas: 700 MHz, 800 MHz, 900 MHz, 1.5 GHz.",10,Alta,3,13,"Este documento es altamente relevante para la Agenda Regulatoria ANE 2027-2028 porque proporciona un análisis comparativo detallado sobre las tarifas recurrentes del espectro radioeléctrico móvil en Europa. Ofrece información valiosa sobre diferentes modelos de cobro, su justificación (uso óptimo vs. costos administrativos), métodos de cálculo por banda de frecuencia y el destino de los fondos. Esto permite a la ANE evaluar prácticas internacionales, identificar tendencias regulatorias y considerar enfoques para la gestión eficiente y la valoración económica del espectro en Colombia, apoyando la formulación de políticas y regulaciones futuras."
64e2769e9ff6932cdff1,CTSPEU20260026_Conditions_for_new_entrants_in_spectrum_auctions.pdf,Cullen International,pdf,Disponibilidad de espectro para IMT,Disponibilidad de espectro,Medidas regulatorias para fomentar la entrada de nuevos operadores en subastas de espectro,"[""Redes móviles"", ""5G"", ""Banda ancha inalámbrica"", ""WiMAX"", ""RAN sharing"", ""WLL""]","[""700 MHz"", ""800 MHz"", ""900 MHz"", ""1500 MHz"", ""1800 MHz"", ""2.1 GHz"", ""2.3 GHz"", ""2.6 GHz"", ""6 GHz"", ""3.4-3.8 GHz"", ""3.5 GHz"", ""3.6-3.8 GHz"", ""1452-1492 MHz"", ""26 GHz"", ""Bandas por debajo de 1 GHz""]","[""Italia"", ""Austria"", ""Bélgica"", ""República Checa"", ""Dinamarca"", ""Finlandia"", ""Francia"", ""Alemania"", ""Grecia"", ""Hungría"", ""Irlanda"", ""Países Bajos"", ""Europa""]","[""Cullen International"", ""Iliad"", ""Hutchison"", ""Wind"", ""Citymesh"", ""Digi Communications Belgium"", ""O2"", ""Free Mobile"", ""1&1"", ""Telefónica"", ""E-Plus"", ""Dense Air"", ""Imagine"", ""AGCOM"", ""MIMIT"", ""Comisión Europea""]","[""Reguladores nacionales"", ""Operadores móviles"", ""Nuevos entrantes"", ""Operadores incumbentes"", ""Operadores regionales"", ""Operadores MVNO"", ""Operadores WLL"", ""Comisión Europea""]","[""Subasta"", ""Compartición de espectro""]",Ajuste a iniciativa existente,"Disponibilidad de espectro para IMT; tecnologías: Redes móviles, 5G, Banda ancha inalámbrica, WiMAX; bandas: 700 MHz, 800 MHz, 900 MHz, 1500 MHz.",10,Alta,3,13,"Este documento es altamente relevante para la Agenda Regulatoria ANE 2027-2028 porque analiza estrategias regulatorias probadas en Europa para fomentar la competencia y la entrada de nuevos operadores en el mercado de telecomunicaciones móviles a través de subastas de espectro. Ofrece ejemplos concretos de medidas como la reserva de espectro, roaming nacional, obligaciones de cobertura diferenciadas y límites de espectro, aplicadas en bandas clave para 5G. Esta información es fundamental para diseñar políticas que promuevan el uso eficiente del espectro, la conectividad y la adopción de nuevas tecnologías, considerando el entorno competitivo y las necesidades de despliegue de redes."
dca7563c8a7b41c38f1d,CTSPEU20260027_Spectrum_trading.pdf,Cullen International,pdf,Disponibilidad de espectro para IMT,Disponibilidad de espectro,Regulación y prácticas de 'spectrum trading' en Europa,"[""Broadband wireless access (BWA)"", ""5G"", ""Redes móviles""]","[""800 MHz"", ""900 MHz"", ""1800 MHz"", ""2.1 GHz"", ""2.6 GHz"", ""3.4–3.8 GHz"", ""3.5 GHz"", ""10.5 GHz"", ""700 MHz"", ""2.3 GHz"", ""24.5–26.5 GHz"", ""26 GHz""]","[""EU member states"", ""Austria"", ""Bélgica"", ""República Checa"", ""Dinamarca"", ""Finlandia"", ""Francia"", ""Alemania"", ""Grecia"", ""Hungría"", ""Irlanda"", ""Italia"", ""Polonia"", ""Portugal"", ""España""]","[""Cullen International"", ""European Electronic Communications Code (EECC)"", ""Radio Spectrum Policy Programme 2012 (RSPP)"", ""TKK"", ""RTR"", ""BIPT"", ""DIGST"", ""ComReg"", ""MIMIT"", ""AGCOM"", ""AGCM"", ""Hutchison"", ""T-Mobile"", ""Orange Austria"", ""Network Research Belgium"", ""Proximus"", ""Dense Air (Airspan group)"", ""Voyacom"", ""B.lite"", ""Mac Telecom"", ""Broadband Belgium"", ""Citimesh Air"", ""Digi Communications Belgium"", ""Citimesh Mobile"", ""e-BO Enterprises"", ""O2"", ""Nordic Telecom"", ""Kaprain group"", ""Vodafone"", ""Poda"", ""Datame"", ""Ukkoverkot"", ""Elisa"", ""Boldyn Networks"", ""Bolloré Télécom"", ""HDRR"", ""1&1"", ""Telefónica"", ""E-Plus"", ""Yettel Hungary (Pannon)"", ""Magyar Telekom"", ""Telenor"", ""BCP IV Telecommunications OPCO Limited (Imagine)"", ""Eir"", ""Opnet"", ""Wind Tre"", ""Eolo"", ""Linkem"", ""Brennercom"", ""Fastweb"", ""TIM"", ""Aria (Tiscali)"", ""Iliad"", ""VimpelCom"", ""Zefiro Net""]","[""Reguladores nacionales"", ""Operadores móviles"", ""Ministerios"", ""Autoridades de competencia"", ""Organismos internacionales"", ""Empresas de telecomunicaciones"", ""Licenciatarios de espectro""]","[""Topes de espectro""]",Ajuste a iniciativa existente,"Disponibilidad de espectro para IMT; tecnologías: Broadband wireless access (BWA), 5G, Redes móviles; bandas: 800 MHz, 900 MHz, 1800 MHz, 2.1 GHz.",10,Alta,3,13,"Este documento es altamente relevante para la Agenda Regulatoria ANE 2027-2028 porque aborda directamente la gestión del espectro radioeléctrico y el uso eficiente del espectro a través de mecanismos de mercado como el 'spectrum trading'. Proporciona una visión detallada de las prácticas regulatorias y los marcos legales en Europa, incluyendo la identificación de bandas de frecuencia clave y las consideraciones de competencia. Esto es crucial para evaluar la implementación de modelos similares, aprender de las experiencias europeas y formular políticas que promuevan la flexibilidad y la eficiencia en la asignación y uso del espectro en Colombia, apoyando la introducción de nuevas tecnologías y la mejora de la conectividad."
4341a79cf769d44539e6,CTSPEU20260028_Spectrum_caps.pdf,Cullen International,pdf,Disponibilidad de espectro para IMT,Disponibilidad de espectro,Regulación de límites de espectro (spectrum caps) para preservar la competencia,"[""5G"", ""4G"", ""Comunicaciones móviles"", ""Wireless Local Loop (WLL)""]","[""700 MHz"", ""3.5 GHz"", ""3.4-3.8 GHz"", ""3.6-3.8 GHz"", ""6 GHz"", ""900 MHz"", ""1800 MHz"", ""2.1 GHz"", ""2.6 GHz"", ""2600 MHz"", ""26 GHz"", ""26.5-27.5 GHz"", ""2.3 GHz"", ""1427-1517 MHz"", ""1500 MHz"", ""1452-1492 MHz"", ""800 MHz"", ""Sub-1 GHz"", ""mmWave""]","[""Alemania"", ""Portugal"", ""Bélgica"", ""Francia"", ""Países Bajos"", ""Eslovaquia"", ""España"", ""Rumania"", ""República Checa"", ""Austria"", ""Dinamarca"", ""Finlandia"", ""Grecia"", ""Hungría"", ""Irlanda"", ""Italia"", ""Polonia""]","[""Cullen International"", ""BIPT"", ""TKK"", ""Traficom"", ""BNetzA"", ""ComReg"", ""AGCOM"", ""Ministerio de Italia"", ""RÚ"", ""A1"", ""T-Mobile"", ""Vodafone"", ""O2"", ""Proximus"", ""Network Research Belgium"", ""Orange Slovensko"", ""Slovak Telekom"", ""Swan""]","[""Reguladores nacionales"", ""Operadores móviles (MNOs)"", ""Participantes en subastas (bidders)"", ""Nuevos entrantes"", ""Operadores existentes"", ""Industria de telecomunicaciones""]","[""Subasta"", ""Topes de espectro""]",Ajuste a iniciativa existente,"Disponibilidad de espectro para IMT; tecnologías: 5G, 4G, Comunicaciones móviles, Wireless Local Loop (WLL); bandas: 700 MHz, 3.5 GHz, 3.4-3.8 GHz, 3.6-3.8 GHz.",10,Alta,3,13,"Este documento es de alta relevancia para la Agenda Regulatoria ANE 2027-2028 porque proporciona un análisis comparativo detallado sobre la implementación de límites de espectro (spectrum caps) en diversos países europeos. Ofrece información crucial sobre cómo los reguladores gestionan la competencia en las subastas y transferencias de espectro, incluyendo bandas clave para 5G y futuras tecnologías. Los ejemplos específicos de bandas de frecuencia y las políticas a corto y largo plazo son directamente aplicables para informar la formulación de estrategias regulatorias de la ANE en gestión del espectro y uso eficiente."
21a26d38d80582db0882,CTSPEU20260029_Coverage_requirements.pdf,Cullen International,pdf,Disponibilidad de espectro para IMT,Disponibilidad de espectro,Obligaciones de cobertura en la asignación de espectro,"[""GSM"", ""Banda ancha móvil"", ""5G"", ""4G"", ""2G"", ""3G""]","[""800 MHz"", ""700 MHz"", ""3.6-3.8 GHz"", ""450 MHz"", ""900 MHz"", ""1800 MHz"", ""2.1 GHz"", ""3.5 GHz"", ""26 GHz"", ""2.3 GHz"", ""2.6 GHz""]","[""Reino Unido"", ""Francia"", ""Hungría"", ""Países Bajos"", ""Suecia"", ""Suiza"", ""Rumanía"", ""Dinamarca"", ""Eslovenia"", ""Bélgica"", ""Italia"", ""Alemania"", ""Irlanda"", ""Polonia"", ""República Checa"", ""Grecia"", ""Portugal"", ""España"", ""Austria"", ""Finlandia"", ""Eslovaquia""]","[""Cullen International"", ""European Electronic Communications Code (EECC)"", ""T-2"", ""Digi (Citymesh)"", ""Iliad"", ""1&1"", ""Orange"", ""Proximus"", ""Telenet (Base)"", ""Hutchison"", ""T-Mobile"", ""A1"", ""RTR"", ""TKK""]","[""Reguladores"", ""Operadores de redes móviles (MNOs)"", ""Nuevos entrantes"", ""Gobiernos"", ""Industria de telecomunicaciones""]","[""Subasta"", ""Asignación de espectro""]",Ajuste a iniciativa existente,"Disponibilidad de espectro para IMT; tecnologías: GSM, Banda ancha móvil, 5G, 4G; bandas: 800 MHz, 700 MHz, 3.6-3.8 GHz, 450 MHz.",10,Alta,3,13,"Este documento es altamente relevante para la Agenda Regulatoria ANE 2027-2028 al ofrecer un análisis comparativo de las estrategias regulatorias europeas sobre obligaciones de cobertura en la gestión del espectro. Proporciona información valiosa sobre la implementación de 5G, la conectividad en zonas rurales, el uso eficiente del espectro y la neutralidad tecnológica, aspectos cruciales para la formulación de políticas y regulaciones futuras en Colombia."
b2b1b4bb49976ef9e1c9,CTSPLN20260026_Satellite_service.pdf,Cullen International,pdf,"Conectividad satelital, NTN y D2D",Conectividad satelital,Regulación y gestión del espectro para servicios satelitales en las Américas,"[""Satélites"", ""LEO"", ""Geostacionarios"", ""No geostacionarios (NGSO)"", ""NTN"", ""5G"", ""Starlink"", ""Kuiper"", ""Oneweb""]","[""L-band (1-2 GHz)"", ""S-band (2-4 GHz)"", ""C-band (4-8 GHz)"", ""X-band (8-12 GHz)"", ""banda Ku"", ""K-band (18-27 GHz)"", ""banda Ka"", ""V-band (40-75 GHz)"", ""3.5 GHz"", ""71-76 GHz"", ""81-86 GHz"", ""17.3-17.7 GHz"", ""6 GHz"", ""18.8-19.3 GHz"", ""19.7-20.2 GHz"", ""27.5-29.1 GHz"", ""29.5-30 GHz"", ""18.8-20.2 GHz"", ""27.5-30 GHz""]","[""Estados Unidos"", ""Canadá"", ""Colombia"", ""Argentina"", ""Brasil"", ""Chile"", ""Costa Rica"", ""República Dominicana"", ""Ecuador"", ""México"", ""Paraguay"", ""Perú"", ""España"", ""Américas"", ""Región 2 (ITU)"", ""África"", ""Asia"", ""América Latina""]","[""ANE (Agencia Nacional del Espectro)"", ""ISED (Innovation, Science and Economic Development Canada)"", ""SpaceX"", ""ITU (Unión Internacional de Telecomunicaciones)"", ""IEEE (Institute of Electrical and Electronics Engineers)"", ""Enacom (Ente Nacional de Comunicaciones, Argentina)"", ""Anatel (Agência Nacional de Telecomunicações, Brasil)"", ""Mintic (Ministerio de Tecnologías de la Información y las Comunicaciones, Colombia)"", ""SUTEL (Superintendencia de Telecomunicaciones, Costa Rica)"", ""CRT (Comisión Reguladora de Telecomunicaciones, México)"", ""ATDT (Agencia de Transformación Digital y Telecomunicaciones, México)"", ""SICT (Secretaría de Infraestructura, Comunicaciones y Transportes, México)"", ""Cullen International"", ""Kuiper"", ""Oneweb"", ""Comunidad Andina""]","[""Reguladores nacionales"", ""Operadores satelitales"", ""Operadores móviles"", ""Organismos internacionales"", ""Fabricantes de satélites"", ""Industria satelital"", ""Gobiernos""]","[""Asignación de espectro"", ""Compartición de espectro"", ""Armonización internacional""]",Nota técnica,"Conectividad satelital, NTN y D2D; tecnologías: Satélites, LEO, Geostacionarios, No geostacionarios (NGSO); bandas: L-band (1-2 GHz), S-band (2-4 GHz), C-band (4-8 GHz), X-band (8-12 GHz).",10,Alta,3,13,"El documento es de alta relevancia para la Agenda Regulatoria ANE 2027-2028 porque menciona explícitamente que ANE en Colombia propuso una revisión del régimen satelital para identificar posibles ajustes en su agenda 2026-2027. Además, aborda temas cruciales como la gestión del espectro satelital, la coordinación internacional, las nuevas asignaciones de la CMR-23 (incluyendo NTN), la convivencia con 5G (3.5 GHz) y las tendencias regulatorias en las Américas, que son fundamentales para la planificación estratégica de ANE."
b5270c867643a6e32570,CTSPLN20260027_Microwave_links_spectrum_allocation.pdf,Cullen International,pdf,"Conectividad satelital, NTN y D2D",Conectividad satelital,Asignación y licenciamiento de espectro para enlaces de microondas en América,"[""Enlaces de microondas (punto a punto, punto a multipunto)"", ""Redes de fibra"", ""IMT (International Mobile Telecommunications)"", ""Servicios satelitales"", ""Redes privadas""]","[""1 GHz a 100 GHz"", ""300 MHz a 300 GHz"", ""6 GHz"", ""Banda de 60 GHz"", ""10.7–11.7 GHz"", ""14.5–15.35 GHz"", ""17.7–19.7 GHz"", ""24.25–27.5 GHz"", ""37–40.5 GHz"", ""71–76 GHz"", ""81–86 GHz"", ""Bandas por encima de 95 GHz""]","[""América"", ""Argentina"", ""Brasil"", ""Canadá"", ""Chile"", ""Colombia"", ""Costa Rica"", ""República Dominicana"", ""Ecuador"", ""México"", ""Paraguay"", ""Perú"", ""Estados Unidos""]","[""Cullen International"", ""ITU"", ""NRA (National Regulatory Authority)"", ""Anatel"", ""ISED"", ""ANE"", ""MICITT"", ""IFT"", ""CRT (Telecommunications Regulatory Commission)"", ""ATDT (Digital Transformation and Telecommunications Agency)"", ""Conatel"", ""ENACOM"", ""CNC""]","[""Reguladores nacionales"", ""Operadores de telecomunicaciones"", ""Organismos internacionales"", ""Industria satelital"", ""Licenciatarios de espectro""]","[""Asignación de espectro""]",Nota técnica,"Conectividad satelital, NTN y D2D; tecnologías: Enlaces de microondas (punto a punto, punto a multipunto), Redes de fibra, IMT (International Mobile Telecommunications), Servicios satelitales; bandas: 1 GHz a 100 GHz, 300 MHz a 300 GHz, 6 GHz, Banda de 60 GHz.",10,Alta,3,13,"El documento es un benchmark reciente (mayo de 2026) de Cullen International, una fuente reputada, que se enfoca en la asignación y licenciamiento de espectro para enlaces de microondas en América. Menciona explícitamente a la ANE (regulador de Colombia) y sus resoluciones sobre bandas para enlaces de microondas. La información detallada por país, incluyendo modelos de licenciamiento y bandas de frecuencia, ofrece perspectivas valiosas sobre tendencias regulatorias regionales y mejores prácticas. Esto apoya directamente la formulación de la Agenda Regulatoria ANE 2027-2028 al informar decisiones sobre gestión del espectro, marcos de licenciamiento y estrategias de coexistencia para infraestructura crítica de backhaul y futuras tecnologías."
8bfeac2fed8d5e86ceee,CTSPLN20260028_Efficient_use_of_spectrum.pdf,Cullen International,pdf,Otros temas de seguimiento,Necesidades transversales,Uso eficiente del espectro radioeléctrico y su regulación,"[""Telecomunicaciones"", ""Redes inalámbricas"", ""Redes móviles""]","[""3.7-4.2 GHz""]","[""Brasil"", ""Perú"", ""Chile"", ""Estados Unidos"", ""Argentina"", ""Canadá"", ""Colombia"", ""Costa Rica"", ""República Dominicana"", ""Ecuador"", ""México"", ""Paraguay""]","[""Anatel"", ""Subtel"", ""Enacom"", ""ISED"", ""Mintic"", ""ANE"", ""CRT"", ""Conatel"", ""MTC"", ""FCC"", ""Cullen International"", ""ITU"", ""Citel""]","[""Reguladores"", ""Operadores móviles"", ""Ministerios"", ""Operadores"", ""Terceros interesados""]","[""Otro""]",Seguimiento,"Otros temas de seguimiento; tecnologías: Telecomunicaciones, Redes inalámbricas, Redes móviles; bandas: 3.7-4.2 GHz.",10,Alta,3,13,"El documento es altamente relevante para la Agenda Regulatoria ANE 2027-2028 porque aborda directamente la gestión y el uso eficiente del espectro radioeléctrico, un pilar fundamental de la ANE. Proporciona un benchmark internacional sobre herramientas regulatorias como la regla ""úsalo o piérdelo"", regímenes de sanciones y metodologías de medición de eficiencia. La mención explícita de ANE y su nuevo modelo de vigilancia en Colombia subraya la pertinencia del análisis comparativo para informar futuras políticas y regulaciones, asegurando la optimización de un recurso escaso y promoviendo la competencia e innovación en el sector."
604701eaa472ad4ab0eb,CTSPLN20260029_Status_of_the_6_GHz_band.pdf,Cullen International,pdf,"Conectividad satelital, NTN y D2D",Conectividad satelital,Estado de la banda de 6 GHz en las Américas para Wi-Fi y 5G,"[""Wi-Fi"", ""Wi-Fi 6E"", ""5G"", ""IMT"", ""Servicios satelitales"", ""Enlaces de microondas"", ""Sistemas de backhaul"", ""RLANs"", ""Sistemas de Coordinación Automática de Frecuencia (AFC)"", ""Spectrum sharing""]","[""6 GHz"", ""5925–6425 MHz"", ""6425–7125 MHz"", ""2.4 GHz (2400–2483.5 MHz)"", ""5 GHz (5150–5850 MHz)"", ""5945–6425 MHz"", ""6525–6875 MHz"", ""7110–7725 MHz""]","[""Américas"", ""Costa Rica"", ""Argentina"", ""Canadá"", ""Colombia"", ""República Dominicana"", ""Perú"", ""Estados Unidos"", ""Brasil"", ""Chile"", ""México"", ""Paraguay"", ""Ecuador"", ""Europa""]","[""Cullen International"", ""Enacom"", ""Ministerio de Economía (Argentina)"", ""Anatel"", ""ISED (Innovation, Science and Economic Development Canada)"", ""Subtel"", ""Mintic (Ministerio TIC Colombia)"", ""ANE (Agencia Nacional del Espectro Colombia)"", ""MICITT (Costa Rica)"", ""SUTEL (Costa Rica)"", ""INDOTEL"", ""IFT (México)"", ""CRT (Telecommunications Regulatory Commission México)"", ""ATDT (Digital Transformation and Telecommunications Agency México)"", ""Conatel"", ""MTC (Perú)"", ""FCC (Estados Unidos)"", ""ITU (Unión Internacional de Telecomunicaciones)""]","[""Reguladores"", ""Operadores móviles"", ""Industria satelital"", ""Fabricantes"", ""Organismos internacionales"", ""Gobiernos""]","[""Asignación de espectro""]",Nota técnica,"Conectividad satelital, NTN y D2D; tecnologías: Wi-Fi, Wi-Fi 6E, 5G, IMT; bandas: 6 GHz, 5925–6425 MHz, 6425–7125 MHz, 2.4 GHz (2400–2483.5 MHz).",10,Alta,3,13,"Este documento es de alta relevancia para la Agenda Regulatoria ANE 2027-2028 porque proporciona un análisis detallado y actualizado (a mayo de 2026) sobre la gestión y asignación de la banda de 6 GHz en la región de las Américas, incluyendo a Colombia y las consultas de la ANE. Aborda directamente temas clave como el uso eficiente del espectro, nuevas tecnologías inalámbricas (Wi-Fi 6E, 5G), mecanismos de coexistencia (AFC, límites de potencia), y tendencias regulatorias internacionales. La información sobre las decisiones de otros países y las propuestas de la propia ANE es crucial para la formulación de futuras políticas y regulaciones."
f15f60a16a25f661dec3,CTSPLN20260031_Main_spectrum_award_results.pdf,Cullen International,pdf,Disponibilidad de espectro para IMT,Disponibilidad de espectro,Resultados de adjudicación de espectro en América,"[""IMT services"", ""5G"", ""Redes móviles""]","[""700 MHz"", ""2.6 GHz"", ""3.5 GHz"", ""600 MHz"", ""28 GHz"", ""2.3 GHz"", ""900 MHz"", ""Millimetre wave spectrum"", ""AWS-3""]","[""Brasil"", ""Venezuela"", ""Paraguay"", ""Peru"", ""Jamaica"", ""Canada"", ""Dominican Republic"", ""Argentina"", ""US"", ""Colombia""]","[""CANTV"", ""Movilnet"", ""Claro"", ""Nubicom"", ""Entel"", ""Integratel"", ""Telefónica"", ""Bitel"", ""Cullen International""]","[""Reguladores"", ""Operadores móviles"", ""Nuevos entrantes"", ""Gobiernos"", ""Consultoras""]","[""Subasta""]",Ajuste a iniciativa existente,"Disponibilidad de espectro para IMT; tecnologías: IMT services, 5G, Redes móviles; bandas: 700 MHz, 2.6 GHz, 3.5 GHz, 600 MHz.",10,Alta,3,13,"Proporciona información actualizada sobre las tendencias de adjudicación de espectro y las bandas de frecuencia utilizadas en la región de las Américas, incluyendo enfoques para la conectividad rural. Esto es directamente relevante para la planificación de la Agenda Regulatoria ANE 2027-2028, permitiendo identificar prioridades en la gestión del espectro y la promoción de nuevas tecnologías."
dd99216af894038c7455,CTSPLN20260032_5G_initiatives_and_pioneer_bands (1).pdf,Cullen International,pdf,Disponibilidad de espectro para IMT,Disponibilidad de espectro,Despliegue de 5G y asignación de espectro en América Latina,"[""5G"", ""4G"", ""IoT"", ""Robótica"", ""Redes móviles""]","[""3.5 GHz"", ""600 MHz"", ""700 MHz"", ""24 GHz"", ""26 GHz"", ""28 GHz"", ""2.3 GHz"", ""2.5 GHz"", ""6 GHz"", ""3.45-4 GHz"", ""3.65-3.9 GHz"", ""mmWave"", ""3400-3600 MHz"", ""AWS"", ""1427-1518 MHz"", ""2.3-2.4 GHz"", ""2.5-2.69 MHz"", ""3.3-3.4 GHz"", ""4.8-4.9 GHz"", ""24.25-27.5 GHz"", ""3.4-3.7 GHz"", ""800 MHz"", ""850 MHz"", ""2.1 GHz"", ""1.9 GHz"", ""Bajo 1 GHz""]","[""Costa Rica"", ""República Dominicana"", ""Paraguay"", ""Brasil"", ""Chile"", ""Colombia"", ""Estados Unidos"", ""Argentina"", ""Canadá"", ""Ecuador"", ""México"", ""Perú"", ""América Latina""]","[""Cullen International"", ""ICE"", ""Ericsson"", ""Nokia"", ""Enacom"", ""Anatel"", ""MinTIC"", ""ANE"", ""Subtel"", ""MICITT"", ""Indotel"", ""Mintel"", ""IFT"", ""CRT"", ""ATDT"", ""Conatel"", ""MTC""]","[""Reguladores"", ""Operadores móviles"", ""Fabricantes de equipos"", ""Gobiernos"", ""Ministerios de TIC"", ""Agencias de espectro""]","[""Subasta"", ""Asignación de espectro""]",Ajuste a iniciativa existente,"Disponibilidad de espectro para IMT; tecnologías: 5G, 4G, IoT, Robótica; bandas: 3.5 GHz, 600 MHz, 700 MHz, 24 GHz.",10,Alta,3,13,"Este documento es altamente relevante para la Agenda Regulatoria ANE 2027-2028, ya que proporciona un panorama actualizado y detallado de las estrategias, políticas, bandas de frecuencia y marcos regulatorios adoptados por diversos países de América Latina para el despliegue de 5G. La ANE, como agencia de espectro, puede extraer lecciones aprendidas, identificar tendencias en la asignación de espectro (incluyendo bandas pioneras como 3.5 GHz y mmWave), objetivos de cobertura, políticas de infraestructura e incentivos. La información sobre la gestión del espectro y las acciones de otros reguladores es crucial para informar futuras decisiones regulatorias y la planificación del espectro en Colombia."
79d402cd78b6ccc103e7,CTSPLN20260032_5G_initiatives_and_pioneer_bands.pdf,Cullen International,pdf,Disponibilidad de espectro para IMT,Disponibilidad de espectro,Estrategias y bandas pioneras para el despliegue de 5G en América,"[""5G"", ""4G"", ""IoT"", ""Robótica""]","[""3.5 GHz"", ""Below 1 GHz"", ""6 GHz"", ""600 MHz"", ""700 MHz"", ""Above 24 GHz"", ""3.45–4 GHz"", ""3.65–3.9 GHz"", ""3.45–3.65 GHz"", ""3400–3600 MHz"", ""AWS"", ""26 GHz"", ""2.3 GHz"", ""28 GHz"", ""2.5 GHz"", ""800 MHz"", ""850 MHz"", ""1427–1517 MHz"", ""2.1 GHz"", ""1.9 GHz"", ""1427–1518 MHz"", ""2.3–2.4 GHz"", ""2.5–2.69 GHz"", ""3.3–3.4 GHz"", ""4.8–4.9 GHz"", ""24.25–27.5 GHz"", ""3.4–3.7 GHz"", ""3.3–3.8 GHz"", ""mmWave""]","[""Costa Rica"", ""República Dominicana"", ""Paraguay"", ""Brasil"", ""Chile"", ""Colombia"", ""Perú"", ""Estados Unidos"", ""Argentina"", ""Canadá"", ""Ecuador"", ""México"", ""América""]","[""ICE"", ""Ericsson"", ""Nokia"", ""Cullen International"", ""Enacom"", ""Anatel"", ""MinTIC"", ""ANE"", ""MICITT"", ""Indotel"", ""Mintel"", ""IFT"", ""CRT"", ""ATDT"", ""Conatel"", ""MTC"", ""Subtel"", ""Telcel""]","[""Reguladores"", ""Operadores móviles"", ""Fabricantes de equipos"", ""Gobiernos"", ""Industria de telecomunicaciones""]","[""Subasta"", ""Asignación de espectro""]",Ajuste a iniciativa existente,"Disponibilidad de espectro para IMT; tecnologías: 5G, 4G, IoT, Robótica; bandas: 3.5 GHz, Below 1 GHz, 6 GHz, 600 MHz.",10,Alta,3,13,"El documento ofrece una visión integral de las estrategias 5G, la asignación de espectro, las bandas pioneras, los objetivos de cobertura y las acciones regulatorias en diversos países de América. Esta información es de gran valor para que la ANE comprenda las tendencias regionales, identifique mejores prácticas y fundamente su propia agenda regulatoria para 2027-2028, especialmente en gestión del espectro (3.5 GHz, 26 GHz), políticas de infraestructura y obligaciones de cobertura."
e495db33ee0ce9c0fe20,CTSPLN20260033_Licence_renewal_framework.pdf,Cullen International,pdf,Disponibilidad de espectro para IMT,Disponibilidad de espectro,Marco de renovación de licencias de espectro en América,"[""Servicios móviles comerciales"", ""Servicios de comunicación inalámbrica"", ""Banda ancha móvil""]","[""850 MHz"", ""1900 MHz"", ""700 MHz"", ""AWS"", ""3.5 GHz"", ""900 MHz"", ""1800 MHz"", ""2100 MHz"", ""2.3 GHz"", ""2500-2690 MHz"", ""2600 MHz"", ""3400 MHz"", ""800 MHz""]","[""Brasil"", ""Argentina"", ""Canadá"", ""República Dominicana"", ""Ecuador"", ""México"", ""Perú"", ""Paraguay"", ""Chile"", ""Costa Rica"", ""Estados Unidos"", ""Colombia""]","[""Anatel"", ""TCU"", ""ISED"", ""Subtel"", ""MinTIC"", ""TIM"", ""Vivo"", ""Telefónica"", ""Algar"", ""Claro"", ""Entel"", ""WOM"", ""Movistar"", ""Tigo"", ""DirecTV"", ""ICE"", ""Liberty""]","[""Reguladores"", ""Operadores móviles"", ""Gobiernos"", ""Industria""]","[""Renovación"", ""Tasas / fees""]",Ajuste a iniciativa existente,"Disponibilidad de espectro para IMT; tecnologías: Servicios móviles comerciales, Servicios de comunicación inalámbrica, Banda ancha móvil; bandas: 850 MHz, 1900 MHz, 700 MHz, AWS.",10,Alta,3,13,"Este documento es altamente relevante ya que proporciona un análisis comparativo exhaustivo de los marcos de renovación de licencias de espectro, políticas y metodologías de cálculo de tarifas en varios países de América. Ofrece información valiosa sobre diferentes enfoques regulatorios, incluyendo compromisos de inversión y el desafío de medir la eficiencia del espectro. Esta información es crucial para que la ANE informe su agenda regulatoria 2027-2028, especialmente en lo que respecta a futuras adjudicaciones de espectro, condiciones de renovación y la promoción del uso eficiente del espectro en Colombia."
beecfb74b7b937198bd1,CTSPLN20260034_Health-related_limits_on_exposure_to_electromagnetic_fields.pdf,Cullen International,pdf,Disponibilidad de espectro para IMT,Disponibilidad de espectro,Límites de exposición a campos electromagnéticos (EMF) y su regulación,"[""Redes móviles"", ""5G"", ""Sistemas de antenas activas"", ""Dispositivos portátiles""]","[""100 kHz a 300 GHz"", ""3 kHz a 300 GHz"", ""400 MHz a 2 GHz"", ""2 GHz a 300 GHz"", ""6 GHz"", ""9 KHz a 2700 MHz"", ""2700 MHz a 300 GHz""]","[""Américas"", ""Chile"", ""Brasil"", ""Argentina"", ""Canadá"", ""Colombia"", ""Costa Rica"", ""República Dominicana"", ""Ecuador"", ""México"", ""Paraguay""]","[""ICNIRP"", ""IEEE"", ""ANSI"", ""ITU"", ""Cullen International"", ""CNC (Argentina)"", ""SeCom (Argentina)"", ""Anatel (Brasil)"", ""Ministerio de Salud (Argentina)"", ""Health Canada"", ""Ministerio de Medio Ambiente (Chile)"", ""Subtel (Chile)"", ""ANE (Colombia)"", ""MICITT (Costa Rica)"", ""Indotel (República Dominicana)"", ""IFT (México)"", ""CRT (México)"", ""ATDT (México)"", ""Conatel (Paraguay)""]","[""Reguladores nacionales"", ""Organismos internacionales de estandarización"", ""Gobiernos"", ""Operadores de telecomunicaciones"", ""Fabricantes de equipos"", ""Comunidad científica""]","[""Salud / EMF""]",Ajuste a iniciativa existente,"Disponibilidad de espectro para IMT; tecnologías: Redes móviles, 5G, Sistemas de antenas activas, Dispositivos portátiles; bandas: 100 kHz a 300 GHz, 3 kHz a 300 GHz, 400 MHz a 2 GHz, 2 GHz a 300 GHz.",10,Alta,3,13,"El documento es de alta relevancia para la Agenda Regulatoria ANE 2027-2028 porque menciona explícitamente la Resolución 773 de 2023 de la ANE, que actualiza la regulación de límites de EMF según las guías ICNIRP 2020, específicamente para la subasta multibanda 5G. Esto indica que la gestión de los límites de exposición a EMF es un componente activo y crítico de la agenda regulatoria de la ANE, directamente vinculado a la implementación de nuevas tecnologías inalámbricas y el uso eficiente del espectro."
5ea3cf4195d8c9597f86,CTSPLN20260035_LTE_and_broadband_service_in_450_MHz.pdf,Cullen International,pdf,Disponibilidad de espectro para IMT,Disponibilidad de espectro,Análisis del uso y desafíos de la banda de 450 MHz para servicios LTE y banda ancha en América,"[""LTE"", ""Broadband"", ""IMT"", ""IoT"", ""5G""]","[""450 MHz"", ""450–470 MHz"", ""410–430 MHz"", ""470–608 MHz"", ""470–512 MHz"", ""452.5–457.5 MHz"", ""462.5–467.5 MHz"", ""451–456 MHz"", ""461–466 MHz"", ""450–455 MHz"", ""460–465 MHz""]","[""Brasil"", ""Colombia"", ""Argentina"", ""Estados Unidos"", ""Perú"", ""Canadá"", ""Chile"", ""Costa Rica"", ""República Dominicana"", ""Ecuador"", ""México"", ""Paraguay"", ""Américas""]","[""ANE"", ""ITU"", ""Enacom"", ""Anatel"", ""Claro"", ""Oi"", ""TIM"", ""Vivo"", ""IFT"", ""CRT"", ""ATDT"", ""Conatel"", ""Cullen International"", ""3GPP""]","[""Reguladores"", ""Operadores móviles"", ""Organismos internacionales"", ""Fabricantes de equipos"", ""Industria satelital""]","[""Asignación de espectro"", ""Armonización internacional""]",Ajuste a iniciativa existente,"Disponibilidad de espectro para IMT; tecnologías: LTE, Broadband, IMT, IoT; bandas: 450 MHz, 450–470 MHz, 410–430 MHz, 470–608 MHz.",10,Alta,3,13,"El documento es altamente relevante para la Agenda Regulatoria ANE 2027-2028, ya que menciona explícitamente que la ANE de Colombia incluirá un estudio sobre la planificación del espectro de la banda de 450 MHz en su plan maestro 2026-2030 y agenda 2026-2027. Proporciona un análisis comparativo regional, identifica desafíos técnicos y de mercado (como la falta de equipos compatibles) y presenta casos de éxito y fracaso en la implementación de LTE en esta banda, información crucial para la toma de decisiones regulatorias futuras de la ANE."
9e3d67d0d7b01314015a,CTSPLN20260036_Regulation_of_the_700_MHz_band_first_digital_dividend.pdf,Cullen International,pdf,Disponibilidad de espectro para IMT,Disponibilidad de espectro,Regulación y despliegue de la banda de 700 MHz (primer dividendo digital) en América,"[""Banda ancha móvil"", ""Televisión Digital Terrestre (DTT)"", ""Televisión Analógica Terrestre"", ""Redes de área local inalámbricas (WLAN)"", ""Redes de área metropolitana inalámbricas (WMAN)"", ""5G""]","[""700 MHz"", ""698–806 MHz"", ""UHF"", ""3.5 GHz"", ""12.2–12.7 GHz"", ""Canal 69"", ""Canales 52–69"", ""Canales 14 y 15"", ""Canal 51""]","[""República Dominicana"", ""Brasil"", ""Estados Unidos"", ""Canadá"", ""México"", ""Argentina"", ""Chile"", ""Colombia"", ""Costa Rica"", ""Ecuador"", ""Paraguay"", ""Perú"", ""América Latina"", ""América del Norte""]","[""Cullen International"", ""Asia-Pacific Telecommunity (APT)"", ""Secom"", ""Enacom"", ""Anatel"", ""Winity"", ""Vivo"", ""Claro"", ""TIM"", ""Algar"", ""SUTEL"", ""Liberty"", ""Indotel"", ""Conatel"", ""CNT"", ""Altán Redes"", ""Copaco-Vox"", ""Proinversion"", ""FCC"", ""FirstNet"", ""AT&T"", ""ANE"", ""Mintic""]","[""Reguladores"", ""Operadores móviles"", ""Radiodifusores"", ""Organismos internacionales"", ""Gobierno"", ""Operadores regionales"", ""Operadores estatales"", ""Alianzas público-privadas"", ""Fabricantes""]","[""Asignación de espectro""]",Ajuste a iniciativa existente,"Disponibilidad de espectro para IMT; tecnologías: Banda ancha móvil, Televisión Digital Terrestre (DTT), Televisión Analógica Terrestre, Redes de área local inalámbricas (WLAN); bandas: 700 MHz, 698–806 MHz, UHF, 3.5 GHz.",10,Alta,3,13,"El documento es de alta relevancia para la Agenda Regulatoria ANE 2027-2028, ya que aborda directamente la gestión del espectro radioeléctrico, el dividendo digital y la mitigación de interferencias, temas centrales para la ANE. Además, menciona explícitamente las acciones y planes de la ANE en Colombia respecto a la asignación de la banda de 700 MHz y la consulta sobre bandas 5G, proporcionando contexto y posibles lecciones aprendidas para futuras regulaciones."
c6709f74707e31692d34,CTSPLN20260037_Status_of_the_600_MHz_band_second_digital_dividend.pdf,Cullen International,pdf,Disponibilidad de espectro para IMT,Disponibilidad de espectro,Estado y asignación de la banda de 600 MHz para servicios móviles IMT/5G en las Américas,"[""IMT"", ""5G"", ""Servicios de banda ancha inalámbrica"", ""Televisión Digital Terrestre (DTT)"", ""TV analógica""]","[""600 MHz"", ""UHF"", ""614–698 MHz"", ""470–608 MHz"", ""608–614 MHz"", ""512–698 MHz"", ""12.2–12.7 GHz"", ""VHF""]","[""Chile"", ""México"", ""Argentina"", ""Colombia"", ""República Dominicana"", ""Ecuador"", ""Paraguay"", ""Estados Unidos"", ""Canadá"", ""Brasil"", ""Costa Rica"", ""Perú"", ""América Latina y el Caribe"", ""América del Norte"", ""Américas""]","[""IFT"", ""FCC"", ""ISED"", ""Setic"", ""Enacom"", ""Anatel"", ""Subtel"", ""ANE"", ""MICITT"", ""ITU-R"", ""Cullen International"", ""Ministerio de Comunicaciones de Brasil"", ""CRT""]","[""Reguladores"", ""Operadores móviles"", ""Radiodifusores"", ""Organismos internacionales"", ""Gobiernos""]","[""Subasta"", ""Asignación de espectro""]",Ajuste a iniciativa existente,"Disponibilidad de espectro para IMT; tecnologías: IMT, 5G, Servicios de banda ancha inalámbrica, Televisión Digital Terrestre (DTT); bandas: 600 MHz, UHF, 614–698 MHz, 470–608 MHz.",10,Alta,3,13,"El documento es de alta relevancia para la Agenda Regulatoria ANE 2027-2028 porque aborda directamente la gestión y asignación de la banda de 600 MHz, identificada por ANE para IMT y 5G con planes de adjudicación para 2029. Proporciona un benchmark regional crucial sobre el estado de esta banda, las estrategias de refarming y las decisiones regulatorias de otros países, lo cual es fundamental para la planificación estratégica del espectro en Colombia."
ad8a2449ab47bc07d566,CTSPLN20260038_Status_of_the_33398_GHz_band.pdf,Cullen International,pdf,"Conectividad satelital, NTN y D2D",Conectividad satelital,Gestión y asignación de la banda 3.3-3.98 GHz para 5G en América,"[""5G"", ""4G"", ""IMT"", ""WiMAX"", ""Fixed Wireless Access"", ""Satélites"", ""Redes privadas""]","[""3.3–3.98 GHz"", ""3.5 GHz"", ""3.8 GHz"", ""3300–3800 MHz"", ""3300–3400 MHz"", ""3400–3600 MHz"", ""3600–3700 MHz"", ""3700–3800 MHz"", ""3450–3650 MHz"", ""3650–3900 MHz"", ""3900–3980 MHz"", ""410 MHz"", ""900 MHz"", ""26 GHz"", ""10150–10650 MHz"", ""6 GHz"", ""3700–4200 MHz""]","[""Paraguay"", ""República Dominicana"", ""Colombia"", ""Canadá"", ""Estados Unidos"", ""Américas"", ""Bahamas"", ""Belice"", ""Brasil"", ""Costa Rica"", ""Guatemala"", ""Perú"", ""Trinidad y Tobago"", ""Uruguay"", ""Argentina"", ""Ecuador"", ""México"", ""Chile""]","[""Cullen International"", ""WRC-23"", ""WRC-15"", ""Anatel"", ""ISED (Innovation, Science and Economic Development Canada)"", ""Subtel"", ""ANE (Agencia Nacional del Espectro)"", ""SUTEL"", ""Claro"", ""Liberty"", ""ICE Kolbi"", ""Indotel"", ""IFT (Instituto Federal de Telecomunicaciones)"", ""Radiomovil (Telcel – America Movil)"", ""CRT (Telecommunications Regulatory Commission)"", ""ATDT (Digital Transformation and Telecommunications Agency)"", ""Conatel"", ""MTC (Ministry of Transport and Communications)"", ""Bitel"", ""Entel"", ""Integratel (Telefonica)"", ""Enacom"", ""Arsat"", ""Gaispi""]","[""Reguladores"", ""Operadores móviles"", ""Organismos internacionales"", ""Industria satelital"", ""Gobiernos"", ""Usuarios legados"", ""Pequeños operadores"", ""Industria vertical""]","[""Subasta"", ""Asignación de espectro"", ""Armonización internacional""]",Nota técnica,"Conectividad satelital, NTN y D2D; tecnologías: 5G, 4G, IMT, WiMAX; bandas: 3.3–3.98 GHz, 3.5 GHz, 3.8 GHz, 3300–3800 MHz.",10,Alta,3,13,"El documento es altamente relevante para la Agenda Regulatoria ANE 2027-2028 porque proporciona un análisis detallado de la gestión y asignación de la banda 3.3-3.98 GHz para 5G en la región de las Américas, incluyendo a Colombia. Aborda la identificación de espectro por la WRC, las estrategias de subasta, la migración de usuarios legados y la planificación de frecuencias. La mención explícita de la ANE y su propuesta para redes privadas en bandas clave como 3.5 GHz y 26 GHz lo convierte en una fuente directa de información para la formulación de políticas y regulaciones futuras en Colombia."
5405644ea8c11ee77277,CTSPLN20260039_Status_of_5G_spectrum_above_24_GHz_.pdf,Cullen International,pdf,Disponibilidad de espectro para IMT,Disponibilidad de espectro,Estado del espectro 5G por encima de 24 GHz en las Américas,"[""5G"", ""IMT"", ""Redes móviles"", ""Redes fijas""]","[""26 GHz"", ""28 GHz"", ""37 GHz"", ""66–71 GHz (66 GHz)"", ""45.5–47 GHz (47 GHz)"", ""47.2–48.2 GHz"", ""24 GHz"", ""39 GHz"", ""40 GHz"", ""3.5 GHz"", ""410 MHz"", ""900 MHz"", ""6 GHz"", ""mmWave""]","[""Colombia"", ""Argentina"", ""Brazil"", ""Canada"", ""Chile"", ""Costa Rica"", ""Dominican Republic"", ""Ecuador"", ""Mexico"", ""Paraguay"", ""Peru"", ""United States"", ""Americas (Region 2)"", ""Region 1"", ""Region 3""]","[""Cullen International"", ""WRC-19"", ""WRC-23"", ""Enacom"", ""ISED"", ""SUTEL"", ""Arcotel"", ""IFT"", ""Telecommunications Regulatory Commission (CRT)"", ""Digital Transformation and Telecommunications Agency (ATDT)"", ""Conatel"", ""Ministry of Communications (MTC)"", ""MinTIC"", ""ANE"", ""Claro"", ""Entel"", ""Wom"", ""Liberty""]","[""Reguladores"", ""Gobiernos"", ""Partes interesadas"", ""Operadores móviles""]","[""Asignación de espectro"", ""Armonización internacional""]",Ajuste a iniciativa existente,"Disponibilidad de espectro para IMT; tecnologías: 5G, IMT, Redes móviles, Redes fijas; bandas: 26 GHz, 28 GHz, 37 GHz, 66–71 GHz (66 GHz).",10,Alta,3,13,"Este documento es de alta relevancia para la Agenda Regulatoria ANE 2027-2028 porque proporciona un análisis detallado del estado del espectro 5G en bandas de alta frecuencia en la región de las Américas, incluyendo a Colombia y sus propuestas regulatorias (como la de redes privadas y el uso de la banda de 26 GHz). Ofrece un benchmark regional y menciona explícitamente a la ANE en relación con el desarrollo de propuestas técnicas. La información sobre la disponibilidad y asignación de espectro, las bandas de frecuencia clave y las tendencias regulatorias en otros países de la región es fundamental para la planificación estratégica y la toma de decisiones de la ANE respecto a la gestión del espectro y la implementación de 5G y futuras tecnologías."
8b4d1078d44cd3a491ff,CTSPLN20260040_TV_white_spaces.pdf,Cullen International,pdf,Armonización y gestión internacional,Gestión internacional del espectro,Uso de TV White Spaces para banda ancha,"[""TVWS"", ""Radio cognitiva"", ""Banda ancha inalámbrica"", ""Servicios de Internet"", ""Servicios fijos de voz y datos"", ""Modem-router"", ""CPE (Customer Premises Equipment)"", ""Sistema de televisión digital terrestre""]","[""54–72 MHz"", ""174–216 MHz"", ""470–608 MHz"", ""614–698 MHz"", ""512–608 MHz"", ""76–88 MHz"", ""657–663 MHz"", ""470–698 MHz"", ""470–488 MHz"", ""614–644 MHz"", ""644–698 MHz"", ""470–692 MHz"", ""VHF"", ""UHF"", ""600 MHz""]","[""Américas"", ""Brasil"", ""Canadá"", ""Colombia"", ""Ecuador"", ""Perú"", ""Estados Unidos"", ""México"", ""Argentina"", ""Chile"", ""Costa Rica"", ""República Dominicana"", ""Paraguay""]","[""Cullen International"", ""Anatel"", ""IFT"", ""Subtel"", ""Microsoft"", ""Compromiso País"", ""Inter American Development Bank (IADB)"", ""ANE"", ""Arcotel"", ""MTC"", ""FCC"", ""Telecommunications Regulatory Commission (CRT)"", ""Digital Transformation and Telecommunications Agency (ATDT)""]","[""Reguladores"", ""Operadores móviles"", ""Radiodifusores"", ""Usuarios finales"", ""Gobiernos nacionales"", ""Gobiernos locales"", ""Industria de telecomunicaciones"", ""Organismos internacionales""]","[""Asignación de espectro"", ""Tasas / fees"", ""Armonización internacional""]",Seguimiento,"Armonización y gestión internacional; tecnologías: TVWS, Radio cognitiva, Banda ancha inalámbrica, Servicios de Internet; bandas: 54–72 MHz, 174–216 MHz, 470–608 MHz, 614–698 MHz.",10,Alta,3,13,"El documento es altamente relevante para la Agenda Regulatoria ANE 2027-2028 porque proporciona un análisis comparativo de la regulación y el uso de TV White Spaces en las Américas, incluyendo la propia Resolución 105 de 2020 de la ANE. Ofrece información valiosa sobre la gestión del espectro, el uso eficiente de bandas de TV para banda ancha, la prevención de interferencias y las tendencias regulatorias en la región, aspectos clave para la formulación de políticas futuras de espectro y conectividad."
acd0ed05e2759593129d,CTSPLN20260041_Coverage_and_other_obligations_associated_to_spectrum_rights (1).pdf,Cullen International,pdf,Disponibilidad de espectro para IMT,Disponibilidad de espectro,Obligaciones de cobertura y otras condiciones en derechos de espectro,"[""4G"", ""5G"", ""2G"", ""3G"", ""Redes móviles"", ""Fibra óptica"", ""MVNO"", ""Compartición de infraestructura"", ""Roaming nacional""]","[""700 MHz"", ""2.6 GHz"", ""3.5 GHz"", ""450 MHz"", ""2.3 GHz"", ""26 GHz"", ""AWS-3 (1700–2100 MHz)"", ""600 MHz"", ""3.8 GHz""]","[""Brasil"", ""Canadá"", ""Argentina"", ""Perú"", ""Colombia"", ""Costa Rica"", ""República Dominicana"", ""Paraguay"", ""México"", ""Estados Unidos"", ""Chile"", ""Américas""]","[""Cullen International"", ""FCC"", ""Enacom"", ""Anatel"", ""Subtel"", ""Claro"", ""Movistar"", ""Personal"", ""Oi"", ""Tim"", ""Vivo"", ""Amazônia 5G"", ""Brisanet"", ""iez!"", ""Unifique"", ""Rogers"", ""TELUS"", ""Bell"", ""Vidéotron"", ""SaskTel"", ""Bragg"", ""TBayTe"", ""Freedom"", ""Entel"", ""Red Compartida"", ""REFEFO""]","[""Reguladores de telecomunicaciones"", ""Operadores móviles"", ""Operadores móviles virtuales (MVNOs)"", ""Industria satelital"", ""Gobierno"", ""Radiodifusores"", ""Fabricantes de equipos""]","[""Subasta"", ""Compartición de espectro""]",Ajuste a iniciativa existente,"Disponibilidad de espectro para IMT; tecnologías: 4G, 5G, 2G, 3G; bandas: 700 MHz, 2.6 GHz, 3.5 GHz, 450 MHz.",10,Alta,3,13,"Este documento es altamente relevante para la Agenda Regulatoria ANE 2027-2028 porque proporciona un análisis comparativo de las obligaciones de cobertura y otras condiciones asociadas a las licencias de espectro en la región de las Américas. Ofrece ejemplos concretos de cómo diferentes países abordan la expansión de la conectividad (incluyendo 4G y 5G), la inclusión de zonas rurales, el acceso mayorista y la mitigación de interferencias. Esta información es crucial para informar la formulación de políticas y regulaciones de espectro en Colombia, permitiendo a la ANE aprender de las mejores prácticas y desafíos de otros reguladores."
01335e405be3acba75f4,CTSPLN20260041_Coverage_and_other_obligations_associated_to_spectrum_rights.pdf,Cullen International,pdf,"Conectividad satelital, NTN y D2D",Conectividad satelital,Obligaciones de cobertura y otras condiciones asociadas a los derechos de espectro,"[""4G"", ""5G"", ""3G"", ""2G"", ""Conectividad móvil"", ""Banda ancha fija y móvil"", ""LTE""]","[""700 MHz"", ""2.6 GHz"", ""3.5 GHz"", ""2.5 GHz"", ""450 MHz"", ""2.3 GHz"", ""26 GHz"", ""AWS-3 (1700-2100 MHz)"", ""2500 MHz"", ""600 MHz"", ""3.8 GHz""]","[""Brasil"", ""Canadá"", ""Argentina"", ""Colombia"", ""Costa Rica"", ""República Dominicana"", ""Perú"", ""Paraguay"", ""México"", ""Estados Unidos"", ""Chile""]","[""Cullen International"", ""Anatel"", ""Enacom"", ""FCC"", ""Subtel"", ""Claro"", ""Movistar"", ""Personal"", ""Oi"", ""Tim"", ""Vivo"", ""Amazônia 5G"", ""Brisanet"", ""iez!"", ""Unifique"", ""Rogers"", ""TELUS"", ""Bell"", ""Vidéotron"", ""SaskTel"", ""Bragg"", ""WIND"", ""TBayTe"", ""Freedom"", ""Entel"", ""REFEFO""]","[""Reguladores de espectro"", ""Operadores de redes móviles (MNOs)"", ""Operadores móviles virtuales (MVNOs)"", ""Nuevos operadores entrantes"", ""Canales de radiodifusión"", ""Gobierno federal"", ""Industria satelital""]","[""Subasta""]",Nota técnica,"Conectividad satelital, NTN y D2D; tecnologías: 4G, 5G, 3G, 2G; bandas: 700 MHz, 2.6 GHz, 3.5 GHz, 2.5 GHz.",10,Alta,3,13,"Este documento es altamente relevante para la Agenda Regulatoria ANE 2027-2028 porque proporciona un análisis comparativo detallado de las obligaciones de cobertura y otras condiciones asociadas a las licencias de espectro en la región de las Américas. Ofrece ejemplos concretos de cómo diferentes reguladores (Anatel, Enacom, FCC, Subtel) abordan la extensión de servicios (4G, 5G), la conectividad en zonas rurales, el acceso mayorista y la gestión de bandas de frecuencia clave. Esta información es crucial para la ANE al momento de diseñar políticas que promuevan el uso eficiente del espectro, la expansión de la conectividad y la introducción de nuevas tecnologías, considerando las mejores prácticas y lecciones aprendidas de otros países."
655c131217fa805923f4,CTSPLN20260042_Spectrum_trading (1).pdf,Cullen International,pdf,Disponibilidad de espectro para IMT,Disponibilidad de espectro,Regulación y prácticas de trading de espectro radioeléctrico en América,"[""Conectividad móvil"", ""Servicios inalámbricos"", ""Acceso inalámbrico fijo (FWA)""]","[""3.5 GHz"", ""700 MHz"", ""1900 MHz"", ""AWS band"", ""2.5 GHz"", ""Todas las bandas de espectro""]","[""Brasil"", ""Chile"", ""Costa Rica"", ""República Dominicana"", ""Paraguay"", ""Estados Unidos"", ""Argentina"", ""Canadá"", ""Colombia"", ""Ecuador"", ""México"", ""Perú""]","[""Cullen International"", ""FCC"", ""Anatel"", ""CADE"", ""Ministerio de Industria (Canadá)"", ""Subtel"", ""Ministerio de TIC (Mintic)"", ""MICITT"", ""Indotel"", ""Arcotel"", ""SCPM"", ""CRT"", ""ATDT"", ""IFT"", ""Conatel"", ""MTC"", ""Enacom"", ""Ligga"", ""Copel"", ""Unifique"", ""Sercomtel"", ""Amazônia 5G consortium"", ""Winity"", ""Vivo (Telefónica)"", ""Blue Canada Wireless"", ""Bell Mobility"", ""Entel"", ""Claro (America Movil)"", ""Telcel"", ""Axtel"", ""OLO del Peru"", ""TVS Wireless""]","[""Reguladores de telecomunicaciones"", ""Operadores móviles"", ""Operadores regionales"", ""Autoridades de competencia"", ""Licenciatarios de espectro"", ""Industria de telecomunicaciones""]","[""Otro""]",Ajuste a iniciativa existente,"Disponibilidad de espectro para IMT; tecnologías: Conectividad móvil, Servicios inalámbricos, Acceso inalámbrico fijo (FWA); bandas: 3.5 GHz, 700 MHz, 1900 MHz, AWS band.",10,Alta,3,13,"Este documento es altamente relevante para la Agenda Regulatoria ANE 2027-2028, ya que proporciona un benchmark detallado sobre el 'spectrum trading' en la región. Ofrece información crucial sobre enfoques regulatorios, condiciones de aprobación, bandas elegibles y ejemplos de transacciones. Esto es fundamental para la ANE en la formulación de políticas que promuevan la gestión flexible y eficiente del espectro, la competencia y la adaptación a las necesidades cambiantes de los operadores y las nuevas tecnologías, considerando las mejores prácticas y desafíos de otros países."
5a62107074d48514b31b,CTSPLN20260042_Spectrum_trading.pdf,Cullen International,pdf,Disponibilidad de espectro para IMT,Disponibilidad de espectro,Comercialización y arrendamiento de espectro radioeléctrico (Spectrum Trading),"[""Redes móviles"", ""Acceso inalámbrico fijo (FWA)"", ""Wimax"", ""5G""]","[""3.5 GHz"", ""700 MHz"", ""1900 MHz"", ""2.5 GHz"", ""Banda AWS"", ""PCS-G""]","[""Brasil"", ""Chile"", ""Costa Rica"", ""República Dominicana"", ""Paraguay"", ""Estados Unidos"", ""Argentina"", ""Canadá"", ""Colombia"", ""Ecuador"", ""México"", ""Perú"", ""Norteamérica""]","[""Cullen International"", ""Anatel"", ""CADE"", ""FCC"", ""Subtel"", ""Mintic"", ""MICITT"", ""Indotel"", ""Arcotel"", ""SCPM"", ""Enacom"", ""Minister of Industry (Canadá)"", ""CRT"", ""ATDT"", ""IFT"", ""Conatel"", ""MTC"", ""Ligga"", ""Copel"", ""Unifique"", ""Sercomtel"", ""Amazônia 5G consortium"", ""Winity"", ""Vivo (Telefónica)"", ""Blue Canada Wireless"", ""Bell Mobility"", ""Entel"", ""Claro (America Movil)"", ""Telcel"", ""Axtel"", ""OLO del Peru"", ""TVS Wireless"", ""OECD""]","[""Reguladores de telecomunicaciones"", ""Autoridades de competencia"", ""Operadores móviles (MNOs)"", ""Operadores regionales"", ""Ministerios de TIC"", ""Consorcios"", ""Proveedores de servicios inalámbricos"", ""Organismos internacionales""]","[""Otro""]",Ajuste a iniciativa existente,"Disponibilidad de espectro para IMT; tecnologías: Redes móviles, Acceso inalámbrico fijo (FWA), Wimax, 5G; bandas: 3.5 GHz, 700 MHz, 1900 MHz, 2.5 GHz.",10,Alta,3,13,"Este documento es altamente relevante para la Agenda Regulatoria ANE 2027-2028, ya que aborda directamente la gestión del espectro radioeléctrico y su uso eficiente. El ""spectrum trading"" ofrece flexibilidad y puede optimizar la asignación de recursos escasos. La ANE puede aprender de las experiencias y marcos regulatorios de otros países de la región, evaluando la implementación o mejora de mecanismos de mercado secundario de espectro en Colombia, considerando aspectos como la aprobación previa, los límites de espectro y el impacto en la competencia, lo cual es crucial para futuras tecnologías y bandas."
ab04a69b303df649d2e8,CTSPLN20260043_Regulation_of_spectrum_fees.pdf,Cullen International,pdf,Disponibilidad de espectro para IMT,Disponibilidad de espectro,Regulación de tarifas del espectro radioeléctrico en las Américas,"[""Servicios móviles"", ""Redes IMT"", ""5G"", ""Inalámbricas""]","[""700 MHz"", ""AWS"", ""6 GHz"", ""2.5 GHz"", ""600 MHz"", ""3.5 GHz"", ""1.8 GHz"", ""2.1 GHz"", ""1900 MHz"", ""2.6 GHz"", ""10 GHz""]","[""Argentina"", ""Brasil"", ""Canadá"", ""Chile"", ""Colombia"", ""Costa Rica"", ""República Dominicana"", ""Ecuador"", ""México"", ""Paraguay"", ""Perú"", ""Estados Unidos""]","[""Cullen International"", ""NRA"", ""Enacom"", ""FISTEL"", ""Anatel"", ""ISED"", ""SUTEL"", ""Indotel"", ""Mintel"", ""ARCOTEL"", ""MTC"", ""FCC"", ""SeTyC"", ""Mintic""]","[""Administraciones nacionales"", ""Operadores móviles"", ""Reguladores"", ""Gobiernos"", ""Ministerios TIC"", ""Industria satelital""]","[""Asignación de espectro"", ""Renovación"", ""Tasas / fees""]",Ajuste a iniciativa existente,"Disponibilidad de espectro para IMT; tecnologías: Servicios móviles, Redes IMT, 5G, Inalámbricas; bandas: 700 MHz, AWS, 6 GHz, 2.5 GHz.",10,Alta,3,13,"Este documento es altamente relevante para la Agenda Regulatoria ANE 2027-2028, ya que proporciona un análisis comparativo detallado sobre la regulación de tarifas del espectro radioeléctrico en la región de las Américas. La información sobre la existencia, cálculo, destino y métodos de pago de las tarifas, así como las prácticas de intercambio de tarifas por compromisos de cobertura o inversión, es crucial para que la ANE evalúe y formule políticas eficientes y competitivas para la gestión del espectro en Colombia. Permite identificar mejores prácticas y tendencias regulatorias internacionales que pueden informar la toma de decisiones sobre la estructura de costos del espectro y su impacto en la inversión y expansión de servicios móviles."
77b0bdd09dcf2d823706,CTSPLN20260044_Upcoming_and_ongoing_spectrum_awards (1).pdf,Cullen International,pdf,Disponibilidad de espectro para IMT,Disponibilidad de espectro,Asignación de espectro y bandas IMT para 5G en las Américas,"[""5G"", ""IMT"", ""Redes móviles"", ""Conectividad inalámbrica""]","[""2.3 GHz"", ""3.5 GHz"", ""AWS-3 band"", ""28 GHz"", ""38 GHz"", ""2 GHz"", ""600 MHz"", ""3.3–3.4 GHz"", ""3.6–3.7 GHz"", ""3.7–3.8 GHz"", ""4800–4990 MHz"", ""6425–7125 MHz"", ""10.0–10.5 GHz"", ""24 GHz band"", ""614–698 MHz"", ""1427–1518 MHz"", ""6 GHz""]","[""Paraguay"", ""US"", ""Canada"", ""Argentina"", ""Dominican Republic"", ""Jamaica"", ""Chile"", ""Colombia"", ""Brazil"", ""Mexico"", ""Costa Rica"", ""Americas""]","[""Cullen International"", ""ISED"", ""WRC-23"", ""WRC-19"", ""WRC-15""]","[""Reguladores"", ""Organismos internacionales"", ""Operadores móviles"", ""Industria de telecomunicaciones""]","[""Subasta"", ""Asignación de espectro"", ""Armonización internacional""]",Ajuste a iniciativa existente,"Disponibilidad de espectro para IMT; tecnologías: 5G, IMT, Redes móviles, Conectividad inalámbrica; bandas: 2.3 GHz, 3.5 GHz, AWS-3 band, 28 GHz.",10,Alta,3,13,"Este documento es altamente relevante para la Agenda Regulatoria ANE 2027-2028 porque proporciona un panorama actualizado de las subastas de espectro en curso y futuras en la región de las Américas, así como las identificaciones de bandas IMT por parte de las WRC. Esta información es crucial para la planificación estratégica del espectro, la identificación de bandas prioritarias para futuras asignaciones (incluyendo 5G), la armonización regional y la anticipación de tendencias regulatorias y tecnológicas que impactarán la gestión del espectro en Colombia."
98b47614c7e50c3847d5,CTSPLN20260044_Upcoming_and_ongoing_spectrum_awards.pdf,Cullen International,pdf,Disponibilidad de espectro para IMT,Disponibilidad de espectro,Asignación y planificación de espectro para IMT y 5G,"[""5G"", ""IMT"", ""Redes móviles""]","[""2.3 GHz"", ""3.5 GHz"", ""AWS-3 band"", ""28 GHz"", ""38 GHz"", ""2 GHz"", ""3.3–3.4 GHz"", ""3.6–3.7 GHz"", ""3.7–3.8 GHz"", ""4800–4990 MHz"", ""6425–7125 MHz"", ""10.0–10.5 GHz"", ""24 GHz band"", ""614–698 MHz"", ""1427–1518 MHz"", ""6 GHz"", ""600 MHz"", ""Banda milimétrica""]","[""Paraguay"", ""US"", ""Canada"", ""Argentina"", ""Dominican Republic"", ""Jamaica"", ""Chile"", ""Colombia"", ""Brazil"", ""Mexico"", ""Costa Rica"", ""Americas"", ""Latin American countries""]","[""Cullen International"", ""ISED"", ""WRC-23"", ""WRC-19"", ""WRC-15""]","[""Reguladores"", ""Operadores móviles"", ""Organismos internacionales"", ""Gobiernos""]","[""Subasta"", ""Asignación de espectro"", ""Armonización internacional""]",Ajuste a iniciativa existente,"Disponibilidad de espectro para IMT; tecnologías: 5G, IMT, Redes móviles; bandas: 2.3 GHz, 3.5 GHz, AWS-3 band, 28 GHz.",10,Alta,3,13,"Este documento es altamente relevante para la Agenda Regulatoria ANE 2027-2028 porque proporciona un panorama actualizado de las subastas de espectro a nivel regional e internacional, así como las bandas de frecuencia identificadas por las Conferencias Mundiales de Radiocomunicaciones (WRC) para IMT y 5G. Esta información es fundamental para la planificación estratégica del espectro en Colombia, la armonización con tendencias globales y la preparación para futuras asignaciones y regulaciones de nuevas tecnologías. Permite a la ANE anticipar necesidades y oportunidades regulatorias."
404b134ef751e827b127,CTSPLN20260045_Spectrum_caps.pdf,Cullen International,pdf,Disponibilidad de espectro para IMT,Disponibilidad de espectro,Límites de espectro (spectrum caps) y su aplicación regulatoria,"[""5G"", ""Servicios móviles"", ""Broadband Radio Service (BRS)""]","[""<1 GHz"", ""1-3 GHz"", ""6 GHz"", "">24 GHz"", ""700 MHz"", ""1800 MHz"", ""2.1 GHz"", ""2.3 GHz"", ""2.5 GHz"", ""3.5 GHz"", ""3.8 GHz"", ""600 MHz"", ""AWS (1700-2100 MHz)"", ""AWS-1 (1710-1755/2110-2155 MHz)"", ""800 MHz"", ""850 MHz"", ""PCS"", ""1.7 GHz"", ""1.9 GHz"", ""2.6 GHz"", ""28 GHz"", ""37 GHz"", ""39 GHz"", ""mmWave""]","[""Colombia"", ""Argentina"", ""Brazil"", ""Canada"", ""Chile"", ""Costa Rica"", ""Dominican Republic"", ""Ecuador"", ""Mexico"", ""Paraguay"", ""Peru"", ""United States""]","[""Cullen International"", ""Enacom"", ""Anatel"", ""FNE"", ""MinTIC"", ""ICE Kolbi"", ""Arcotel"", ""Mintel"", ""IFT"", ""COFETEL"", ""Conatel"", ""MTC"", ""FCC""]","[""Reguladores"", ""Operadores móviles"", ""Autoridades de competencia"", ""Organismos internacionales""]","[""Asignación de espectro"", ""Topes de espectro""]",Ajuste a iniciativa existente,"Disponibilidad de espectro para IMT; tecnologías: 5G, Servicios móviles, Broadband Radio Service (BRS); bandas: <1 GHz, 1-3 GHz, 6 GHz, >24 GHz.",10,Alta,3,13,"Este documento es de alta relevancia para la Agenda Regulatoria ANE 2027-2028 porque aborda directamente la gestión del espectro radioeléctrico a través de los límites de espectro (spectrum caps). La ANE, como entidad encargada de la vigilancia y planificación del espectro, necesita comprender las tendencias internacionales y las mejores prácticas regulatorias para asegurar una asignación eficiente y competitiva del espectro, especialmente en el contexto de la expansión de 5G y futuras tecnologías. La información sobre diferentes enfoques regulatorios y bandas de frecuencia es crucial para la formulación de políticas que promuevan la competencia y la conectividad en Colombia."
9efff7c86751709ab424,CTSPLN20260046_Overview_of_spectrum_bands.pdf,Cullen International,pdf,Disponibilidad de espectro para IMT,Disponibilidad de espectro,Panorama global de bandas de espectro para 4G y 5G,"[""LTE"", ""5G"", ""Wi-Fi"", ""GSM"", ""UMTS"", ""Intelligent Transport Systems (ITS)"", ""DVB-T"", ""DAB radio"", ""Radio enlaces""]","[""450 MHz"", ""600 MHz"", ""700 MHz"", ""800 MHz"", ""SMR"", ""850 MHz"", ""900 MHz"", ""1500 MHz"", ""1800 MHz"", ""1900 MHz"", ""AWS band"", ""2.1 GHz"", ""2.3 GHz"", ""2.4 GHz"", ""2.6 GHz"", ""3.5 GHz"", ""4.4–5.0 GHz"", ""5 GHz"", ""5.9 GHz"", ""6 GHz"", "">24 GHz"", ""26 GHz"", ""40 GHz"", ""47.2–48.2 GHz"", ""HF"", ""VHF"", ""UHF"", ""L-band"", ""S-band"", ""C-band"", ""X-band"", ""banda Ku"", ""K-band"", ""banda Ka"", ""V-band"", ""W-band"", ""G-band"", ""E-band"", ""T-Band""]","[""Americas"", ""Europe"", ""United States"", ""Canada"", ""Asia"", ""Africa"", ""Oceania"", ""Brazil"", ""Chile"", ""EU""]","[""Cullen International"", ""3GPP"", ""IEEE"", ""Asia-Pacific Telecommunity (APT)""]","[""Reguladores"", ""Operadores móviles"", ""Fabricantes de equipos"", ""Organismos de estandarización"", ""Industria satelital"", ""Radiodifusores"", ""Industria del transporte inteligente""]","[""Subasta"", ""Asignación de espectro""]",Ajuste a iniciativa existente,"Disponibilidad de espectro para IMT; tecnologías: LTE, 5G, Wi-Fi, GSM; bandas: 450 MHz, 600 MHz, 700 MHz, 800 MHz.",10,Alta,3,13,"El documento es fundamental para la ANE ya que detalla el uso y la asignación de bandas de espectro clave para 4G y 5G a nivel global y regional. Proporciona información sobre tendencias de asignación, tecnologías emergentes (5G NR, Wi-Fi 6 GHz), y diferencias regulatorias entre continentes (Américas vs. Europa), lo cual es crucial para la planificación y formulación de la Agenda Regulatoria 2027-2028 en Colombia, permitiendo identificar oportunidades y desafíos en la gestión del espectro y la adopción de nuevas tecnologías."
d927ded54343fad929f9,CTSPLN20260047_Spectrum_for_industrial_5G_networks.pdf,Cullen International,pdf,Disponibilidad de espectro para IMT,Disponibilidad de espectro,Espectro para redes 5G industriales y privadas,"[""5G"", ""Redes privadas"", ""Redes móviles"", ""Redes fijas"", ""Broadband"", ""CBRS (Citizens Broadband Radio Service)"", ""IoT""]","[""900 MHz"", ""410 MHz"", ""3.5 GHz"", ""26 GHz"", ""3.75-3.8 GHz"", ""28 GHz"", ""3.7 GHz"", ""3.9 GHz"", ""2.3-2.4 GHz"", ""410-415 MHz"", ""420-425 MHz"", ""806-809 MHz"", ""851-854 MHz"", ""2390-2400 MHz"", ""2485-2495 MHz"", ""27.5-27.9 GHz"", ""3900-3980 MHz"", ""27.5-28.35 GHz"", ""3.55-3.65 GHz"", ""896-901 MHz"", ""935-940 MHz""]","[""US"", ""Colombia"", ""Argentina"", ""Chile"", ""Brazil"", ""Canada"", ""Latin America"", ""Costa Rica"", ""Dominican Republic"", ""Ecuador"", ""Mexico"", ""Paraguay"", ""Peru""]","[""Cullen International"", ""Anatel"", ""Enacom"", ""ISED"", ""Subtel"", ""ANE"", ""FCC"", ""Amazon AWS"", ""Ericsson""]","[""Reguladores"", ""Industria (verticales)"", ""Operadores móviles"", ""Operadores de redes privadas"", ""Fabricantes"", ""Empresas de servicios públicos""]","[""Subasta"", ""Asignación de espectro"", ""Compartición de espectro""]",Ajuste a iniciativa existente,"Disponibilidad de espectro para IMT; tecnologías: 5G, Redes privadas, Redes móviles, Redes fijas; bandas: 900 MHz, 410 MHz, 3.5 GHz, 26 GHz.",10,Alta,3,13,"El documento proporciona un análisis comparativo actualizado (mayo 2026) sobre la gestión del espectro para redes 5G industriales y privadas en América Latina, Canadá y EE. UU. Incluye detalles sobre bandas de frecuencia, modelos de licenciamiento, y enfoques regulatorios para la gestión de interferencias y el uso compartido del espectro. Esta información es crucial para la ANE al formular su Agenda Regulatoria 2027-2028, ya que permite identificar tendencias, mejores prácticas y desafíos en la asignación de espectro para nuevos usos y tecnologías, especialmente en el contexto de la digitalización industrial y la expansión de 5G. La mención explícita de Colombia y la propuesta de ANE es directamente relevante."
7072ffe44a7ae1704d72,CTSPLN20260048_Spectrum_refarming.pdf,Cullen International,pdf,"Conectividad satelital, NTN y D2D",Conectividad satelital,Procesos de refarming y gestión del espectro radioeléctrico en América,"[""2G"", ""3G"", ""4G"", ""5G"", ""IMT (International Mobile Telecommunications)"", ""Servicios móviles"", ""Servicios satelitales"", ""Banda ancha inalámbrica"", ""Sistemas de radio troncalizado""]","[""600 MHz"", ""700 MHz"", ""6 GHz"", ""3.5 GHz"", ""3.3–3.4 GHz"", ""3.6–3.7 GHz"", ""3475–3650 MHz"", ""3625–3700 MHz"", ""900 MHz"", ""905–915 MHz"", ""950–960 MHz"", ""890–960 MHz"", ""902–940 MHz"", ""947–960 MHz"", ""2.6 GHz"", ""2.5 GHz"", ""3.8 GHz"", ""850 MHz"", ""SMR 806–824 MHz"", ""SMR 851–869 MHz"", ""2.3 GHz"", ""2300–2330 MHz"", ""3.7–4.2 GHz"", ""12–18 GHz"", ""410–4230 MHz""]","[""América"", ""Argentina"", ""Brasil"", ""Canadá"", ""Costa Rica"", ""México"", ""Perú"", ""Chile"", ""Colombia"", ""Ecuador"", ""Paraguay"", ""Estados Unidos"", ""República Dominicana""]","[""Cullen International"", ""Enacom"", ""Anatel"", ""ISED (Innovation, Science and Economic Development Canada)"", ""MICITT"", ""ICE"", ""Liberty"", ""RACSA"", ""IFT"", ""CRT (Telecommunications Regulatory Commission)"", ""ATDT (Digital Transformation and Telecommunications Agency)"", ""MTC"", ""Proinversion"", ""Bitel (Viettel group)"", ""SUTEL"", ""Nextel"", ""AT&T""]","[""Reguladores"", ""Operadores móviles"", ""Industria satelital"", ""Licenciatarios actuales"", ""Nuevos operadores"", ""Gobierno"", ""Entidades sin ánimo de lucro""]","[""Refarming"", ""Asignación de espectro"", ""Armonización internacional""]",Nota técnica,"Conectividad satelital, NTN y D2D; tecnologías: 2G, 3G, 4G, 5G; bandas: 600 MHz, 700 MHz, 6 GHz, 3.5 GHz.",10,Alta,3,13,"Este documento es altamente relevante para la Agenda Regulatoria ANE 2027-2028, ya que proporciona una visión detallada de los mecanismos de refarming y gestión del espectro en la región, incluyendo casos específicos y enfoques regulatorios. Ofrece información crucial sobre cómo otros países abordan la transición a nuevas tecnologías (4G, 5G), la optimización del uso del espectro y la introducción de nuevos actores, lo cual es fundamental para la planificación estratégica de la ANE en la asignación y administración del espectro radioeléctrico en Colombia."
03cd3a824fec74cc68b3,CTSPLN20260049_Direct-to-device_satellite_services_in_terrestrial_IMT_bands.pdf,Cullen International,pdf,"Conectividad satelital, NTN y D2D",Conectividad satelital,Regulación y despliegue de servicios satelitales Direct-to-Device (D2D) en bandas IMT terrestres.,"[""D2D"", ""LEO"", ""LTE"", ""5G"", ""International Mobile Telecommunications (IMT)"", ""Mobile Satellite Services (MSS)"", ""Smartphones"", ""Supplemental Coverage from Space (SCS)"", ""Text-to-911""]","[""600 MHz"", ""700 MHz"", ""850 MHz"", ""AWS"", ""1800 MHz"", ""1900 MHz"", ""2.6 GHz""]","[""Costa Rica"", ""Colombia"", ""Chile"", ""Canada"", ""Argentina"", ""Brazil"", ""Dominican Republic"", ""Ecuador"", ""Paraguay"", ""Peru"", ""United States"", ""Americas"", ""Europe""]","[""Cullen International"", ""International Telecommunication Union (ITU)"", ""Subtel"", ""ANE"", ""MICITT"", ""Anatel"", ""ISED"", ""MTC"", ""FCC"", ""Entel"", ""Starlink"", ""Bell"", ""Telus"", ""AST Mobile"", ""Rogers"", ""Claro (América Móvil)"", ""Lynk"", ""Liberty"", ""T-Mobile""]","[""Reguladores"", ""Operadores móviles"", ""Operadores satelitales"", ""Organismos internacionales"", ""Industria satelital"", ""Fabricantes""]","[""Asignación de espectro"", ""Compartición de espectro"", ""Armonización internacional""]",Nota técnica,"Conectividad satelital, NTN y D2D; tecnologías: D2D, LEO, LTE, 5G; bandas: 600 MHz, 700 MHz, 850 MHz, AWS.",10,Alta,3,13,"El documento es de alta relevancia para la Agenda Regulatoria ANE 2027-2028 porque menciona explícitamente que ANE lanzó una consulta en mayo de 2026 sobre un documento técnico para habilitar la tecnología D2D y que ANE incluyó un estudio sobre la viabilidad técnica, regulatoria y económica de los servicios D2D-IMT en su plan maestro de gestión del espectro 2026-2030 y la agenda regulatoria 2026-2027. Esto indica que D2D es un tema prioritario y activo para ANE, y el análisis de Cullen International proporciona un benchmark internacional crucial sobre enfoques regulatorios, licenciamiento y experiencias comerciales que pueden informar directamente las decisiones de ANE."
235088242e899efc3196,CTSPLN20260050_Requirements_for_fixed_earth_stations_licensing.pdf,Cullen International,pdf,"Conectividad satelital, NTN y D2D",Conectividad satelital,Regulación y licenciamiento de estaciones terrenas fijas para servicios satelitales,"[""Satélites"", ""Estaciones terrenas fijas"", ""Servicios de comunicación satelital"", ""ESIMs (Earth Stations In Motion)"", ""NTN""]",[],"[""Argentina"", ""Brasil"", ""México"", ""Perú"", ""Colombia"", ""Ecuador"", ""Canadá"", ""Chile"", ""Costa Rica"", ""Comunidad Andina""]","[""Cullen International"", ""Secretariat for Public Innovation (SIP)"", ""ENACOM"", ""National Telecommunications Agency (Anatel)"", ""Innovation, Science and Economic Development (ISED)"", ""Undersecretariat of Telecommunications (Subtel)"", ""Ministry of information and communications technologies (MINTIC)"", ""Ministry of Science, Inovation, Technology and Telecommunications (MICITT)"", ""Telecommunications Superintendence (SUTEL)"", ""ITU (International Telecommunication Union)"", ""Andean Community (CAN)""]","[""Reguladores nacionales"", ""Operadores de satélites"", ""Operadores de servicios de telecomunicaciones"", ""Fabricantes de equipos"", ""Organismos internacionales"", ""Ingenieros profesionales""]","[""Asignación de espectro"", ""Tasas / fees"", ""Condiciones técnicas"", ""Armonización internacional""]",Nota técnica,"Conectividad satelital, NTN y D2D; tecnologías: Satélites, Estaciones terrenas fijas, Servicios de comunicación satelital, ESIMs (Earth Stations In Motion).",9,Alta,3,12,"El documento es altamente relevante para la Agenda Regulatoria ANE 2027-2028 al proporcionar un análisis comparativo de los marcos de licenciamiento y gestión del espectro para estaciones terrenas fijas en la región. Ofrece información valiosa sobre requisitos técnicos, administrativos y de coordinación internacional (UIT, CAN), así como modelos de asignación de espectro y tarifas. Esto puede informar la revisión y formulación de políticas y regulaciones de la ANE relacionadas con servicios satelitales, uso eficiente del espectro y la integración de nuevas tecnologías como las ESIMs, asegurando la armonización y competitividad regulatoria."
deebbf46180309727129,CTTELN20260003_Internet_of_things_regulation.pdf,Cullen International,pdf,Otros temas de seguimiento,Necesidades transversales,Regulación y asignación de recursos para servicios IoT en América,"[""IoT"", ""M2M"", ""Dispositivos inalámbricos"", ""Servicios móviles"", ""Dispositivos de corto alcance (SRD)""]","[""900 MHz"", ""2.4 GHz"", ""5.2–5.9 GHz"", ""433.05–434.79 MHz"", ""868.175–868.375 MHz"", ""915–928 MHz"", ""2400–2483.5 MHz"", ""5250–5350 MHz"", ""5470–5725 MHz"", ""5725–5850 MHz"", ""928–935 MHz"", ""ISM""]","[""Argentina"", ""Brasil"", ""Canadá"", ""Chile"", ""Colombia"", ""Costa Rica"", ""República Dominicana"", ""Ecuador"", ""México"", ""Paraguay"", ""Perú"", ""Estados Unidos"", ""América""]","[""Cullen International"", ""SeTIC"", ""Enacom"", ""Anatel"", ""Subtel"", ""ANE"", ""CRC"", ""Arcotel""]","[""Reguladores"", ""Proveedores de servicios IoT"", ""Operadores de telecomunicaciones""]","[""Asignación de espectro""]",Seguimiento,"Otros temas de seguimiento; tecnologías: IoT, M2M, Dispositivos inalámbricos, Servicios móviles; bandas: 900 MHz, 2.4 GHz, 5.2–5.9 GHz, 433.05–434.79 MHz.",10,Alta,3,13,"El documento es altamente relevante para la Agenda Regulatoria ANE 2027-2028 porque aborda directamente la regulación de IoT, la gestión del espectro radioeléctrico y la asignación de recursos, temas centrales para la ANE. Menciona explícitamente a la ANE y sus estudios sobre espectro no licenciado y la necesidad de espectro para aplicaciones IoT críticas, proporcionando un benchmark regional y áreas de enfoque para futuras acciones regulatorias."
e880a403f907a90deeb0,CTTELN20260004_Digital_switchover_dates_and_use_of_the_digital_dividend.pdf,Cullen International,pdf,Disponibilidad de espectro para IMT,Disponibilidad de espectro,Gestión del dividendo digital y reasignación de espectro para servicios móviles,"[""Digital Terrestrial Television (DTT)"", ""Mobile Broadband"", ""4G"", ""Wireless Local Area Networks (WLAN)"", ""Wireless Metropolitan Area Networks (WMAN)"", ""IMT (International Mobile Telecommunications)""]","[""700 MHz"", ""600 MHz"", ""UHF"", ""800 MHz"", ""12 GHz (12.2–12.7 GHz)""]","[""Brazil"", ""Dominican Republic"", ""US"", ""Canada"", ""Mexico"", ""Costa Rica"", ""Chile"", ""Argentina"", ""Colombia"", ""Ecuador""]","[""Cullen International"", ""IFT (Mexico)"", ""Anatel (Brazil)"", ""Subtel (Chile)"", ""MinTIC (Colombia)"", ""National Television Commission of Colombia"", ""ANE (Colombia)"", ""Indotel (Dominican Republic)"", ""Conatel (Ecuador)"", ""Arcotel (Ecuador)"", ""Asia-Pacific Telecommunity (APT)"", ""Asia-Pacific Telecommunity's Wireless Forum (AWF)"", ""WRC-15"", ""CBC (Canada)"", ""Vivo (Brazil)"", ""Claro (Brazil)"", ""TIM (Brazil)"", ""CTBC (Brazil)"", ""Winity (Brazil)"", ""Telefónica (Brazil)"", ""Bell (Canada)"", ""Rogers (Canada)"", ""Telus (Canada)"", ""Videotron (Canada)"", ""WOM (Chile)"", ""Entel (Chile)"", ""Movistar (Chile)"", ""Tigo (Colombia)"", ""Novator Partners (Colombia)"", ""Liberty (Costa Rica)""]","[""Reguladores"", ""Operadores móviles"", ""Radiodifusores"", ""Organismos internacionales"", ""Gobiernos"", ""Servicios de seguridad pública""]","[""Refarming"", ""Asignación de espectro"", ""Compartición de espectro"", ""Armonización internacional""]",Ajuste a iniciativa existente,"Disponibilidad de espectro para IMT; tecnologías: Digital Terrestrial Television (DTT), Mobile Broadband, 4G, Wireless Local Area Networks (WLAN); bandas: 700 MHz, 600 MHz, UHF, 800 MHz.",10,Alta,3,13,"Este documento es de alta relevancia para la Agenda Regulatoria ANE 2027-2028 porque aborda directamente la gestión del espectro radioeléctrico, específicamente la liberación y reasignación de bandas clave (700 MHz y 600 MHz) para servicios móviles. Detalla el estado de la transición digital en la región, incluyendo a Colombia, y las decisiones regulatorias sobre planes de banda y procesos de adjudicación. Esta información es crucial para la planificación futura del espectro, la promoción de la conectividad y la armonización regional, temas fundamentales para la ANE."
a0c8741721864ac6bcb7,CTTELN20260016_National_broadband_plans.pdf,Cullen International,pdf,"Conectividad satelital, NTN y D2D",Conectividad satelital,Planes nacionales de banda ancha y conectividad,"[""Banda ancha"", ""4G"", ""5G"", ""Fibra óptica"", ""Satélites""]",[],"[""México"", ""Argentina"", ""Brasil"", ""Canadá"", ""Chile"", ""Colombia"", ""Costa Rica"", ""República Dominicana"", ""Ecuador"", ""Paraguay"", ""Perú"", ""Estados Unidos""]","[""Anatel"", ""CRTC"", ""ISED"", ""Subtel"", ""MinTIC"", ""FUTIC"", ""MICITT"", ""Indotel"", ""Mintel"", ""Arcotel"", ""ATDT"", ""MiTIC"", ""Conatel"", ""MTC"", ""PRONATEL"", ""NTIA"", ""FCC""]","[""Reguladores"", ""Gobiernos nacionales"", ""Gobiernos subnacionales"", ""Operadores de telecomunicaciones"", ""Sector privado"", ""Industria satelital"", ""Organismos de planificación""]","[""Otro""]",Nota técnica,"Conectividad satelital, NTN y D2D; tecnologías: Banda ancha, 4G, 5G, Fibra óptica.",9,Alta,3,12,"Este documento proporciona una visión general completa de las estrategias nacionales de banda ancha, los objetivos de cobertura y los enfoques regulatorios en varios países. Destaca cómo diferentes naciones abordan las brechas de conectividad, fomentan la inversión y despliegan infraestructura, incluyendo referencias a 4G y 5G. Esta información es muy valiosa para la evaluación comparativa, la identificación de mejores prácticas y la comprensión de las tendencias regionales en la política de telecomunicaciones y la gestión del espectro, informando directamente la agenda regulatoria de la ANE para 2027-2028, especialmente en lo que respecta a futuras asignaciones de espectro y objetivos de conectividad."
b16a6db6fc6065ad7ee1,CTTELN20260028_Infrastructure_and_network_sharing_by_mobile_operators.pdf,Cullen International,pdf,Disponibilidad de espectro para IMT,Disponibilidad de espectro,Regulación y acuerdos de compartición de infraestructura y red móvil en América,"[""Redes móviles"", ""3G"", ""4G"", ""LTE"", ""MOCN""]","[""2.3 GHz"", ""3.5 GHz"", ""Espectro 4G""]","[""América"", ""Argentina"", ""Brasil"", ""Canadá"", ""Chile"", ""Colombia"", ""Costa Rica"", ""República Dominicana"", ""Ecuador"", ""México"", ""Paraguay"", ""Perú"", ""Estados Unidos"", ""Saskatchewan"", ""Lima"", ""Lambayeque""]","[""Cullen International"", ""Enacom"", ""Anatel"", ""CADE"", ""CRTC"", ""CRC"", ""Arcotel"", ""IFT"", ""MTC"", ""Telcel"", ""América Móvil"", ""FIBRA Sites"", ""Entel"", ""Integratel"", ""Telefónica"", ""TIM"", ""Vivo"", ""Claro"", ""Bell"", ""Telus"", ""SaskTel"", ""Rogers"", ""Vidéotron""]","[""Operadores móviles (MNOs)"", ""Reguladores"", ""Autoridades de competencia"", ""Empresas de torres"", ""Licenciatarios"", ""Operadores con poder significativo de mercado (SMP)""]","[""Compartición de espectro""]",Ajuste a iniciativa existente,"Disponibilidad de espectro para IMT; tecnologías: Redes móviles, 3G, 4G, LTE; bandas: 2.3 GHz, 3.5 GHz, Espectro 4G.",10,Alta,3,13,"Este documento proporciona un benchmark exhaustivo de enfoques regulatorios y acuerdos existentes sobre la compartición de infraestructura y espectro en América. Ofrece información valiosa sobre diferentes modelos (obligatorio vs. permitido, pasivo vs. activo, espectro separado vs. conjunto) y su implementación, incluyendo el rol del SMP. Esta información es crucial para que la ANE evalúe las tendencias regulatorias actuales, identifique mejores prácticas e informe decisiones sobre gestión del espectro, estrategias de despliegue de red y políticas de competencia para la agenda 2027-2028, especialmente en relación con la eficiencia del despliegue de 4G y futuras tecnologías."
cfd2ead54d8193e0edb5,FLGTBD20260001_Bangladesh_700_MHz_mobile_spectrum_auction_most_of_spectrum_.pdf,Cullen International,pdf,Disponibilidad de espectro para IMT,Disponibilidad de espectro,Subasta de espectro móvil de 700 MHz en Bangladesh y desafíos regulatorios,"[""4G"", ""5G"", ""2G"", ""Mobile broadband""]","[""700 MHz"", ""1800 MHz"", ""2100 MHz"", ""2300 MHz"", ""2600 MHz"", ""800 MHz"", ""900 MHz"", ""3.5 GHz""]","[""Bangladesh"", ""Norway"", ""Asia-Pacific"", ""Malaysia"", ""Singapore"", ""Thailand"", ""ASEAN countries""]","[""Grameenphone"", ""Bangladesh Telecommunication Regulatory Commission (BTRC)"", ""Telenor"", ""Grameen Telecom"", ""GSM Association (GSMA)"", ""Robi (Axiata)"", ""Banglalink (VEON)"", ""Teletalk"", ""Always On Network"", ""Cullen International"", ""U Mobile"", ""Digital Nasional Berhad (DNB)"", ""YTL (Yes)"", ""Singtel"", ""M1"", ""Starhub"", ""AIS"", ""NT"", ""True"", ""DTAC""]","[""Reguladores"", ""Operadores móviles (MNOs)"", ""Asociaciones de la industria"", ""Proveedores de servicios de banda ancha"", ""Operadores estatales""]","[""Subasta""]",Ajuste a iniciativa existente,"Disponibilidad de espectro para IMT; tecnologías: 4G, 5G, 2G, Mobile broadband; bandas: 700 MHz, 1800 MHz, 2100 MHz, 2300 MHz.",10,Alta,3,13,"El documento es altamente relevante para la Agenda Regulatoria ANE 2027-2028 al abordar la gestión del espectro, la asignación de bandas bajas (700 MHz), el despliegue de 5G, los desafíos regulatorios en subastas, la competencia de mercado y la importancia de un marco regulatorio predecible. Ofrece lecciones sobre la participación de operadores, la fijación de precios y el impacto de litigios en la disponibilidad del espectro, aspectos cruciales para la planificación futura de ANE."
1a5669a738fe9cfd2416,FLGTKR20260002_Korea_carriers_commit_to_universal_basic_mobile_data_access_.pdf,Cullen International,pdf,Disponibilidad de espectro para IMT,Disponibilidad de espectro,Compromiso de operadores coreanos para acceso universal a datos móviles y planes 5G de bajo costo bajo la Ley de Inclusión Digital,"[""5G"", ""Wi-Fi"", ""LTE"", ""Intelligent Information Technologies""]",[],"[""Korea"", ""EU"", ""UK"", ""India""]","[""KT"", ""LG Uplus"", ""SK Telecom"", ""Ministry of Science and ICT (MSIT)"", ""National Assembly"", ""Cullen International"", ""European Commission"", ""BEREC"", ""Personal Information Protection Commission (PIPC)"", ""Coupang""]","[""Operadores móviles"", ""Reguladores"", ""Gobierno"", ""Organismos internacionales"", ""Plataformas de e-commerce""]","[""Otro""]",Ajuste a iniciativa existente,"Disponibilidad de espectro para IMT; tecnologías: 5G, Wi-Fi, LTE, Intelligent Information Technologies.",9,Alta,3,12,"El documento es altamente relevante para la Agenda Regulatoria ANE 2027-2028 al abordar la extensión del servicio universal a datos móviles y la promoción de planes 5G asequibles, temas cruciales para la conectividad y la inclusión digital. Presenta un modelo regulatorio de Corea y comparaciones internacionales (UE, UK, India) sobre obligaciones de servicio universal, lo cual es valioso para la formulación de políticas. Además, menciona la actualización de infraestructura (Wi-Fi, 5G) y la regulación de ciberseguridad y protección de datos, aspectos interconectados con la gestión del espectro y las telecomunicaciones."
05ffea08cc5e59fb410a,FLGTNG20260001_Nigeria_commits_to_more_spectrum_for_both_terrestrial_and_no.pdf,Cullen International,pdf,"Conectividad satelital, NTN y D2D",Conectividad satelital,Desarrollo de la hoja de ruta del espectro de Nigeria para 2025-2030,"[""5G"", ""6G"", ""NTN"", ""Satélites"", ""IoT"", ""Wi-Fi"", ""WiGig"", ""IA"", ""Redes privadas"", ""Fixed Wireless Access (FWA)"", ""4G""]","[""6 GHz"", ""60 GHz"", ""700 MHz"", ""800 MHz"", ""900 MHz"", ""1.8 GHz"", ""2.1 GHz"", ""2.3 GHz"", ""2.6 GHz"", ""3.5 GHz"", ""Banda L"", ""Banda S"", ""Banda C"", ""Banda E"", ""banda Ka"", ""banda Ku"", ""450 MHz"", ""600 MHz"", ""1.5 GHz"", ""mmWave"", ""Banda Q"", ""Banda V""]","[""Nigeria""]","[""Nigerian Communications Commission (NCC)"", ""Cullen International"", ""MTN"", ""Airtel"", ""T2"", ""Mafab"", ""Glomobile""]","[""Reguladores"", ""Operadores móviles"", ""Industria satelital"", ""Organismos internacionales"", ""Fabricantes""]","[""Refarming"", ""Compartición de espectro"", ""Armonización internacional""]",Nota técnica,"Conectividad satelital, NTN y D2D; tecnologías: 5G, 6G, NTN, Satélites; bandas: 6 GHz, 60 GHz, 700 MHz, 800 MHz.",10,Alta,3,13,"El documento es altamente relevante para la Agenda Regulatoria ANE 2027-2028, ya que detalla una hoja de ruta de espectro de un regulador africano, abordando la gestión eficiente, la asignación de bandas clave (6 GHz, mmWave), la introducción de marcos de autorización general (spectrum sharing), el despliegue de 5G y la planificación para NTN. También menciona la preparación para la WRC-27 y la modernización regulatoria, temas cruciales para la planificación estratégica de la ANE."
30594960d6b209507d21,FLGTSG20260002_Singapore_future-proofs_its_telecom_deployments.pdf,Cullen International,pdf,Disponibilidad de espectro para IMT,Disponibilidad de espectro,Modernización regulatoria para el despliegue de infraestructura de telecomunicaciones en Singapur,"[""Banda ancha fija (más de 10 Gbps)"", ""Redes móviles"", ""5G"", ""Cables Ethernet Cat 6"", ""Cables Ethernet Cat 7"", ""Cables Ethernet Cat 8"", ""Fibra oscura""]",[],"[""Singapur"", ""Hong Kong""]","[""Infocomm Media Development Authority (IMDA)"", ""Urban Redevelopment Authority (URA)"", ""Office of the Communications Authority (OFCA)"", ""Cullen International""]","[""Reguladores"", ""Operadores móviles (MNOs)"", ""Propietarios/desarrolladores de edificios (BOs)"", ""Operadores de servicios públicos"", ""Industria de telecomunicaciones""]","[""Otro""]",Ajuste a iniciativa existente,"Disponibilidad de espectro para IMT; tecnologías: Banda ancha fija (más de 10 Gbps), Redes móviles, 5G, Cables Ethernet Cat 6.",9,Alta,3,12,"El documento presenta un modelo regulatorio proactivo de Singapur para facilitar el despliegue de infraestructura de telecomunicaciones, esencial para el uso eficiente del espectro y la adopción de nuevas tecnologías. Detalla cómo un regulador aborda desafíos urbanos, la conectividad de alta velocidad y la coordinación intersectorial. Estas estrategias son directamente aplicables y valiosas para la ANE al formular su Agenda Regulatoria 2027-2028, especialmente en la promoción de la infraestructura digital y la gestión del espectro."
7ac35c67792ab173d886,FLSPAR20250001_US_regulator_seeks_comment_on_auction_of_AWS-3_licences.pdf,Cullen International,pdf,"Conectividad satelital, NTN y D2D",Conectividad satelital,Subasta de espectro AWS-3 en Estados Unidos,"[""5G"", ""IoT"", ""Servicios móviles"", ""Servicios inalámbricos fijos"", ""Banda ancha móvil"", ""Servicios avanzados basados en espectro""]","[""1695–1710 MHz"", ""1755–1780 MHz"", ""2155–2180 MHz"", ""Banda AWS-3""]","[""Estados Unidos""]","[""Federal Communications Commission (FCC)"", ""National Telecommunications and Information Administration (NTIA)""]","[""Reguladores"", ""Operadores móviles"", ""Pequeñas empresas"", ""Proveedores de servicios rurales"", ""Usuarios federales del espectro""]","[""Subasta"", ""Armonización internacional""]",Nota técnica,"Conectividad satelital, NTN y D2D; tecnologías: 5G, IoT, Servicios móviles, Servicios inalámbricos fijos; bandas: 1695–1710 MHz, 1755–1780 MHz, 2155–2180 MHz, Banda AWS-3.",10,Alta,3,13,"Este documento es altamente relevante para la Agenda Regulatoria ANE 2027-2028 porque detalla un proceso de subasta de espectro, la asignación de bandas clave (AWS-3) para tecnologías como 5G e IoT, y las consideraciones regulatorias para su uso comercial. Ofrece un caso de estudio sobre la gestión del espectro, la definición de procedimientos de licitación, la promoción de la competencia y la coexistencia con usuarios existentes, aspectos cruciales para la planificación y formulación de la agenda regulatoria de ANE."
efbd41ffc8b33b3e98f3,FLSPAR20250002_Argentina_reduces_5G_spectrum_cap_to_150_MHz_per_licensee.pdf,Cullen International,pdf,Disponibilidad de espectro para IMT,Disponibilidad de espectro,Reducción del límite de espectro 5G en Argentina,"[""5G"", ""IMT""]","[""1427–1518 MHz"", ""3.5 GHz""]","[""Argentina""]","[""Enacom"", ""Telefonica Argentina"", ""Telecom Argentina"", ""Cullen International""]","[""Reguladores"", ""Operadores móviles""]","[""Otro""]",Ajuste a iniciativa existente,"Disponibilidad de espectro para IMT; tecnologías: 5G, IMT; bandas: 1427–1518 MHz, 3.5 GHz.",10,Alta,3,13,"El documento es altamente relevante para la Agenda Regulatoria ANE 2027-2028 al proporcionar un ejemplo concreto de regulación de límites de espectro para 5G, mencionando bandas de frecuencia específicas (3.5 GHz) y el rol de un regulador nacional. Ofrece información valiosa sobre enfoques regulatorios en la asignación de espectro y la gestión de la concentración del mercado, aspectos cruciales para la planificación de la ANE."
d400e6ea3cab8c96c540,FLSPAR20250003_Enacom_reduces_bandwidth_of_mobile_satellite_services_using_.pdf,Cullen International,pdf,"Conectividad satelital, NTN y D2D",Conectividad satelital,Reducción de ancho de banda para servicios satelitales móviles en 2 GHz,"[""Servicios satelitales móviles (MSS)"", ""IMT"", ""Satélites""]","[""2 GHz band"", ""1990–2025/2170–2200 MHz"", ""1980–2025 MHz"", ""2170–2200 MHz"", ""1850–1910/930–1990 MHz""]","[""Argentina""]","[""Enacom"", ""Cullen International""]","[""Reguladores"", ""Operadores móviles"", ""Industria satelital""]","[""Asignación de espectro""]",Nota técnica,"Conectividad satelital, NTN y D2D; tecnologías: Servicios satelitales móviles (MSS), IMT, Satélites; bandas: 2 GHz band, 1990–2025/2170–2200 MHz, 1980–2025 MHz, 2170–2200 MHz.",10,Alta,3,13,"Este documento es altamente relevante porque describe una acción regulatoria específica de gestión del espectro (reducción de ancho de banda para MSS para evitar interferencias con IMT) en una banda clave (2 GHz). Proporciona un caso práctico de cómo los reguladores abordan la coexistencia de servicios y la optimización del espectro, lo cual es fundamental para la formulación de la Agenda Regulatoria ANE 2027-2028 en temas de uso eficiente del espectro y regulación de nuevas tecnologías."
264782bf457f15c505cc,FLSPAR20250004_Argentina_updates_satellite_regulation.pdf,Cullen International,pdf,"Conectividad satelital, NTN y D2D",Conectividad satelital,Actualización de la regulación satelital en Argentina,"[""GEO"", ""Satélites (NGSO)"", ""Servicios satelitales fijos (FSS)"", ""Servicios satelitales móviles (MSS)"", ""Servicios satelitales de radiodifusión (BSS)"", ""Estaciones terrenas"", ""Estaciones terrenas en movimiento (ESIMs)"", ""Ciberseguridad"", ""NTN""]",[],"[""Argentina""]","[""Enacom"", ""ITU"", ""Copitec"", ""CONAE"", ""Cullen International""]","[""Reguladores"", ""Operadores satelitales"", ""Fabricantes de equipos"", ""Gobiernos"", ""Organismos internacionales"", ""Industria satelital""]","[""Tasas / fees"", ""Armonización internacional""]",Nota técnica,"Conectividad satelital, NTN y D2D; tecnologías: GEO, Satélites (NGSO), Servicios satelitales fijos (FSS), Servicios satelitales móviles (MSS).",9,Alta,3,12,"Este documento es altamente relevante para la Agenda Regulatoria ANE 2027-2028 porque detalla una actualización regulatoria integral en un país vecino sobre la gestión del espectro satelital, incluyendo aspectos clave como ciberseguridad, tarifas de espectro, coordinación de frecuencias y la regulación de satélites GEO y NGSO. Proporciona un benchmark regulatorio sobre cómo otro país aborda la evolución de los servicios satelitales y las NTN, lo cual es crucial para la formulación de políticas y regulaciones futuras en Colombia, especialmente en temas de uso eficiente del espectro y nuevas tecnologías inalámbricas."
7002bd0458826e3b0ea9,FLSPAR20250005_Argentina_allocates_spectrum_to_verticals.pdf,Cullen International,pdf,Disponibilidad de espectro para IMT,Disponibilidad de espectro,Asignación de espectro para redes privadas en Argentina,"[""4G"", ""5G"", ""IoT"", ""Redes privadas""]","[""2.3-2.4 GHz"", ""2300-2340 MHz"", ""2340-2360 MHz"", ""2360-2400 MHz""]","[""Argentina"", ""Brasil"", ""Canadá"", ""Chile"", ""Estados Unidos"", ""América"", ""Europa""]","[""Enacom"", ""Cullen International"", ""GSMA"", ""LAC-ISP""]","[""Reguladores"", ""Operadores móviles"", ""Industria (verticales)"", ""Proveedores de servicios de internet""]","[""Subasta"", ""Asignación de espectro"", ""Tasas / fees""]",Ajuste a iniciativa existente,"Disponibilidad de espectro para IMT; tecnologías: 4G, 5G, IoT, Redes privadas; bandas: 2.3-2.4 GHz, 2300-2340 MHz, 2340-2360 MHz, 2360-2400 MHz.",10,Alta,3,13,"El documento es altamente relevante porque detalla una decisión regulatoria específica sobre la asignación de espectro para redes privadas (verticales) en la banda de 2.3-2.4 GHz, incluyendo aspectos de licenciamiento, tarifas y modelos de uso (4G/5G, IoT). Proporciona un caso de estudio concreto de Argentina y compara enfoques regulatorios en América y Europa. Esto es crucial para la ANE al considerar estrategias para el uso eficiente del espectro, la promoción de nuevas tecnologías y la formulación de marcos regulatorios para redes privadas y conectividad industrial en Colombia."
0ce3b4449fa222097080,FLSPAT20250001_Austria_launches_auction_of_23GHz_and_26GHz_bands.pdf,Cullen International,pdf,Disponibilidad de espectro para IMT,Disponibilidad de espectro,Subasta de espectro en Austria para bandas 2.3 GHz y 2.6 GHz y migración a TDD,"[""5G"", ""LTE"", ""FDD"", ""TDD"", ""Redes móviles""]","[""2.3 GHz"", ""2.6 GHz"", ""900 MHz"", ""1800 MHz"", ""2.1 GHz"", ""3.5 GHz"", ""Band n41""]","[""Austria"", ""Europa"", ""Países Bajos"", ""China"", ""Arabia Saudita""]","[""Telekom-Control Commission (TKK)"", ""RTR"", ""Cullen International"", ""A1"", ""Magenta"", ""China Mobile"", ""CEPT/ECC"", ""Comisión Europea""]","[""Reguladores"", ""Operadores móviles"", ""MVNOs"", ""Revendedores"", ""Organismos internacionales""]","[""Subasta""]",Ajuste a iniciativa existente,"Disponibilidad de espectro para IMT; tecnologías: 5G, LTE, FDD, TDD; bandas: 2.3 GHz, 2.6 GHz, 900 MHz, 1800 MHz.",10,Alta,3,13,"Este documento es altamente relevante para la Agenda Regulatoria ANE 2027-2028 al detallar una subasta de espectro en bandas clave (2.3 GHz, 2.6 GHz) y la tendencia hacia la migración a TDD para 5G, lo que impacta directamente la eficiencia del espectro. Ofrece un caso de estudio sobre el diseño de subastas, condiciones de licencia, obligaciones de cobertura y la evolución regulatoria en Europa, proporcionando información valiosa para la planificación de futuras asignaciones de espectro y la optimización de su uso en Colombia."
24528a3332eec0b9bf24,FLSPAT20260001_Austrian_operators_acquire_23GHz_and_26GHz_bands_for_just_ab.pdf,Cullen International,pdf,Disponibilidad de espectro para IMT,Disponibilidad de espectro,Subasta de espectro en Austria para bandas 2.3 GHz y 2.6 GHz,"[""Redes móviles"", ""4G"", ""5G""]","[""2.3 GHz"", ""2.6 GHz""]","[""Austria""]","[""A1 Telekom Austria"", ""Hutchison Drei Austria (3)"", ""T-Mobile Austria (Magenta)"", ""Deutsche Telekom group"", ""TKK"", ""Cullen International""]","[""Reguladores"", ""Operadores móviles"", ""Consultoras""]","[""Subasta""]",Ajuste a iniciativa existente,"Disponibilidad de espectro para IMT; tecnologías: Redes móviles, 4G, 5G; bandas: 2.3 GHz, 2.6 GHz.",10,Alta,3,13,"El documento proporciona un ejemplo concreto de una subasta de espectro reciente, incluyendo bandas de frecuencia (2.3 GHz y 2.6 GHz) relevantes para servicios móviles, precios de adjudicación, duración de licencias y consideraciones sobre planes de banda (espectro pareado/no pareado). Esta información es útil para entender las tendencias en la gestión del espectro, la valoración del mismo y las estrategias regulatorias de otros países, lo cual puede informar la formulación de la Agenda Regulatoria ANE 2027-2028 en temas de subastas, licenciamiento y uso eficiente del espectro."
b6aca0f982f736318284,FLSPBR20240004_35_GHz_band_cleared_of_satellite_TV_in_Brazil.pdf,Cullen International,pdf,"Conectividad satelital, NTN y D2D",Conectividad satelital,Liberación de la banda de 3.5 GHz en Brasil para 5G,"[""5G"", ""Televisión satelital (FTA)"", ""Televisión digital"", ""Redes móviles""]","[""3.5 GHz"", ""3625–3700 MHz"", ""3700–4200 MHz"", ""banda Ku""]","[""Brasil""]","[""Anatel"", ""EAF"", ""Cullen International""]","[""Reguladores"", ""Operadores móviles"", ""Entidades independientes"", ""Proveedores de TV satelital"", ""Industria satelital""]","[""Subasta""]",Nota técnica,"Conectividad satelital, NTN y D2D; tecnologías: 5G, Televisión satelital (FTA), Televisión digital, Redes móviles; bandas: 3.5 GHz, 3625–3700 MHz, 3700–4200 MHz, banda Ku.",10,Alta,3,13,"El documento presenta un caso de estudio exitoso de gestión del espectro radioeléctrico para la liberación de una banda crítica (3.5 GHz) para 5G, incluyendo aspectos de migración de servicios existentes, financiación por parte de los operadores y consideraciones sociales. Esto es directamente relevante para la ANE al planificar la asignación y gestión de espectro, la formulación de políticas para nuevas tecnologías inalámbricas y la consideración de impactos regulatorios y sociales en futuras agendas."
d6692c88e0fde645a61e,FLSPBR20240005_Anatel_consults_on_rules_for_the_award_of_regional_700MHz_bl.pdf,Cullen International,pdf,"Conectividad satelital, NTN y D2D",Conectividad satelital,Consulta de Anatel sobre la subasta de espectro de 700 MHz en Brasil,"[""4G"", ""Comunicación inalámbrica""]","[""700 MHz"", ""3.5 GHz"", ""Bandas bajo 1 GHz"", ""708–718 MHz"", ""763–773 MHz""]","[""Brasil"", ""Región Norte (Brasil)"", ""São Paulo"", ""Región Noreste (Brasil)"", ""Región Centro-Oeste (Brasil)"", ""Región Sur (Brasil)"", ""Región Sureste (Brasil)""]","[""Anatel"", ""Cullen International"", ""Winity"", ""Claro BR"", ""TIM Brasil"", ""Vivo (Telefónica)"", ""Algar"", ""IBGE"", ""Oi""]","[""Reguladores"", ""Operadores móviles"", ""Nuevos entrantes"", ""Consultoras de telecomunicaciones""]","[""Subasta""]",Nota técnica,"Conectividad satelital, NTN y D2D; tecnologías: 4G, Comunicación inalámbrica; bandas: 700 MHz, 3.5 GHz, Bandas bajo 1 GHz, 708–718 MHz.",10,Alta,3,13,"El documento es altamente relevante para la Agenda Regulatoria ANE 2027-2028 porque describe un proceso de gestión del espectro radioeléctrico (subasta de 700 MHz) con un enfoque en la expansión de la conectividad (obligaciones de cobertura 4G), la promoción de nuevos entrantes y el uso eficiente del espectro. Incluye detalles sobre el diseño de la subasta, las condiciones de las licencias y las restricciones de RAN-sharing, que son aspectos clave para la formulación de políticas regulatorias futuras en Colombia, especialmente en bandas bajas y para cerrar brechas de conectividad."
0e87e4f6bf316d0fc368,FLSPBR20250001_Brazil_consults_on_spectrum_award_schedule_for_20262036_with.pdf,Cullen International,pdf,Disponibilidad de espectro para IMT,Disponibilidad de espectro,Planificación y asignación de espectro móvil en Brasil para 2026-2036,"[""International Mobile Telecommunications (IMT)"", ""5G"", ""Future Railway Mobile Communication Systems (FRMCS)""]","[""6 GHz"", ""850 MHz"", ""2.3 GHz"", ""2.6 GHz"", ""3.5 GHz"", ""26 GHz"", ""900 MHz"", ""1800 MHz"", ""1500 MHz"", ""1900 MHz (TDD)"", ""4.9 GHz"", ""2.1 GHz"", ""10.5 GHz"", ""450 MHz"", ""Bandas bajas"", ""Bandas medias"", ""Bandas altas""]","[""Brasil"", ""Asia""]","[""Anatel"", ""Cullen International"", ""Federal Accounting Court (TCU)"", ""WRC-23"", ""WRC-19""]","[""Reguladores"", ""Operadores móviles"", ""Industria de telecomunicaciones"", ""Organismos internacionales""]","[""Subasta"", ""Asignación de espectro"", ""Renovación"", ""Armonización internacional""]",Ajuste a iniciativa existente,"Disponibilidad de espectro para IMT; tecnologías: International Mobile Telecommunications (IMT), 5G, Future Railway Mobile Communication Systems (FRMCS); bandas: 6 GHz, 850 MHz, 2.3 GHz, 2.6 GHz.",10,Alta,3,13,"El documento proporciona un ejemplo detallado de cómo un regulador (Anatel) planifica la asignación de espectro a largo plazo (2026-2036), incluyendo la identificación de bandas, plazos, razones para la asignación y desafíos como el desarrollo de equipos. Es directamente relevante para la formulación de la Agenda Regulatoria ANE 2027-2028 al ofrecer un benchmark sobre la gestión del espectro, la identificación de nuevas bandas (ej. 6 GHz, 4.9 GHz, 10.5 GHz para IMT), la consideración de tecnologías (IMT, FRMCS, 5G) y los procesos de consulta pública y decisiones regulatorias."
899c76acde164e20dfa4,FLSPBR20250002_Anatel_adopts_rules_for_the_award_of_regional_700_MHz_blocks.pdf,Cullen International,pdf,Disponibilidad de espectro para IMT,Disponibilidad de espectro,Anatel adopta reglas para la subasta de bloques regionales de espectro de 700 MHz,"[""4G"", ""5G""]","[""700 MHz"", ""3.5 GHz"", ""708–718 MHz"", ""763–773 MHz"", ""Bandas bajo 1 GHz""]","[""Brasil""]","[""Anatel"", ""Federal Accounting Court (TCU)"", ""Ministry of Communications"", ""Cullen International"", ""Claro BR"", ""TIM Brazil"", ""Vivo (Telefónica)"", ""Oi""]","[""Reguladores"", ""Operadores móviles"", ""Gobierno"", ""Consultora""]","[""Subasta"", ""Compartición de espectro""]",Ajuste a iniciativa existente,"Disponibilidad de espectro para IMT; tecnologías: 4G, 5G; bandas: 700 MHz, 3.5 GHz, 708–718 MHz, 763–773 MHz.",10,Alta,3,13,"Este documento es altamente relevante para la Agenda Regulatoria ANE 2027-2028 porque detalla un proceso de gestión del espectro radioeléctrico (subasta de 700 MHz) con un enfoque en la expansión de cobertura (4G, rural, carreteras), la promoción de la competencia (operadores regionales), y la inclusión de criterios ESG. También aborda aspectos de diseño de subastas, obligaciones de despliegue y restricciones de RAN-sharing, todos temas cruciales para la formulación de políticas regulatorias futuras en Colombia. La experiencia de Brasil puede servir como referencia para la ANE."
00612199671bd9d2c15b,FLSPBR20260001_Brazil_to_award_regional_700_MHz_blocks_in_April.pdf,Cullen International,pdf,Disponibilidad de espectro para IMT,Disponibilidad de espectro,Subasta de espectro de 700 MHz en Brasil y obligaciones de cobertura,"[""4G"", ""5G"", ""Redes móviles""]","[""700 MHz"", ""3.5 GHz"", ""Bandas bajo 1 GHz""]","[""Brasil"", ""São Paulo""]","[""Anatel"", ""Federal Accounting Court (TCU)"", ""Cullen International"", ""Winity"", ""Claro BR"", ""TIM Brazil"", ""Vivo"", ""Algar""]","[""Reguladores"", ""Operadores móviles"", ""Consultoras de telecomunicaciones""]","[""Subasta""]",Ajuste a iniciativa existente,"Disponibilidad de espectro para IMT; tecnologías: 4G, 5G, Redes móviles; bandas: 700 MHz, 3.5 GHz, Bandas bajo 1 GHz.",10,Alta,3,13,"El documento detalla un proceso de subasta de espectro, incluyendo diseño, condiciones de licencia, obligaciones de cobertura (especialmente en zonas rurales y carreteras), y consideraciones regulatorias futuras como la promoción de 5G. Proporciona ejemplos concretos de mecanismos de asignación de espectro y obligaciones de servicio universal, así como la integración de criterios ESG, que son directamente aplicables a la formulación de la Agenda Regulatoria ANE 2027-2028 para la gestión del espectro y la conectividad."
e5cc2d8a9f278126a6e7,FLSPBR20260002_Brazil_awards_regional_700_MHz_licences_to_four_operators.pdf,Cullen International,pdf,Disponibilidad de espectro para IMT,Disponibilidad de espectro,Asignación de espectro regional en Brasil para servicios móviles,"[""Redes móviles"", ""5G""]","[""700 MHz"", ""3.5 GHz""]","[""Brasil""]","[""Anatel"", ""Amazônia 5G"", ""Brisanet"", ""iez!"", ""Unifique"", ""Claro BR"", ""Telefônica"", ""TIM"", ""Sercomtel"", ""Ligga"", ""ACEL"", ""TelComp"", ""Cullen International""]","[""Reguladores"", ""Operadores móviles"", ""Operadores regionales"", ""Consorcios de operadores"", ""Proveedores de servicios de internet (ISPs)"", ""Asociaciones de operadores"", ""MVNOs""]","[""Subasta"", ""Asignación de espectro""]",Ajuste a iniciativa existente,"Disponibilidad de espectro para IMT; tecnologías: Redes móviles, 5G; bandas: 700 MHz, 3.5 GHz.",10,Alta,3,13,"Este documento es altamente relevante para la Agenda Regulatoria ANE 2027-2028 al ofrecer un caso práctico sobre la gestión del espectro radioeléctrico, incluyendo la asignación de bandas clave (700 MHz, 3.5 GHz) y la promoción de la conectividad regional. Destaca desafíos regulatorios como la elegibilidad en subastas y las controversias judiciales, aspectos cruciales para el diseño de futuras políticas de espectro y competencia. Además, muestra la importancia de las obligaciones de cobertura y las inversiones en infraestructura, elementos esenciales para la planificación de la ANE."
abb2ad827a8b88dd00ce,FLSPCA20250001_Canada_approves_pilot_project_on_the_use_of_jammers_in_priso.pdf,Cullen International,pdf,Otros temas de seguimiento,Necesidades transversales,Regulación y uso de jammers de radiofrecuencia en prisiones para seguridad pública,"[""Radiofrequency jamming"", ""Wireless communication"", ""Cell phones"", ""Drones""]",[],"[""Canada"", ""Quebec"", ""Brazil"", ""Costa Rica"", ""Mexico"", ""Peru"", ""Americas""]","[""ISED"", ""Correctional Service Canada (CSC)"", ""sous-ministériat des services correctionnels (SMSC)"", ""Cullen International""]","[""Reguladores"", ""Servicios correccionales"", ""Gobierno"", ""Ministros"", ""Analistas de industria""]","[""Otro""]",Seguimiento,"Otros temas de seguimiento; tecnologías: Radiofrequency jamming, Wireless communication, Cell phones, Drones.",9,Alta,3,12,"Este documento es altamente relevante para la Agenda Regulatoria ANE 2027-2028, ya que aborda directamente la gestión del espectro radioeléctrico y la regulación de dispositivos que intencionalmente interfieren con las comunicaciones. La ANE, como entidad encargada de la vigilancia y gestión del espectro, debe considerar los marcos regulatorios para el uso de jammers, las implicaciones para la seguridad pública, y las posibles excepciones a la prohibición general de interferencia. El análisis de precedentes internacionales y la justificación de estas tecnologías para fines de seguridad son cruciales para la formulación de políticas y normativas sobre el uso y control del espectro."
7a4840de8c07c5630b40,FLSPCA20250002_Canada_to_grant_and_auction_millimetre_wave_spectrum.pdf,Cullen International,pdf,"Conectividad satelital, NTN y D2D",Conectividad satelital,Gestión y asignación de espectro de ondas milimétricas en Canadá para 5G y 6G,"[""5G"", ""6G"", ""NTN"", ""Spectrum sharing"", ""Redes privadas"", ""Non-standalone (NSA) architectures"", ""mmWave""]","[""27.5–28.35 GHz"", ""26 GHz"", ""38 GHz band"", ""mmWave"", ""24 GHz band""]","[""Canadá""]","[""Innovation, Science and Economic Development Canada (ISED)"", ""Cullen International""]","[""Reguladores"", ""Operadores móviles"", ""Fabricantes"", ""Industria satelital"", ""Wireless Internet Service Providers (WISPs)"", ""Industrias innovadoras"", ""Comunidades rurales, remotas e indígenas"", ""Licenciatarios existentes""]","[""Subasta"", ""Asignación de espectro""]",Nota técnica,"Conectividad satelital, NTN y D2D; tecnologías: 5G, 6G, NTN, Spectrum sharing; bandas: 27.5–28.35 GHz, 26 GHz, 38 GHz band, mmWave.",10,Alta,3,13,"El documento ofrece un caso de estudio detallado sobre la gestión y asignación de espectro de ondas milimétricas para 5G y 6G, incluyendo mecanismos de licenciamiento (subastas y NCL), medidas pro-competitivas (límites de espectro), requisitos de despliegue y consideraciones de coexistencia. Esta información es directamente aplicable para informar la formulación de la Agenda Regulatoria ANE 2027-2028, especialmente en lo referente a la planificación del espectro, la promoción de nuevas tecnologías y el diseño de marcos regulatorios innovadores."
2ef44305cce1979c6b47,FLSPCA20250003_Canada_approves_satellite_direct-to-device_regulation.pdf,Cullen International,pdf,"Conectividad satelital, NTN y D2D",Conectividad satelital,Regulación de servicios satelitales directos a dispositivos (D2D) en Canadá,"[""D2D"", ""Satellite mobile coverage service (SMCS)"", ""IMT (International Mobile Telecommunications)"", ""NTN"", ""Mobile Satellite Service (MSS)"", ""3GPP Release 17"", ""Redes móviles terrestres""]","[""600 MHz"", ""700 MHz"", ""850 MHz (824–849/869–894 MHz)"", ""AWS (1710–1755/2110–2155 MHz y 1755–1780/2155–2180 MHz)"", ""PCS (1850–1915/1930–1995 MHz)"", ""694/698 MHz y 2.7 GHz""]","[""Canadá"", ""Estados Unidos"", ""Brasil"", ""Chile"", ""Américas""]","[""Ministry of Innovation, Science and Industry (ISED)"", ""Federal Communications Commission (FCC)"", ""Anatel"", ""Subtel"", ""Entel"", ""Starlink"", ""3rd Generation Partnership Project (3GPP)"", ""International Telecommunication Union (ITU)"", ""Cullen International""]","[""Reguladores"", ""Operadores móviles"", ""Proveedores de servicios satelitales"", ""Industria satelital"", ""Organismos internacionales""]","[""Asignación de espectro"", ""Armonización internacional""]",Nota técnica,"Conectividad satelital, NTN y D2D; tecnologías: D2D, Satellite mobile coverage service (SMCS), IMT (International Mobile Telecommunications), NTN; bandas: 600 MHz, 700 MHz, 850 MHz (824–849/869–894 MHz), AWS (1710–1755/2110–2155 MHz y 1755–1780/2155–2180 MHz).",10,Alta,3,13,"Este documento es altamente relevante para la Agenda Regulatoria ANE 2027-2028 porque detalla un marco regulatorio pionero para servicios satelitales directos a dispositivos (D2D) en bandas IMT, una tendencia tecnológica clave. Proporciona información sobre licenciamiento, gestión del espectro, bandas de frecuencia específicas, y consideraciones para servicios de emergencia y conectividad en áreas no cubiertas. Además, presenta un panorama regional e internacional de la regulación D2D, lo cual es crucial para la armonización y la formulación de políticas futuras en Colombia."
fe3db1de8f14cd4d2643,FLSPCA20250004_Canada_publishes_rules_for_residual_spectrum_licences.pdf,Cullen International,pdf,Disponibilidad de espectro para IMT,Disponibilidad de espectro,Subasta de espectro residual y regulación en Canadá,"[""PCS"", ""Tecnologías móviles""]","[""1900 MHz (PCS)"", ""2.3 GHz"", ""3.5 GHz"", ""3.8 GHz""]","[""Canadá""]","[""Innovation, Science and Economic Development Canada (ISED)"", ""Cullen International""]","[""Reguladores"", ""Operadores móviles"", ""Postores""]","[""Subasta""]",Ajuste a iniciativa existente,"Disponibilidad de espectro para IMT; tecnologías: PCS, Tecnologías móviles; bandas: 1900 MHz (PCS), 2.3 GHz, 3.5 GHz, 3.8 GHz.",10,Alta,3,13,"El documento es altamente relevante para la Agenda Regulatoria ANE 2027-2028 al detallar un proceso de subasta de espectro, incluyendo bandas clave para el desarrollo de 5G (3.5 GHz, 3.8 GHz), medidas pro-competitivas, obligaciones de despliegue y el diseño de la subasta. Ofrece un caso de estudio práctico de un regulador avanzado como ISED Canadá, proporcionando información valiosa sobre estrategias de gestión del espectro, fomento de la competencia y uso eficiente, aspectos cruciales para la planificación regulatoria de ANE."
d0f2829727634a77b986,FLSPCA20260001_Canada_to_change_26_GHz_band_plan_to_all_unpaired_TDD_blocks.pdf,Cullen International,pdf,Disponibilidad de espectro para IMT,Disponibilidad de espectro,Cambio del plan de banda de 2.6 GHz en Canadá a bloques TDD no pareados,"[""5G"", ""6G"", ""FDD"", ""TDD"", ""Redes inalámbricas""]","[""2.6 GHz"", ""2500–2690 MHz"", ""2500–2570 MHz""]","[""Canadá"", ""Estados Unidos""]","[""Innovation, Science and Economic Development Canada (ISED)"", ""Cullen International"", ""International Telecommunication Union (ITU)""]","[""Reguladores"", ""Operadores móviles"", ""Fabricantes de equipos"", ""Organismos internacionales""]","[""Otro""]",Ajuste a iniciativa existente,"Disponibilidad de espectro para IMT; tecnologías: 5G, 6G, FDD, TDD; bandas: 2.6 GHz, 2500–2690 MHz, 2500–2570 MHz.",10,Alta,3,13,"El documento es altamente relevante para la Agenda Regulatoria ANE 2027-2028 porque aborda directamente la gestión del espectro en una banda clave (2.6 GHz) para 5G y 6G, la transición tecnológica (FDD a TDD), la coordinación transfronteriza y la eficiencia del espectro. Las consideraciones sobre la inversión de los operadores, los plazos de transición y la adaptación regulatoria son cruciales para la planificación de la ANE, ofreciendo un caso de estudio sobre desafíos y soluciones en la evolución de las redes inalámbricas."
fa953e686f927db2d699,FLSPCL20250001_Chile_modifies_spectrum_allocation_to_enable_satellite_direc.pdf,Cullen International,pdf,"Conectividad satelital, NTN y D2D",Conectividad satelital,Modificación de asignación de espectro en Chile para conectividad satelital directa a dispositivo (D2D),"[""D2D"", ""Mobile Satellite Service (MSS)"", ""Conectividad satelital""]","[""703–748 MHz"", ""758–803 MHz"", ""824–849 MHz"", ""869–894 MHz"", ""1710–1770 MHz"", ""1850–1990 MHz"", ""2110–2160 MHz"", ""2500–2690 MHz""]","[""Chile""]","[""Subtel"", ""Cullen International"", ""Office of the Comptroller General""]","[""Regulador"", ""Industria satelital"", ""Operadores móviles"", ""Organismos de control gubernamental""]","[""Asignación de espectro"", ""Condiciones técnicas""]",Nota técnica,"Conectividad satelital, NTN y D2D; tecnologías: D2D, Mobile Satellite Service (MSS), Conectividad satelital; bandas: 703–748 MHz, 758–803 MHz, 824–849 MHz, 869–894 MHz.",10,Alta,3,13,"Este documento es altamente relevante para la Agenda Regulatoria ANE 2027-2028, ya que aborda directamente la gestión del espectro para nuevas tecnologías como la conectividad satelital D2D y las redes no terrestres (NTN). La experiencia de Chile en la asignación de bandas para MSS en base secundaria y la gestión de la coexistencia de servicios ofrece un precedente valioso para la ANE en la formulación de políticas que promuevan la innovación, el uso eficiente del espectro y la expansión de la conectividad, considerando la regulación de nuevas tecnologías inalámbricas y la prevención de interferencias."
250fa18471a0548bcdd1,FLSPCO20250002_Colombia_consults_on_the_use_of_900_MHz_spectrum_for_local_f.pdf,Cullen International,pdf,Disponibilidad de espectro para IMT,Disponibilidad de espectro,Consulta sobre el uso de la banda de 900 MHz para internet fijo local en áreas rurales de Colombia,"[""Internet fijo"", ""Redes inalámbricas"", ""Estaciones base móviles""]","[""900 MHz""]","[""Colombia""]","[""MinTIC"", ""ANE"", ""Cullen International""]","[""Reguladores"", ""Operadores de internet"", ""Comunidades locales""]","[""Asignación de espectro""]",Ajuste a iniciativa existente,"Disponibilidad de espectro para IMT; tecnologías: Internet fijo, Redes inalámbricas, Estaciones base móviles; bandas: 900 MHz.",10,Alta,3,13,"El documento es altamente relevante para la Agenda Regulatoria ANE 2027-2028 ya que trata directamente sobre una consulta de la ANE y MinTIC en Colombia, enfocada en la gestión del espectro (banda de 900 MHz), el licenciamiento, la conectividad rural y el uso eficiente del espectro. Las decisiones sobre esta banda y el modelo de 'comunidades de conectividad' impactarán la política de espectro y regulación futura."
bff5947b2045bf46dedb,FLSPCO20260001_Colombia_consults_on_national_spectrum_policy_for_20262029.pdf,Cullen International,pdf,"Conectividad satelital, NTN y D2D",Conectividad satelital,Consulta sobre la Política Nacional del Espectro de Colombia 2026-2029,"[""5G"", ""6G"", ""IoT"", ""NTN"", ""LEO"", ""IMT"", ""Servicios móviles"", ""Servicios fijos"", ""Radiodifusión de TV"", ""Radio digital"", ""D2D"", ""Redes industriales"", ""Acceso inalámbrico fijo (FWA)""]","[""UHF"", ""VHF"", ""banda Ka"", ""banda Ku""]","[""Colombia""]","[""MinTIC"", ""ANE"", ""Cullen International"", ""ITU"", ""Citel""]","[""Reguladores"", ""Operadores móviles"", ""Fabricantes"", ""Organismos internacionales"", ""Industria satelital"", ""Entidades públicas"", ""Stakeholders privados""]","[""Compartición de espectro""]",Nota técnica,"Conectividad satelital, NTN y D2D; tecnologías: 5G, 6G, IoT, NTN; bandas: UHF, VHF, banda Ka, banda Ku.",10,Alta,3,13,"El documento describe la política nacional de espectro de Colombia para 2026-2029, en cuya formulación la ANE participa activamente. Los objetivos estratégicos y líneas de acción propuestos, que incluyen la gestión del espectro, nuevas tecnologías (5G, 6G, IoT, satélites), acceso flexible y coordinación internacional, son directamente relevantes y proporcionan una base sólida para la Agenda Regulatoria ANE 2027-2028."
9e5665efae519c542026,FLSPCO20260002_Colombia_consults_on_its_second_five-year_spectrum_managemen (1).pdf,Cullen International,pdf,"Conectividad satelital, NTN y D2D",Conectividad satelital,Plan de gestión del espectro y agenda regulatoria de Colombia 2026-2030,"[""IMT"", ""D2D"", ""Redes satelitales"", ""Enlaces de microondas"", ""Redes privadas"", ""5G"", ""Spectrum sharing""]","[""7/8 GHz"", ""440-470 MHz"", ""450 MHz"", ""600 MHz""]","[""Colombia""]","[""ANE"", ""MinTIC"", ""Cullen International""]","[""Reguladores"", ""Operadores móviles"", ""Industria satelital"", ""Organismos internacionales""]","[""Tasas / fees"", ""Armonización internacional""]",Nota técnica,"Conectividad satelital, NTN y D2D; tecnologías: IMT, D2D, Redes satelitales, Enlaces de microondas; bandas: 7/8 GHz, 440-470 MHz, 450 MHz, 600 MHz.",10,Alta,3,13,"Este documento es de alta relevancia ya que describe directamente la agenda regulatoria y el plan de gestión del espectro de la ANE para el período 2026-2030, que incluye el período 2027-2028. Proporciona una visión detallada de los proyectos, temas y tecnologías prioritarias que la ANE ya ha identificado y está trabajando, siendo una base fundamental para la formulación de la Agenda Regulatoria ANE 2027-2028."
22ba1686eeddda09f6a8,FLSPCO20260003_Colombia_consults_on_a_faster_process_to_set_spectrum_caps_a.pdf,Cullen International,pdf,"6 GHz, Wi-Fi e IMT",Disponibilidad de espectro,Ajuste regulatorio y límites de espectro en Colombia,"[""Telecomunicaciones móviles""]","[""Bandas bajas (<1 GHz)"", ""Bandas medias (1-3 GHz)"", ""6 GHz""]","[""Colombia""]","[""MinTIC"", ""Cullen International"", ""Claro"", ""Millicom (Tigo-Movistar)"", ""Novator Partners (Wom)"", ""Telecall""]","[""Reguladores"", ""Operadores móviles"", ""Consultoras""]","[""Asignación de espectro""]",Seguimiento,"6 GHz, Wi-Fi e IMT; tecnologías: Telecomunicaciones móviles; bandas: Bandas bajas (<1 GHz), Bandas medias (1-3 GHz), 6 GHz.",10,Alta,3,13,"El documento es altamente relevante porque detalla una consulta pública sobre la modificación del marco regulatorio para la gestión de límites de espectro en Colombia. Esto impacta directamente la disponibilidad y asignación de espectro para operadores móviles, un pilar fundamental de la Agenda Regulatoria ANE 2027-2028. La propuesta de MinTIC busca mayor flexibilidad y rapidez en la asignación, así como el aumento de límites en bandas medias, lo cual es crucial para el despliegue de futuras tecnologías y la mejora de la conectividad. Permite entender las tendencias regulatorias y las necesidades de espectro en el país."
f31b70c8d199868d3bf5,FLSPCO20260004_Colombia_proposes_private_IMT_framework_for_four_frequency_b.pdf,Cullen International,pdf,"Conectividad satelital, NTN y D2D",Conectividad satelital,Propuesta regulatoria para redes privadas IMT en Colombia,"[""IMT"", ""5G"", ""Redes privadas"", ""FDD"", ""TDD""]","[""410 MHz"", ""900 MHz"", ""3.5 GHz"", ""26 GHz""]","[""Colombia""]","[""ANE"", ""MinTIC"", ""Cullen International""]","[""Reguladores"", ""Operadores móviles"", ""Industria""]","[""Asignación de espectro"", ""Condiciones técnicas""]",Nota técnica,"Conectividad satelital, NTN y D2D; tecnologías: IMT, 5G, Redes privadas, FDD; bandas: 410 MHz, 900 MHz, 3.5 GHz, 26 GHz.",10,Alta,3,13,"El documento describe una propuesta regulatoria directa de la ANE de Colombia para habilitar redes privadas IMT, incluyendo la gestión de espectro en bandas clave (3.5 GHz, 26 GHz). Es fundamental para la Agenda Regulatoria ANE 2027-2028, ya que aborda la asignación de espectro, tipos de licencias, condiciones técnicas y la evolución de la regulación para nuevas tecnologías y modelos de negocio como las redes privadas. Proporciona un precedente y un caso de estudio relevante para futuras decisiones regulatorias de la ANE."
5a744a26fec73cf41e23,FLSPCO20260005_Colombia_to_award_spectrum_in_the_900_MHz_band_to_community_.pdf,Cullen International,pdf,Armonización y gestión internacional,Gestión internacional del espectro,Asignación de espectro en la banda de 900 MHz para redes comunitarias y ISPs en Colombia,"[""Internet fijo"", ""Redes inalámbricas""]","[""900 MHz"", ""897–902 MHz"", ""942–947 MHz"", ""902–912 MHz"", ""947–957 MHz"", ""902–907 MHz"", ""947–952 MHz""]","[""Colombia""]","[""Mintic (Ministerio de Tecnologías de la Información y las Comunicaciones de Colombia)"", ""ANE (Agencia Nacional del Espectro de Colombia)"", ""CRC (Comisión de Regulación de Comunicaciones de Colombia)"", ""Cullen International""]","[""Reguladores"", ""Operadores de servicios de internet (ISPs)"", ""Redes comunitarias"", ""Gobierno""]","[""Asignación de espectro"", ""Armonización internacional""]",Seguimiento,"Armonización y gestión internacional; tecnologías: Internet fijo, Redes inalámbricas; bandas: 900 MHz, 897–902 MHz, 942–947 MHz, 902–912 MHz.",10,Alta,3,13,"Este documento es altamente relevante para la Agenda Regulatoria ANE 2027-2028 porque detalla un proceso reciente de gestión del espectro en una banda clave (900 MHz) para conectividad rural. Proporciona información sobre la metodología de asignación, condiciones de licenciamiento (incluyendo ""úsalo o piérdelo""), la participación de diferentes actores (ISPs, redes comunitarias) y el rol de la ANE en la evaluación técnica. Esto ofrece un precedente y lecciones aprendidas sobre la promoción del uso eficiente del espectro y la reducción de la brecha digital, aspectos fundamentales para futuras decisiones regulatorias."
c39d8872811bf1cbc540,FLSPCR20250001_Claro_and_Liberty_win_licences_in_Costa_Ricas_5G_multiband_a.pdf,Cullen International,pdf,Disponibilidad de espectro para IMT,Disponibilidad de espectro,Resultados de la subasta multibanda 5G en Costa Rica,"[""5G"", ""Fixed broadband"", ""Pay TV"", ""VoIP""]","[""700 MHz"", ""2.3 GHz"", ""3.5 GHz"", ""26 GHz"", ""28 GHz"", ""Bandas bajas"", ""Bandas medias"", ""mmWave""]","[""Costa Rica""]","[""SUTEL"", ""MICITT"", ""Claro (América Móvil)"", ""Liberty"", ""Coopealfaroruiz RL"", ""Coopeguanacaste"", ""Coopelesca"", ""Coopesantos"", ""Ring Centrales de Costa Rica"", ""ICE Kolbi"", ""Cullen International""]","[""Reguladores"", ""Operadores móviles"", ""Operadores locales"", ""Cooperativas de servicios públicos"", ""Industria de telecomunicaciones""]","[""Subasta""]",Ajuste a iniciativa existente,"Disponibilidad de espectro para IMT; tecnologías: 5G, Fixed broadband, Pay TV, VoIP; bandas: 700 MHz, 2.3 GHz, 3.5 GHz, 26 GHz.",10,Alta,3,13,"El documento es altamente relevante para la Agenda Regulatoria ANE 2027-2028 al detallar una subasta 5G reciente en América Latina. Proporciona información crucial sobre la asignación de espectro en bandas clave (700 MHz, 2.3 GHz, 3.5 GHz, 26/28 GHz), modelos de despliegue (nacional y local), mecanismos de subasta (compromisos de antenas), y desafíos regulatorios como el uso eficiente del espectro y los límites de tenencia. Estos aspectos son fundamentales para la planificación y formulación de políticas de gestión del espectro y despliegue de nuevas tecnologías en Colombia."
b1fa7a6e331d1c31e852,FLSPDE20250001_Germany_extends_mobile_licences_imposing_strict_coverage_obl.pdf,Cullen International,pdf,"6 GHz, Wi-Fi e IMT",Disponibilidad de espectro,Extensión de licencias móviles y obligaciones de cobertura en Alemania,"[""Redes móviles"", ""Tecnologías inalámbricas""]","[""800 MHz"", ""1800 MHz"", ""2.6 GHz"", ""Bajo 1 GHz""]","[""Alemania""]","[""BNetzA"", ""Telefónica"", ""Telekom Deutschland"", ""Vodafone"", ""1&1"", ""Cullen International"", ""Ministerio de Transporte e Infraestructura Digital"", ""Ministerio de Economía""]","[""Reguladores"", ""Operadores móviles"", ""Operadores móviles virtuales (MVNOs)"", ""Proveedores de servicios"", ""Gobierno"", ""Tribunales"", ""Autoridad de competencia nacional""]","[""Compartición de espectro""]",Seguimiento,"6 GHz, Wi-Fi e IMT; tecnologías: Redes móviles, Tecnologías inalámbricas; bandas: 800 MHz, 1800 MHz, 2.6 GHz, Bajo 1 GHz.",10,Alta,3,13,"Este documento es altamente relevante para la Agenda Regulatoria ANE 2027-2028, ya que aborda directamente la gestión del espectro radioeléctrico, la imposición de obligaciones de cobertura para fomentar la conectividad, la regulación del acceso mayorista para promover la competencia y la transparencia en los procesos regulatorios. Ofrece un caso de estudio detallado sobre cómo un regulador europeo maneja la renovación de licencias y las condiciones asociadas, incluyendo la compartición de espectro y la interacción con nuevos entrantes y MVNOs, aspectos cruciales para la planificación regulatoria de ANE."
a9e07058db95f1e570ce,FLSPDE20250002_German_top_court_repeals_legal_basis_of_5G_auction_2019.pdf,Cullen International,pdf,Disponibilidad de espectro para IMT,Disponibilidad de espectro,Anulación de la base legal de la subasta 5G alemana por sesgo regulatorio,"[""5G"", ""Redes móviles""]","[""2.1 GHz"", ""3.4–3.7 GHz""]","[""Germany"", ""EU""]","[""BNetzA"", ""Federal Administrative Court"", ""Administrative Court of Cologne"", ""Ministry of Transport and Digital Infrastructure"", ""Telefónica Germany"", ""Cullen International""]","[""Reguladores"", ""Operadores móviles"", ""Operadores móviles virtuales"", ""Proveedores de servicios"", ""Ministerios"", ""Tribunales""]","[""Subasta""]",Ajuste a iniciativa existente,"Disponibilidad de espectro para IMT; tecnologías: 5G, Redes móviles; bandas: 2.1 GHz, 3.4–3.7 GHz.",10,Alta,3,13,"El documento es altamente relevante para la Agenda Regulatoria ANE 2027-2028 porque aborda directamente la gestión del espectro radioeléctrico (subastas 5G, bandas de frecuencia), la independencia del regulador, las obligaciones de cobertura y el acceso a la red para MVNOs. Estos son temas fundamentales para la formulación de políticas y regulaciones en telecomunicaciones, ofreciendo lecciones sobre la transparencia y la autonomía en los procesos de asignación de espectro y la definición de obligaciones para los operadores."
f340d730ed88f3b32d5e,FLSPDO20250001_Dominican_Republic_announces_rules_for_a_new_multi-band_auct.pdf,Cullen International,pdf,Disponibilidad de espectro para IMT,Disponibilidad de espectro,Anuncio de reglas para subasta multibanda de espectro en República Dominicana,"[""5G"", ""Redes móviles"", ""Conectividad inalámbrica""]","[""700 MHz"", ""850 MHz"", ""AWS"", ""2300 MHz"", ""3.5 GHz"", ""26 GHz"", ""Bandas bajas"", ""Bandas medias"", ""Bandas altas""]","[""República Dominicana""]","[""Indotel"", ""Cullen International"", ""Altice"", ""Claro"", ""Viva""]","[""Reguladores"", ""Operadores móviles"", ""Nuevos entrantes"", ""Industria satelital""]","[""Subasta""]",Ajuste a iniciativa existente,"Disponibilidad de espectro para IMT; tecnologías: 5G, Redes móviles, Conectividad inalámbrica; bandas: 700 MHz, 850 MHz, AWS, 2300 MHz.",10,Alta,3,13,"Este documento es altamente relevante para la Agenda Regulatoria ANE 2027-2028, ya que detalla un proceso de subasta de espectro multibanda, incluyendo bandas clave para 5G y futuras tecnologías (3.5 GHz, 26 GHz). Proporciona información sobre la gestión del espectro, criterios de asignación, planes de despliegue, límites de espectro y el rol del regulador, ofreciendo un caso de estudio práctico y reciente sobre tendencias regulatorias y de mercado en la región que pueden informar decisiones similares para Colombia."
e8fa909a91b041cb0b25,FLSPDO20260001_Dominican_Republic_sets_rules_for_310_MHz_multiband_IMT_auct.pdf,Cullen International,pdf,Disponibilidad de espectro para IMT,Disponibilidad de espectro,Subasta multibanda de espectro IMT en República Dominicana,"[""IMT"", ""5G"", ""Redes inalámbricas""]","[""700 MHz"", ""AWS"", ""2.3 GHz"", ""3.5 GHz"", ""850 MHz"", ""26 GHz"", ""Bandas bajas"", ""Bandas medias""]","[""República Dominicana""]","[""Indotel"", ""Cullen International"", ""Altice"", ""Claro"", ""Viva""]","[""Reguladores"", ""Operadores móviles"", ""Postores"", ""Nuevos entrantes""]","[""Subasta""]",Ajuste a iniciativa existente,"Disponibilidad de espectro para IMT; tecnologías: IMT, 5G, Redes inalámbricas; bandas: 700 MHz, AWS, 2.3 GHz, 3.5 GHz.",10,Alta,3,13,"El documento proporciona un estudio de caso detallado de un proceso de subasta de espectro en un país latinoamericano, incluyendo bandas de frecuencia específicas para 5G, obligaciones de cobertura y mecanismos innovadores de pago (compensación de ofertas con proyectos de conectividad o devolución de espectro). Esto ofrece información valiosa sobre enfoques regulatorios, valoración del espectro y estrategias para fomentar la conectividad, lo cual es directamente relevante para la agenda regulatoria de la ANE en gestión del espectro y despliegue de futuras tecnologías."
add231e025c4851f8318,FLSPEP20240005_Regulators_set_more_complex_mobile_coverage_obligations_in_E.pdf,Cullen International,pdf,Disponibilidad de espectro para IMT,Disponibilidad de espectro,Obligaciones de cobertura móvil más complejas en Europa,"[""Redes móviles"", ""GSM"", ""5G""]","[""700 MHz"", ""800 MHz""]","[""Europa""]","[""Cullen International""]","[""Reguladores"", ""Operadores móviles (MNOs)""]","[""Subasta""]",Ajuste a iniciativa existente,"Disponibilidad de espectro para IMT; tecnologías: Redes móviles, GSM, 5G; bandas: 700 MHz, 800 MHz.",10,Alta,3,13,"Este documento ofrece valiosas perspectivas sobre las tendencias regulatorias europeas en materia de obligaciones de cobertura móvil y gestión del espectro, especialmente en el contexto de las implementaciones 5G. Proporciona ejemplos concretos de cómo los reguladores abordan la conectividad en áreas rurales e infraestructuras, lo cual es directamente aplicable para informar la formulación de la Agenda Regulatoria ANE 2027-2028 en Colombia, permitiendo considerar mejores prácticas internacionales para el uso eficiente del espectro y la expansión de la conectividad."
6caae2a58aba55a9972e,FLSPEP20250002_14_European_countries_opened_the_410430MHz_or_450470MHz_band.pdf,Cullen International,pdf,Disponibilidad de espectro para IMT,Disponibilidad de espectro,Apertura de bandas de baja frecuencia en Europa para LTE/5G,"[""LTE"", ""5G"", ""Smart meters"", ""IoT""]","[""410-430 MHz"", ""450-470 MHz""]","[""Europa""]","[""Cullen International""]","[""Reguladores"", ""Operadores móviles"", ""Operadores del sector energético"", ""Industria de telecomunicaciones""]","[""Otro""]",Ajuste a iniciativa existente,"Disponibilidad de espectro para IMT; tecnologías: LTE, 5G, Smart meters, IoT; bandas: 410-430 MHz, 450-470 MHz.",10,Alta,3,13,"Este documento es altamente relevante para la Agenda Regulatoria ANE 2027-2028 porque aborda la asignación y uso de bandas de baja frecuencia (410-470 MHz) para tecnologías LTE y 5G, incluyendo su aplicación en redes privadas para el sector energético y conectividad crítica. Proporciona un benchmark internacional sobre la gestión del espectro, los modelos de licenciamiento y los beneficios de estas bandas para despliegues de red eficientes, información crucial para la planificación del espectro en Colombia y la consideración de nuevos actores y usos."
eab5cf2c1fd1005a10cf,FLSPEP20260001_European_countries_open_the_3842GHz_band_for_local_5G_networ.pdf,Cullen International,pdf,Disponibilidad de espectro para IMT,Disponibilidad de espectro,Apertura de la banda 3.8–4.2 GHz en Europa para redes 5G locales,"[""5G"", ""Redes inalámbricas de banda ancha""]","[""3.8–4.2 GHz"", ""4.2–4.4 GHz"", ""26 GHz"", ""3.4–3.8 GHz"", ""2.3 GHz""]","[""Países europeos"", ""Estados miembros de la UE"", ""Europa""]","[""Cullen International"", ""Comisión Europea""]","[""Operadores de redes móviles"", ""Industria (fábricas, puertos, aeropuertos)"", ""Reguladores"", ""Industria aeronáutica""]","[""Asignación de espectro"", ""Compartición de espectro"", ""Armonización internacional""]",Ajuste a iniciativa existente,"Disponibilidad de espectro para IMT; tecnologías: 5G, Redes inalámbricas de banda ancha; bandas: 3.8–4.2 GHz, 4.2–4.4 GHz, 26 GHz, 3.4–3.8 GHz.",10,Alta,3,13,"Este documento es altamente relevante para la Agenda Regulatoria ANE 2027-2028 al mostrar tendencias internacionales en la asignación y licenciamiento de espectro para redes 5G locales y privadas. Proporciona información sobre la armonización de bandas de frecuencia, modelos de compartición de espectro y la coexistencia con servicios existentes, aspectos cruciales para la planificación del espectro en Colombia, la promoción de la innovación industrial y la definición de marcos regulatorios futuros."
1d14736c269b84e5fed7,FLSPFI20250001_Finlands_6G_roadmap_for_20252030.pdf,Cullen International,pdf,"Conectividad satelital, NTN y D2D",Conectividad satelital,Hoja de ruta 6G de Finlandia para 2025-2030,"[""6G"", ""5G"", ""5G-Advanced"", ""Open RAN"", ""IA"", ""Quantum"", ""Satélites"", ""Cloud"", ""Edge services"", ""Wi-Fi"", ""4G""]","[""6 GHz"", ""700 MHz""]","[""Finlandia"", ""Unión Europea (EU)""]","[""Ministerio de Transporte y Comunicaciones de Finlandia"", ""Cullen International"", ""EU Radio Spectrum Policy Group (RSPG)"", ""Elisa"", ""Google Cloud""]","[""Reguladores"", ""Operadores móviles (MNOs)"", ""Empresas"", ""Organizaciones de investigación"", ""Industria satelital""]","[""Compartición de espectro"", ""Armonización internacional""]",Nota técnica,"Conectividad satelital, NTN y D2D; tecnologías: 6G, 5G, 5G-Advanced, Open RAN; bandas: 6 GHz, 700 MHz.",10,Alta,3,13,"Este documento es altamente relevante para la Agenda Regulatoria ANE 2027-2028, ya que ofrece una visión estratégica de un país pionero en telecomunicaciones sobre el futuro de las redes móviles (6G). Aborda directamente temas cruciales como la gestión del espectro para nuevas tecnologías, la regulación internacional, la seguridad de red, la estandarización, la aplicación de inteligencia artificial y la sostenibilidad. Proporciona información valiosa sobre tendencias tecnológicas y enfoques regulatorios que ANE puede considerar para anticipar y preparar el marco normativo colombiano."
751930d33d089a7a38ce,FLSPGB20250001_United_Kingdom_starts_the_mmWave_spectrum_auction.pdf,Cullen International,pdf,Disponibilidad de espectro para IMT,Disponibilidad de espectro,Subasta de espectro mmWave en el Reino Unido,"[""mmWave"", ""5G"", ""Wireless Telegraphy""]","[""26 GHz"", ""40 GHz"", ""25.1–27.5 GHz"", ""40.5–43.5 GHz"", ""24.45–25.1 GHz""]","[""United Kingdom"", ""UK""]","[""Ofcom"", ""Cullen International""]","[""Reguladores"", ""Operadores móviles"", ""Industria de telecomunicaciones""]","[""Subasta"", ""Asignación de espectro""]",Ajuste a iniciativa existente,"Disponibilidad de espectro para IMT; tecnologías: mmWave, 5G, Wireless Telegraphy; bandas: 26 GHz, 40 GHz, 25.1–27.5 GHz, 40.5–43.5 GHz.",10,Alta,3,13,"Este documento es altamente relevante para la Agenda Regulatoria ANE 2027-2028 porque detalla un enfoque regulatorio específico para la asignación de espectro mmWave, incluyendo el diseño de subastas, la gestión de bandas de alta frecuencia, modelos de licenciamiento (licencias de uso exclusivo y acceso compartido), y condiciones de licencia. Proporciona un caso de estudio práctico sobre cómo un regulador avanzado aborda la introducción de nuevas bandas para tecnologías futuras, lo cual es crucial para la planificación estratégica de ANE."
d6055c47f163cc100567,FLSPGB20250002_Three_UK_operators_secured_the_same_amount_of_spectrum_in_th.pdf,Cullen International,pdf,Disponibilidad de espectro para IMT,Disponibilidad de espectro,Subasta de espectro mmWave en el Reino Unido,"[""mmWave"", ""5G"", ""Redes móviles""]","[""26 GHz"", ""40 GHz"", ""25.1-27.5 GHz"", ""40.5-43.5 GHz"", ""24.45-25.1 GHz"", ""mmWave""]","[""Reino Unido""]","[""Ofcom"", ""British Telecommunications Public Limited Company (EE)"", ""Telefonica UK Limited (O2)"", ""Vodafone Limited (VodafoneThree)"", ""Cullen International""]","[""Reguladores"", ""Operadores móviles"", ""Industria de telecomunicaciones""]","[""Subasta"", ""Asignación de espectro""]",Ajuste a iniciativa existente,"Disponibilidad de espectro para IMT; tecnologías: mmWave, 5G, Redes móviles; bandas: 26 GHz, 40 GHz, 25.1-27.5 GHz, 40.5-43.5 GHz.",10,Alta,3,13,"El documento proporciona un caso de estudio reciente sobre la asignación de espectro mmWave (26 GHz y 40 GHz) en el Reino Unido, incluyendo detalles del proceso de subasta, condiciones de licencia y el enfoque regulatorio de Ofcom. Esta información es valiosa para la ANE al considerar estrategias para la gestión del espectro, la promoción de nuevas tecnologías inalámbricas (como 5G/6G), la definición de bandas de frecuencia y la implementación de modelos de acceso compartido en Colombia para el período 2027-2028."
405761eb18fbfec0295a,FLSPGB20250003_United_Kingdom_completes_the_mmWave_spectrum_auction_.pdf,Cullen International,pdf,Disponibilidad de espectro para IMT,Disponibilidad de espectro,Resultados de la subasta de espectro mmWave en el Reino Unido,"[""mmWave"", ""5G"", ""Comunicaciones inalámbricas""]","[""26 GHz"", ""40 GHz"", ""40.5–43.5 GHz"", ""26.7–27.5 GHz"", ""41.5–42.5 GHz"", ""25.1–25.9 GHz"", ""40.5–41.5 GHz"", ""25.9–26.7 GHz"", ""42.5–43.5 GHz""]","[""Reino Unido"", ""Países europeos""]","[""Ofcom"", ""Cullen International"", ""EE (BT)"", ""O2 (Telefonica)"", ""VodafoneThree""]","[""Reguladores"", ""Operadores móviles"", ""Consultoras""]","[""Subasta"", ""Tasas / fees""]",Ajuste a iniciativa existente,"Disponibilidad de espectro para IMT; tecnologías: mmWave, 5G, Comunicaciones inalámbricas; bandas: 26 GHz, 40 GHz, 40.5–43.5 GHz, 26.7–27.5 GHz.",10,Alta,3,13,"Este documento es altamente relevante porque describe una subasta reciente de espectro mmWave (26 GHz y 40 GHz) en el Reino Unido, un mercado avanzado. Proporciona información sobre la asignación de bandas clave para 5G, el diseño de licencias (duración, ausencia de tarifas anuales, uso a nivel de ciudad), y la participación de operadores. Esto ofrece un benchmark y tendencias regulatorias y tecnológicas útiles para la formulación de la Agenda Regulatoria ANE 2027-2028, especialmente en lo referente a la gestión del espectro, la introducción de nuevas tecnologías inalámbricas y la conectividad 5G."
ea2a21682491bcb8dcf7,FLSPGB20250004_The_United_Kingdom_pioneers_in_Europe_by_allowing_direct-to-.pdf,Cullen International,pdf,"Conectividad satelital, NTN y D2D",Conectividad satelital,Regulación de servicios directos a dispositivo (D2D) en el Reino Unido,"[""D2D"", ""Servicios móviles satelitales (MSS)"", ""Smartphones"", ""Dispositivos con SIM"", ""Redes terrestres"", ""Transmisiones satelitales"", ""Radars (control de tráfico aéreo)""]","[""Bandas móviles por debajo de 3 GHz"", ""700 MHz"", ""800 MHz"", ""900 MHz"", ""1500 MHz"", ""1800 MHz"", ""2.1 GHz"", ""2.6 GHz"", ""2.7–3.1 GHz""]","[""Reino Unido"", ""Europa"", ""Europa Occidental""]","[""Ofcom"", ""Cullen International"", ""Operadores de redes móviles (MNOs)"", ""Operadores satelitales""]","[""Reguladores"", ""Operadores de redes móviles"", ""Operadores satelitales"", ""Usuarios finales"", ""Administraciones vecinas"", ""Organismos internacionales""]","[""Asignación de espectro"", ""Armonización internacional""]",Nota técnica,"Conectividad satelital, NTN y D2D; tecnologías: D2D, Servicios móviles satelitales (MSS), Smartphones, Dispositivos con SIM; bandas: Bandas móviles por debajo de 3 GHz, 700 MHz, 800 MHz, 900 MHz.",10,Alta,3,13,"El documento describe un marco regulatorio innovador para servicios directos a dispositivo (D2D) que integra el espectro móvil y satelital, abordando la conectividad en áreas remotas. Es crucial para la ANE analizar la experiencia del Reino Unido en la gestión del espectro, la coexistencia de tecnologías, la regulación de nuevas tecnologías inalámbricas y las implicaciones de la WRC-27, lo cual es directamente aplicable a la formulación de la Agenda Regulatoria 2027-2028."
4c26c485453d97e03792,FLSPMX20250001_Mexico_20-year_1900_MHz_spectrum_concession_renewals_for_ATT.pdf,Cullen International,pdf,Otros temas de seguimiento,Necesidades transversales,Renovación de concesiones de espectro en 1900 MHz en México,"[""4G LTE"", ""Redes móviles""]","[""1900 MHz"", ""1905–1910 MHz"", ""1985–1990 MHz"", ""1890–1895 MHz"", ""1970–1975 MHz""]","[""México""]","[""IFT"", ""AT&T"", ""Telcel"", ""América Móvil"", ""Radiomóvil Dipsa S.A."", ""Cullen International""]","[""Reguladores"", ""Operadores móviles"", ""Industria de telecomunicaciones""]","[""Renovación"", ""Tasas / fees""]",Seguimiento,"Otros temas de seguimiento; tecnologías: 4G LTE, Redes móviles; bandas: 1900 MHz, 1905–1910 MHz, 1985–1990 MHz, 1890–1895 MHz.",10,Alta,3,13,"Este documento es altamente relevante para la Agenda Regulatoria ANE 2027-2028 al ofrecer un caso práctico de gestión del espectro radioeléctrico, específicamente la renovación de concesiones y la fijación de tarifas. Permite analizar las políticas de asignación y duración del espectro, así como los modelos de cobro implementados por otros reguladores, lo cual es crucial para la planificación estratégica y la toma de decisiones regulatorias futuras en Colombia. Aunque se centra en 4G, los principios de gestión del espectro son aplicables a tecnologías futuras."
fc345c9b8b98a1301776,FLSPMX20260001_Mexicos_CRT_approves_2026_spectrum_use_programme___.pdf,Cullen International,pdf,"Conectividad satelital, NTN y D2D",Conectividad satelital,Aprobación del Programa Anual de Uso y Explotación de Bandas de Frecuencia (APFB) 2026 en México,"[""5G"", ""Fixed Wireless Access (FWA)"", ""Redes de Comunicaciones Inalámbricas Inteligentes (IWC)"", ""Banda ancha móvil"", ""Televisión digital terrestre"", ""Radio AM/FM"", ""Servicio Fijo por Satélite (FSS)""]","[""600 MHz"", ""614–698 MHz"", ""814–824 MHz"", ""859–869 MHz"", ""1850–1915 MHz"", ""1930–1995 MHz"", ""2300–2400 MHz"", ""2500–2690 MHz"", ""3400–3700 MHz"", ""10.15–10.65 GHz"", ""6 GHz"", ""Banda AM"", ""Banda FM""]","[""México"", ""Estados Unidos""]","[""Comisión Reguladora de Telecomunicaciones (CRT) de México"", ""Cullen International""]","[""Reguladores"", ""Operadores móviles"", ""Industria satelital"", ""Sector empresarial"", ""Concesionarios"", ""Gobierno""]","[""Subasta""]",Nota técnica,"Conectividad satelital, NTN y D2D; tecnologías: 5G, Fixed Wireless Access (FWA), Redes de Comunicaciones Inalámbricas Inteligentes (IWC), Banda ancha móvil; bandas: 600 MHz, 614–698 MHz, 814–824 MHz, 859–869 MHz.",10,Alta,3,13,"El documento es altamente relevante porque detalla la planificación y gestión del espectro radioeléctrico en México para 2026, incluyendo bandas clave para 5G, redes privadas (IWC) y Fixed Wireless Access (FWA). Describe procesos de subasta, refarming y consultas públicas, ofreciendo un modelo de cómo otro regulador aborda la asignación de espectro y la promoción de nuevas tecnologías. La identificación de bandas específicas y la mención de redes privadas inteligentes son directamente aplicables a la formulación de la Agenda Regulatoria ANE 2027-2028 para la gestión del espectro y la promoción de la conectividad."
a30e67e41ac9415ce413,FLSPMX20260002_Mexico_publishes_20262030_National_Radioelectric_Spectrum_Pl.pdf,Cullen International,pdf,Disponibilidad de espectro para IMT,Disponibilidad de espectro,Plan Nacional de Espectro Radioeléctrico de México 2026-2030,"[""5G"", ""6G"", ""IoT"", ""IMT"", ""Servicios móviles"", ""Radiodifusión""]","[""600 MHz"", ""800 MHz"", ""1.9 GHz (PCS)"", ""2.5 GHz"", ""Bandas bajas""]","[""México""]","[""Gobierno Federal de México"", ""Agencia de Transformación Digital y Comunicaciones (ATDT)"", ""Comisión Reguladora de Telecomunicaciones (CRT)"", ""Unión Internacional de Telecomunicaciones (UIT)""]","[""Reguladores"", ""Gobierno"", ""Organismos internacionales"", ""Operadores de telecomunicaciones"", ""Comunidades""]","[""Subasta"", ""Asignación de espectro"", ""Armonización internacional""]",Ajuste a iniciativa existente,"Disponibilidad de espectro para IMT; tecnologías: 5G, 6G, IoT, IMT; bandas: 600 MHz, 800 MHz, 1.9 GHz (PCS), 2.5 GHz.",10,Alta,3,13,"Este documento proporciona un ejemplo concreto de un plan nacional de espectro, detallando objetivos, metas y enfoques regulatorios (ej. inclusión social, brecha digital, subastas de espectro para 5G/IoT) para el período 2026-2030. Destaca desafíos (déficit de espectro) y estrategias para nuevas tecnologías y uso eficiente del espectro, ofreciendo información valiosa para la futura agenda regulatoria de la ANE."
0a756619995bf1e69fc0,FLSPPA20250001_Panamanian_regulator_grants_additional_1900_MHz_spectrum_to_.pdf,Cullen International,pdf,Disponibilidad de espectro para IMT,Disponibilidad de espectro,Concesión de espectro adicional en Panamá para Tigo,"[""Telefonía inalámbrica"", ""Datos móviles"", ""IMT"", ""Redes móviles""]","[""1900 MHz"", ""1900–1905 MHz"", ""1980–1985 MHz"", ""Espectro de banda media""]","[""Panamá""]","[""ASEP"", ""Tigo"", ""Millicom group"", ""Más Móvil"", ""Claro"", ""CWP"", ""Digicel"", ""Cullen International""]","[""Reguladores"", ""Operadores móviles"", ""Gobierno"", ""Industria de telecomunicaciones""]","[""Tasas / fees""]",Ajuste a iniciativa existente,"Disponibilidad de espectro para IMT; tecnologías: Telefonía inalámbrica, Datos móviles, IMT, Redes móviles; bandas: 1900 MHz, 1900–1905 MHz, 1980–1985 MHz, Espectro de banda media.",10,Alta,3,13,"El documento es altamente relevante para la Agenda Regulatoria ANE 2027-2028 porque aborda directamente la gestión del espectro radioeléctrico, incluyendo la asignación, renovación y valoración económica de bandas de frecuencia (1900 MHz). Detalla un caso práctico de concesión de espectro para satisfacer la demanda de datos móviles y la estructura del mercado de operadores. Esto proporciona información valiosa sobre modelos regulatorios, tarifas de espectro y políticas para asegurar la competencia y la conectividad, aspectos cruciales para la planificación regulatoria futura."
d0d873c9df031c21b5e1,FLSPPA20250002_Panama_revises_national_frequency_plan_with_new_spectrum_ide.pdf,Cullen International,pdf,"Conectividad satelital, NTN y D2D",Conectividad satelital,Revisión del plan nacional de frecuencias de Panamá,"[""IMT"", ""FWA"", ""5G"", ""Wi-Fi"", ""Satélites""]","[""3600–3800 MHz"", ""2500–2690 MHz"", ""3300–3600 MHz"", ""6 GHz"", ""3500–3700 MHz"", ""3700–4200 MHz"", ""902–928 MHz"", ""2400–2483.5 MHz"", ""5250–5350 MHz"", ""24.05–24.25 GHz"", ""57–64 GHz"", ""700 MHz"", ""850 MHz"", ""1.5 GHz"", ""AWS"", ""1900 MHz""]","[""Panamá""]","[""ASEP"", ""Cullen International"", ""Tigo"", ""+Móvil""]","[""Reguladores"", ""Operadores móviles"", ""Proveedores de banda ancha fija"", ""Industria satelital"", ""Organismos internacionales""]","[""Armonización internacional""]",Nota técnica,"Conectividad satelital, NTN y D2D; tecnologías: IMT, FWA, 5G, Wi-Fi; bandas: 3600–3800 MHz, 2500–2690 MHz, 3300–3600 MHz, 6 GHz.",10,Alta,3,13,"El documento ofrece un caso práctico de gestión del espectro, re-farming, asignación para nuevas tecnologías (IMT/FWA), desafíos de migración y el tratamiento del espectro no licenciado. Estos temas son cruciales para la formulación de la Agenda Regulatoria ANE 2027-2028, proporcionando ejemplos de decisiones regulatorias y sus implicaciones en la planificación y el uso del espectro."
ea61ceaf04b2d2aa32ac,FLSPPA20250003_Panama_identifies_26GHz_and_35GHz_bands_for_IMT_and_allows_n.pdf,Cullen International,pdf,"Conectividad satelital, NTN y D2D",Conectividad satelital,Actualización del plan nacional de frecuencias de Panamá para IMT y NTN,"[""IMT"", ""FWA"", ""NTN"", ""D2D"", ""Redes móviles celulares"", ""Sistemas satelitales"", ""Sistemas terrestres""]","[""2.6 GHz"", ""3.5 GHz"", ""3600–3800 MHz"", ""2500–2690 MHz"", ""3300–3600 MHz""]","[""Panamá"", ""Países americanos""]","[""ASEP"", ""Cullen International""]","[""Regulador"", ""Operadores móviles"", ""Proveedores NTN"", ""Usuarios finales""]","[""Asignación de espectro""]",Nota técnica,"Conectividad satelital, NTN y D2D; tecnologías: IMT, FWA, NTN, D2D; bandas: 2.6 GHz, 3.5 GHz, 3600–3800 MHz, 2500–2690 MHz.",10,Alta,3,13,"Este documento es altamente relevante para la Agenda Regulatoria ANE 2027-2028 porque aborda directamente la gestión del espectro, la identificación de bandas clave para IMT (2.6 GHz y 3.5 GHz), la integración de nuevas tecnologías como las NTN y la conectividad híbrida (terrestre-satelital). Las decisiones regulatorias de Panamá sirven como referencia de tendencias regionales y buenas prácticas en la asignación y uso eficiente del espectro, aspectos cruciales para la planificación regulatoria de la ANE."
d88e164a3194ffb1a491,FLSPPE20250001_Peruvian_draft_complementary_regulation_to_directly_assign_a.pdf,Cullen International,pdf,Disponibilidad de espectro para IMT,Disponibilidad de espectro,Regulación complementaria para asignación directa de espectro 5G en Perú,"[""5G"", ""Telecomunicaciones""]","[""3.5 GHz"", ""26 GHz"", ""3400–3600 MHz"", ""Bandas altas""]","[""Perú""]","[""Ministerio de Transportes y Comunicaciones (MTC)"", ""Gobierno peruano"", ""Cullen International""]","[""Reguladores"", ""Operadores móviles"", ""Empresas de telecomunicaciones"", ""Concesionarios existentes""]","[""Subasta"", ""Asignación de espectro"", ""Armonización internacional""]",Ajuste a iniciativa existente,"Disponibilidad de espectro para IMT; tecnologías: 5G, Telecomunicaciones; bandas: 3.5 GHz, 26 GHz, 3400–3600 MHz, Bandas altas.",10,Alta,3,13,"Este documento es altamente relevante para la Agenda Regulatoria ANE 2027-2028 porque detalla un modelo regulatorio específico para la asignación de espectro 5G, incluyendo mecanismos directos, compromisos de inversión, gestión de bandas clave (3.5 GHz, 26 GHz), y procesos de migración. Ofrece una visión práctica sobre cómo un regulador latinoamericano aborda el despliegue de 5G y la gestión eficiente del espectro, lo cual puede servir como referencia y lección aprendida para la formulación de estrategias similares en Colombia."
bc0e20e6744430fcf6fd,FLSPPE20250002_Peruvian_ministry__to_modify_spectrum_fees_for_the_satellite.pdf,Cullen International,pdf,"Conectividad satelital, NTN y D2D",Conectividad satelital,Modificación de tarifas de espectro para servicios satelitales en Perú,"[""Satélites"", ""ESIM"", ""Internet satelital"", ""Redes móviles""]",[],"[""Perú""]","[""Ministry of Transport and Communications (MTC)"", ""Cullen International""]","[""Reguladores"", ""Operadores de servicios satelitales"", ""Operadores móviles"", ""Industria satelital""]","[""Tasas / fees""]",Nota técnica,"Conectividad satelital, NTN y D2D; tecnologías: Satélites, ESIM, Internet satelital, Redes móviles.",9,Alta,3,12,"Este documento es altamente relevante para la Agenda Regulatoria ANE 2027-2028 porque aborda la gestión del espectro radioeléctrico y la regulación de tarifas, un tema central para el desarrollo de la conectividad. La modificación de metodologías de cálculo de tarifas, especialmente para servicios satelitales y tecnologías como ESIM, impacta directamente la inversión y el despliegue de infraestructura. La experiencia peruana en la revisión de modelos tarifarios y la consideración de diferentes tipos de operadores y tecnologías emergentes (ESIM) ofrece un precedente valioso para la formulación de políticas regulatorias en Colombia, buscando promover el uso eficiente del espectro y la expansión de servicios."
eabb20f7ed58f63552c6,FLSPPE20250003_Peru_opens_call_for_assignment_of_35GHz_band_for_5G_services.pdf,Cullen International,pdf,Disponibilidad de espectro para IMT,Disponibilidad de espectro,Asignación de espectro 3.5 GHz para 5G en Perú,"[""5G"", ""LTE"", ""4G"", ""3G"", ""2G"", ""Fixed Satellite Service (FSS)""]","[""3.5 GHz"", ""3.3–3.8 GHz"", ""6 GHz"", ""3.6–3.8 GHz"", ""banda Ku"", ""11.7–12.2 GHz"", ""14.0–14.5 GHz"", ""10.95–11.2 GHz"", ""11.45–11.7 GHz"", ""13.75–14.0 GHz"", ""C band"", ""3.8–4.2 GHz""]","[""Perú""]","[""Ministry of Transport and Communications (MTC)"", ""Telefónica"", ""América Móvil (Claro)"", ""Entel"", ""Americatel"", ""Televisión Nacional Peruana S.A.C."", ""Cirion Technologies Perú"", ""Perusat Telecomunicaciones"", ""Cullen International"", ""National Superintendency of Higher University Education (SUNEDU)""]","[""Reguladores"", ""Operadores móviles"", ""Operadores de telecomunicaciones fijas"", ""Industria satelital"", ""Gobierno"", ""Consultoras/Analistas""]","[""Asignación de espectro""]",Ajuste a iniciativa existente,"Disponibilidad de espectro para IMT; tecnologías: 5G, LTE, 4G, 3G; bandas: 3.5 GHz, 3.3–3.8 GHz, 6 GHz, 3.6–3.8 GHz.",10,Alta,3,13,"Este documento es altamente relevante para la Agenda Regulatoria ANE 2027-2028 porque detalla un mecanismo regulatorio específico para la asignación de espectro 5G en la banda de 3.5 GHz, incluyendo compromisos de inversión para cerrar brechas de conectividad. Ofrece un caso de estudio sobre cómo un regulador aborda la coexistencia de servicios (móviles y satelitales), la migración de bandas y la promoción de la inversión en infraestructura. Estos elementos son cruciales para la planificación de la gestión del espectro y la regulación de nuevas tecnologías en Colombia."
6f352c3cf560dafbe20f,FLSPPE20250004_Peru_modifies_call_for_assignment_of_35GHz_band_for_5G_servi.pdf,Cullen International,pdf,"Conectividad satelital, NTN y D2D",Conectividad satelital,Asignación y reordenamiento de la banda de 3.5 GHz para servicios 5G en Perú,"[""5G"", ""4G/LTE"", ""Servicios Satelitales""]","[""3.5 GHz"", ""banda Ku"", ""Banda C""]","[""Perú""]","[""Ministry of Transport and Communications (MTC)"", ""Telefónica"", ""América Móvil (Claro)"", ""Entel"", ""Americatel"", ""Televisión Nacional Peruana S.A.C."", ""Cirion Technologies Perú"", ""Perusat Telecomunicaciones""]","[""Reguladores"", ""Operadores móviles"", ""Operadores de telecomunicaciones fijas"", ""Industria satelital"", ""Empresas de radiodifusión""]","[""Refarming"", ""Asignación de espectro""]",Nota técnica,"Conectividad satelital, NTN y D2D; tecnologías: 5G, 4G/LTE, Servicios Satelitales; bandas: 3.5 GHz, banda Ku, Banda C.",10,Alta,3,13,"El documento describe un proceso regulatorio detallado para la asignación de espectro 5G en la banda de 3.5 GHz, incluyendo mecanismos de inversión para la expansión de la conectividad y la migración de servicios satelitales. Ofrece un caso de estudio práctico sobre cómo un regulador aborda la gestión del espectro, el despliegue de nuevas tecnologías y la reducción de la brecha digital, aspectos clave para la Agenda Regulatoria ANE 2027-2028."
86408666fa6b7a634d71,FLSPPE20250005_Peru_assigns_and_reorders_the_35_GHz_band_through_a_special_.pdf,Cullen International,pdf,"Conectividad satelital, NTN y D2D",Conectividad satelital,Asignación y reordenamiento de la banda de 3.5 GHz en Perú,"[""5G"", ""4G"", ""Servicios satelitales fijos (FSS)"", ""Telecomunicaciones públicas""]","[""3.5 GHz"", ""3.3–3.7 GHz"", ""3.7–3.8 GHz"", ""3.6–3.8 GHz"", ""banda Ku"", ""C band (3.8–4.2 GHz)""]","[""Perú""]","[""Ministerio de Transportes y Comunicaciones (MTC)"", ""América Móvil (Claro)"", ""Entel group"", ""Integratel (formerly Telefónica)"", ""Viettel (Bitel)"", ""Americatel"", ""Televisión Nacional Peruana"", ""Cirion Technologies Perú"", ""Perusat Telecomunicaciones"", ""Cullen International""]","[""Reguladores"", ""Operadores móviles"", ""Operadores de servicios satelitales fijos (FSS)"", ""Operadores de telecomunicaciones fijas""]","[""Subasta"", ""Refarming"", ""Asignación de espectro""]",Nota técnica,"Conectividad satelital, NTN y D2D; tecnologías: 5G, 4G, Servicios satelitales fijos (FSS), Telecomunicaciones públicas; bandas: 3.5 GHz, 3.3–3.7 GHz, 3.7–3.8 GHz, 3.6–3.8 GHz.",10,Alta,3,13,"Este documento es altamente relevante para la Agenda Regulatoria ANE 2027-2028 porque detalla un caso práctico de gestión del espectro para 5G, incluyendo reordenamiento de bandas, migración de servicios satelitales, y el uso de compromisos de inversión para fomentar la conectividad. Ofrece insights sobre mecanismos de asignación de espectro, bandas de frecuencia clave (3.5 GHz, Ku, C), y la interacción entre diferentes tipos de servicios (móviles y satelitales), temas cruciales para la planificación regulatoria futura."
38ab7446db809d69478d,FLSPPL20250001_Poland_awards_the_700_MHz_band.pdf,Cullen International,pdf,Disponibilidad de espectro para IMT,Disponibilidad de espectro,Adjudicación de espectro en bandas 700 y 800 MHz en Polonia,"[""5G"", ""4G"", ""Redes móviles""]","[""700 MHz"", ""800 MHz""]","[""Polonia"", ""Unión Europea (inferido)""]","[""UKE"", ""Orange Polska"", ""P4"", ""Polkomtel"", ""T-Mobile Polska"", ""Sferia""]","[""Reguladores"", ""Operadores móviles""]","[""Subasta"", ""Armonización internacional""]",Ajuste a iniciativa existente,"Disponibilidad de espectro para IMT; tecnologías: 5G, 4G, Redes móviles; bandas: 700 MHz, 800 MHz.",10,Alta,3,13,"El documento es altamente relevante porque detalla un proceso de subasta de espectro en bandas clave (700 y 800 MHz) para el despliegue de 5G, incluyendo los desafíos de armonización transfronteriza y seguridad de red. Estos aspectos son cruciales para la planificación y gestión del espectro en Colombia, ofreciendo lecciones aprendidas sobre la asignación, licenciamiento y consideraciones regulatorias para futuras agendas."
284ec923db937ea9842e,FLSPPL20250002_Poland_reshuffles_the_1800MHz_band.pdf,Cullen International,pdf,Otros temas de seguimiento,Necesidades transversales,Reorganización de la banda de 1800 MHz en Polonia,"[""Telecomunicaciones móviles""]","[""1800 MHz""]","[""Polonia""]","[""UKE"", ""Orange Polska"", ""P4"", ""Polkomtel"", ""T-Mobile Polska"", ""Cullen International""]","[""Reguladores"", ""Operadores móviles"", ""Consultoras/Analistas de mercado""]","[""Otro""]",Seguimiento,Otros temas de seguimiento; tecnologías: Telecomunicaciones móviles; bandas: 1800 MHz.,10,Alta,3,13,"El documento es altamente relevante para la Agenda Regulatoria ANE 2027-2028, ya que aborda directamente la gestión del espectro radioeléctrico, la fragmentación, la reorganización de bandas y la armonización de licencias. Estos temas son fundamentales para asegurar el uso eficiente del espectro y la planificación a largo plazo, aspectos cruciales para cualquier regulador de telecomunicaciones. La experiencia de Polonia en la reestructuración de una banda clave como la de 1800 MHz ofrece lecciones valiosas sobre procesos regulatorios y sus impactos en los operadores."
28e09ab29c9778543856,FLSPPY20250001_Paraguay_consults_on_35_GHz_spectrum_award.pdf,Cullen International,pdf,"Conectividad satelital, NTN y D2D",Conectividad satelital,Consulta para la adjudicación de espectro 3.5 GHz en Paraguay para 5G,"[""5G"", ""Acceso inalámbrico fijo (FWA)"", ""IMT (International Mobile Telecommunications)"", ""Agregación de portadoras (Carrier aggregation)"", ""Telefonía móvil""]","[""3.5 GHz"", ""700 MHz"", ""AWS (1700/2100 MHz)"", ""450 MHz"", ""850 MHz"", ""900 MHz"", ""1500 MHz"", ""1900 MHz"", ""2.3 GHz"", ""2.6 GHz"", ""4.8–4.9 GHz"", ""24.25–27.5 GHz"", ""3.7–4.2 GHz (FSS)"", ""4.2–4.4 GHz (Aeronautical Radionavigation Service)""]","[""Paraguay""]","[""Conatel"", ""Cullen International"", ""3GPP"", ""Ministry of ICT (MiTIC)"", ""Personal""]","[""Reguladores"", ""Operadores móviles"", ""Fabricantes de equipos"", ""Industria satelital"", ""Nuevos entrantes""]","[""Subasta"", ""Compartición de espectro""]",Nota técnica,"Conectividad satelital, NTN y D2D; tecnologías: 5G, Acceso inalámbrico fijo (FWA), IMT (International Mobile Telecommunications), Agregación de portadoras (Carrier aggregation); bandas: 3.5 GHz, 700 MHz, AWS (1700/2100 MHz), 450 MHz.",10,Alta,3,13,"Este documento es altamente relevante para la Agenda Regulatoria ANE 2027-2028, ya que ofrece un caso práctico y detallado de un proceso de adjudicación de espectro para 5G en la región. Proporciona información valiosa sobre el diseño de subastas, las condiciones de licenciamiento, las obligaciones de despliegue y cobertura, la compartición de infraestructura, las obligaciones sociales y la gestión de interferencias. Estos elementos son cruciales para la formulación de políticas y regulaciones futuras en Colombia, permitiendo a la ANE aprender de las experiencias y enfoques de otros reguladores."
8abc08cbb5ea9b3a26af,FLSPPY20250002_Paraguay_auctions_400_MHz_in_the_35_GHz_band.pdf,Cullen International,pdf,"Conectividad satelital, NTN y D2D",Conectividad satelital,Subasta de espectro 5G en 3.5 GHz en Paraguay,"[""5G"", ""Fixed Wireless Access (FWA)"", ""Telefonía móvil"", ""3GPP Release 15"", ""Servicio Fijo por Satélite (FSS)""]","[""3.5 GHz"", ""6 GHz"", ""3.7–4.2 GHz"", ""4.2–4.4 GHz""]","[""Paraguay"", ""China""]","[""Conatel"", ""Cullen International"", ""MiTIC"", ""3GPP""]","[""Reguladores"", ""Operadores móviles"", ""Fabricantes de equipos"", ""Industria satelital"", ""Gobierno""]","[""Subasta"", ""Compartición de espectro"", ""Armonización internacional""]",Nota técnica,"Conectividad satelital, NTN y D2D; tecnologías: 5G, Fixed Wireless Access (FWA), Telefonía móvil, 3GPP Release 15; bandas: 3.5 GHz, 6 GHz, 3.7–4.2 GHz, 4.2–4.4 GHz.",10,Alta,3,13,"Este documento es altamente relevante para la Agenda Regulatoria ANE 2027-2028 al ofrecer un caso práctico detallado de una subasta de espectro 5G. Proporciona información valiosa sobre el diseño de subastas, condiciones de licencia (despliegue, sociales, compartición), gestión de interferencias, y aspectos geopolíticos de la cadena de suministro (restricciones a proveedores). Estos elementos son cruciales para la planificación y formulación de políticas de espectro y telecomunicaciones en Colombia, permitiendo a ANE aprender de las experiencias y enfoques regulatorios de otros países."
01c08dff1635289f3aa0,FLSPPY20250003_Paraguay_awards_35_GHz_spectrum_to_Claro_and_a_new_entrant.pdf,Cullen International,pdf,Disponibilidad de espectro para IMT,Disponibilidad de espectro,Adjudicación de espectro 3.5 GHz en Paraguay,"[""Tecnologías inalámbricas"", ""Servicios de internet"", ""Banda ancha móvil"", ""5G""]","[""3.5 GHz"", ""3500–3550 MHz"", ""3550–3600 MHz"", ""3600–3650 MHz"", ""3650–3700 MHz"", ""3300–3350 MHz"", ""3350–3400 MHz"", ""3400–3450 MHz"", ""3450–3500 MHz"", ""Bandas bajas y medias""]","[""Paraguay"", ""Argentina"", ""China""]","[""Conatel"", ""Claro (AMX Paraguay SA)"", ""Nubicom"", ""Tigo"", ""Personal"", ""Copaco-Vox"", ""GSMA"", ""Asiet"", ""Cullen International""]","[""Reguladores"", ""Operadores móviles"", ""Nuevos entrantes"", ""Fabricantes de equipos"", ""Asociaciones de operadores""]","[""Subasta""]",Ajuste a iniciativa existente,"Disponibilidad de espectro para IMT; tecnologías: Tecnologías inalámbricas, Servicios de internet, Banda ancha móvil, 5G; bandas: 3.5 GHz, 3500–3550 MHz, 3550–3600 MHz, 3600–3650 MHz.",10,Alta,3,13,"Este documento es altamente relevante para la Agenda Regulatoria ANE 2027-2028 porque detalla un proceso de adjudicación de espectro en la banda de 3.5 GHz, crucial para el despliegue de 5G. Aborda aspectos regulatorios como las cláusulas de reciprocidad y las restricciones a proveedores, las obligaciones de despliegue y conectividad, y la entrada de nuevos actores. Estos elementos son fundamentales para la formulación de políticas de gestión del espectro, fomento de la competencia y aseguramiento de la conectividad en Colombia, ofreciendo lecciones aprendidas de la experiencia paraguaya."
1ac61ca1b3a1940efbbc,FLSPPY20250004_Paraguay_opens_lower_part_of_the_6GHz_band_for_Wi-Fi.pdf,Cullen International,pdf,"6 GHz, Wi-Fi e IMT",Disponibilidad de espectro,Regulación de la banda de 6 GHz para Wi-Fi en Paraguay,"[""Wi-Fi"", ""Aplicaciones de baja potencia (LPI)"", ""Aplicaciones de muy baja potencia (VLP)""]","[""6 GHz"", ""5925–6425 MHz"", ""5925–7125 MHz""]","[""Paraguay"", ""Américas""]","[""Conatel"", ""Cullen International""]","[""Reguladores"", ""Usuarios de Wi-Fi"", ""Operadores de servicios primarios""]","[""Otro""]",Seguimiento,"6 GHz, Wi-Fi e IMT; tecnologías: Wi-Fi, Aplicaciones de baja potencia (LPI), Aplicaciones de muy baja potencia (VLP); bandas: 6 GHz, 5925–6425 MHz, 5925–7125 MHz.",10,Alta,3,13,"Este documento es altamente relevante para la Agenda Regulatoria ANE 2027-2028 porque aborda la gestión del espectro en la banda de 6 GHz para Wi-Fi, una tendencia global clave para la conectividad. La experiencia de Paraguay, incluyendo la decisión de abrir solo una parte de la banda y los parámetros técnicos establecidos, así como la comparación con otros países de las Américas, proporciona un benchmark útil y consideraciones sobre el uso eficiente del espectro y la prevención de interferencias, aspectos cruciales para futuras regulaciones en Colombia."
dea7f08256d57bf7833f,FLSPPY20260001_Paraguay_increases_spectrum_available_for_5G_in_the_35_GHz_b.pdf,Cullen International,pdf,"Conectividad satelital, NTN y D2D",Conectividad satelital,Paraguay aumenta el espectro disponible para 5G en la banda de 3.5 GHz,"[""5G"", ""IMT"", ""Fixed-Satellite Service (FSS)""]","[""3.5 GHz"", ""3.7–3.8 GHz"", ""3.3–3.7 GHz"", ""3.8–4.2 GHz"", ""3.3–3.8 GHz"", ""3.4–3.7 GHz"", ""3.3–3.4 GHz"", ""Below 1 GHz"", ""6 GHz""]","[""Paraguay"", ""Americas""]","[""Conatel"", ""Claro"", ""Nubicom (Flash)"", ""Cullen International""]","[""Reguladores"", ""Operadores móviles"", ""Industria satelital""]","[""Asignación de espectro""]",Nota técnica,"Conectividad satelital, NTN y D2D; tecnologías: 5G, IMT, Fixed-Satellite Service (FSS); bandas: 3.5 GHz, 3.7–3.8 GHz, 3.3–3.7 GHz, 3.8–4.2 GHz.",10,Alta,3,13,"El documento detalla decisiones regulatorias sobre la asignación y gestión de espectro para 5G en bandas clave (3.5 GHz), la coexistencia con servicios satelitales (FSS) y la evolución del marco regulatorio. Esta información es directamente aplicable para la formulación de la Agenda Regulatoria ANE 2027-2028, ya que aborda tendencias en la gestión del espectro, la implementación de 5G y la necesidad de adaptar la regulación para nuevas tecnologías y servicios."
3c4f59ee90b237dc9564,FLSPPY20260002_Paraguay_consults_on_a_new_5G_spectrum_award.pdf,Cullen International,pdf,"Conectividad satelital, NTN y D2D",Conectividad satelital,Consulta sobre la adjudicación de espectro 5G en Paraguay,"[""5G"", ""Fixed Wireless Access (FWA)"", ""Dense Wavelength Division Multiplexing (DWDM)"", ""Optical Line Amplifiers (OLA)"", ""Gigabit Passive Optical Network (GPON)"", ""Redes seguras"", ""Carrier Aggregation"", ""Mobile telephony"", ""Internet access and data transmission""]","[""2.3 GHz"", ""2.3-2.4 GHz"", ""3.5 GHz"", ""3.3-3.7 GHz"", ""3.7-3.8 GHz"", ""3.7-4.2 GHz (Fixed Satellite Service)"", ""4.2-4.4 GHz (Aeronautical Radionavigation Service)""]","[""Paraguay""]","[""Conatel"", ""Cullen International"", ""Claro (AMX Paraguay SA)"", ""Nubicom"", ""Ministry of ICT (MiTIC)"", ""3GPP"", ""Telecommunications Industry Association (TIA)""]","[""Reguladores"", ""Operadores móviles"", ""Gobierno"", ""Fabricantes de equipos"", ""Industria satelital"", ""Organismos de estandarización""]","[""Compartición de espectro""]",Nota técnica,"Conectividad satelital, NTN y D2D; tecnologías: 5G, Fixed Wireless Access (FWA), Dense Wavelength Division Multiplexing (DWDM), Optical Line Amplifiers (OLA); bandas: 2.3 GHz, 2.3-2.4 GHz, 3.5 GHz, 3.3-3.7 GHz.",10,Alta,3,13,"Este documento es altamente relevante para la Agenda Regulatoria ANE 2027-2028 porque detalla un proceso de licitación de espectro 5G, incluyendo bandas de frecuencia clave (2.3 y 3.5 GHz), modelos de obligaciones (sociales vs. inversión en redes seguras), políticas de compartición de infraestructura, roaming, mitigación de interferencias y requisitos tecnológicos (5G NR, DWDM, GPON). Ofrece un caso de estudio reciente de un regulador latinoamericano que aborda desafíos de despliegue, seguridad y conectividad, proporcionando ideas y lecciones aprendidas aplicables a la formulación de futuras políticas de espectro y telecomunicaciones en Colombia."
cd4fcb297f942cced9c8,FLSPSE20250001_Swedish_regulator_publishes_final_documentation_for_the_spec.pdf,Cullen International,pdf,Spectrum sharing y mecanismos flexibles,Innovación en gestión y uso del espectro,Subasta de espectro en la banda de 1800 MHz en Suecia,"[""Comunicaciones móviles"", ""Banda ancha móvil""]","[""1800 MHz"", ""1710–1720 MHz"", ""1805–1815 MHz"", ""1755–1780 MHz"", ""1850–1875 MHz""]","[""Suecia""]","[""PTS"", ""Telia"", ""Net4Mobility"", ""Telenor"", ""Tele2"", ""Hi3G"", ""Huawei"", ""ZTE""]","[""Reguladores"", ""Operadores móviles"", ""Fabricantes de equipos""]","[""Subasta"", ""Compartición de espectro""]",Nueva iniciativa,"Spectrum sharing y mecanismos flexibles; tecnologías: Comunicaciones móviles, Banda ancha móvil; bandas: 1800 MHz, 1710–1720 MHz, 1805–1815 MHz, 1755–1780 MHz.",10,Alta,3,13,"Este documento es altamente relevante para la Agenda Regulatoria ANE 2027-2028 porque detalla un proceso de asignación de espectro (subasta) en una banda clave (1800 MHz), incluyendo aspectos regulatorios como la duración de licencias, requisitos de seguridad (prohibición de ciertos fabricantes), y la promoción de la compartición de espectro. Ofrece un caso de estudio práctico sobre cómo un regulador gestiona el espectro, establece condiciones de licencia y aborda preocupaciones de seguridad nacional, lo cual es directamente aplicable a la formulación de políticas y regulaciones futuras de la ANE."
1c170a283256226f1a1f,FLSPSE20250002_Sweden_auctioned_2x35MHz_in_the_1800MHz_band.pdf,Cullen International,pdf,Otros temas de seguimiento,Necesidades transversales,Subasta de espectro en la banda de 1800 MHz en Suecia,"[""Telecomunicaciones móviles""]","[""1800 MHz"", ""1755–1780 MHz"", ""1850–1875 MHz"", ""1710–1720 MHz"", ""1805–1815 MHz""]","[""Suecia""]","[""PTS"", ""Net4Mobility"", ""Tele2"", ""Telenor"", ""Telia Sweden"", ""Hi3G Access"", ""Cullen International""]","[""Reguladores"", ""Operadores móviles"", ""Industria de telecomunicaciones""]","[""Subasta"", ""Asignación de espectro""]",Seguimiento,"Otros temas de seguimiento; tecnologías: Telecomunicaciones móviles; bandas: 1800 MHz, 1755–1780 MHz, 1850–1875 MHz, 1710–1720 MHz.",10,Alta,3,13,"Este documento es altamente relevante ya que detalla una subasta de espectro reciente en la banda de 1800 MHz, una banda clave para servicios móviles. Ofrece información sobre la gestión del espectro, la duración de las licencias, los precios de reserva, las estrategias de los operadores y el rol del regulador. Estos datos son cruciales para informar decisiones sobre futuras asignaciones de espectro, diseño de subastas y políticas de renovación de licencias en la Agenda Regulatoria ANE 2027-2028."
4bcb5604a539be349c7c,FLSPSI20250001_Slovenia_to_repeat_the_award_of_local_licences_in_23_and_35_.pdf,Cullen International,pdf,Disponibilidad de espectro para IMT,Disponibilidad de espectro,Reasignación de licencias locales de espectro en Eslovenia,"[""Servicios de comunicación electrónica inalámbrica"", ""PMSE"", ""Redes privadas""]","[""2.3 GHz"", ""2300–2320 MHz"", ""2320–2330 MHz"", ""3.5 GHz"", ""3400–3420 MHz"", ""3400–3410 MHz"", ""3410–3420 MHz"", ""2390–2400 MHz""]","[""Eslovenia""]","[""AKOS"", ""T-2"", ""Telekom Slovenije"", ""Telemach Slovenija"", ""Cullen International""]","[""Reguladores"", ""Operadores móviles"", ""Verticales"", ""Autoridades públicas""]","[""Subasta"", ""Asignación de espectro""]",Ajuste a iniciativa existente,"Disponibilidad de espectro para IMT; tecnologías: Servicios de comunicación electrónica inalámbrica, PMSE, Redes privadas; bandas: 2.3 GHz, 2300–2320 MHz, 2320–2330 MHz, 3.5 GHz.",10,Alta,3,13,"El documento es altamente relevante para la Agenda Regulatoria ANE 2027-2028 porque detalla un proceso de asignación de espectro local, incluyendo bandas clave (2.3 GHz, 3.5 GHz), modelos de precios diferenciados para verticales y operadores, y la gestión de espectro para redes privadas. Ofrece un caso práctico sobre cómo un regulador aborda la disponibilidad y el uso eficiente del espectro para diversos actores, lo cual es crucial para la formulación de políticas de espectro y conectividad."
1abd5185b510a973f4f5,FLSPSI20250002_Slovenia_awards_local_licences_in_the_23_GHz_band.pdf,Cullen International,pdf,Disponibilidad de espectro para IMT,Disponibilidad de espectro,Asignación de licencias locales de espectro en Eslovenia,"[""Redes privadas""]","[""2.3 GHz"", ""3.5 GHz""]","[""Eslovenia""]","[""AKOS"", ""Luka Koper"", ""Fraport Slovenija"", ""LTH Castings"", ""City Municipality of Kranj"", ""Municipality of Ilirska Bistrica"", ""Cullen International""]","[""Reguladores"", ""Operadores de redes privadas"", ""Autoridades locales"", ""Industria""]","[""Subasta"", ""Asignación de espectro"", ""Armonización internacional""]",Ajuste a iniciativa existente,"Disponibilidad de espectro para IMT; tecnologías: Redes privadas; bandas: 2.3 GHz, 3.5 GHz.",10,Alta,3,13,"El documento es altamente relevante porque aborda la asignación de licencias locales de espectro para verticales y autoridades locales en bandas clave (2.3 GHz y 3.5 GHz). Esto proporciona un precedente y un modelo regulatorio sobre cómo otros países están gestionando el espectro para redes privadas y usos específicos, lo cual es crucial para la formulación de la Agenda Regulatoria ANE 2027-2028 en términos de gestión del espectro, fomento de la conectividad local y desarrollo de redes privadas."
8a316dd0ea8f7492250c,FLSPSI20260001_Slovenia_completes_the_second_phase_of_the_repeated_award_of.pdf,Cullen International,pdf,Disponibilidad de espectro para IMT,Disponibilidad de espectro,Adjudicación de licencias locales de espectro en Eslovenia,"[""Nuevas tecnologías inalámbricas"", ""5G"", ""Redes privadas""]","[""2.3 GHz"", ""3.5 GHz""]","[""Eslovenia""]","[""AKOS"", ""Občina Ilirska Bistrica"", ""Telekom Slovenije"", ""Vahta"", ""T-2"", ""Host Net"", ""Cullen International""]","[""Reguladores"", ""Operadores móviles"", ""Autoridades locales"", ""Industria de telecomunicaciones""]","[""Asignación de espectro""]",Ajuste a iniciativa existente,"Disponibilidad de espectro para IMT; tecnologías: Nuevas tecnologías inalámbricas, 5G, Redes privadas; bandas: 2.3 GHz, 3.5 GHz.",10,Alta,3,13,"Este documento es altamente relevante para la Agenda Regulatoria ANE 2027-2028 al detallar un proceso de adjudicación de espectro para licencias locales en bandas clave (2.3 GHz y 3.5 GHz), las cuales son fundamentales para el despliegue de 5G y redes privadas. Proporciona un modelo regulatorio sobre cómo otros países gestionan la asignación de espectro para usos específicos y la participación de diferentes actores (operadores, autoridades locales, verticales), lo cual puede informar las estrategias de ANE para fomentar el uso eficiente del espectro y la conectividad."
0965914e3f37305209d5,FLSPSI20260002_Slovenia_concludes_the_repeated_award_of_local_licences_in_t.pdf,Cullen International,pdf,Disponibilidad de espectro para IMT,Disponibilidad de espectro,Adjudicación de licencias locales de espectro en Eslovenia,"[""Redes privadas""]","[""2.3 GHz"", ""3.5 GHz"", ""2320-2330 MHz""]","[""Eslovenia""]","[""AKOS"", ""T-2"", ""Cullen International""]","[""reguladores"", ""operadores móviles"", ""verticales"", ""autoridades locales""]","[""Asignación de espectro""]",Ajuste a iniciativa existente,"Disponibilidad de espectro para IMT; tecnologías: Redes privadas; bandas: 2.3 GHz, 3.5 GHz, 2320-2330 MHz.",10,Alta,3,13,"El documento es altamente relevante para la Agenda Regulatoria ANE 2027-2028 al ofrecer un caso práctico de adjudicación de espectro para licencias locales en bandas clave (2.3 GHz y 3.5 GHz). Destaca la importancia de las redes privadas y la participación de verticales y autoridades locales, aspectos cruciales para la diversificación del uso del espectro y la promoción de la conectividad en Colombia. Proporciona un modelo de proceso regulatorio para la asignación de espectro con fines específicos."
95ea8f69556f254f852c,FLSPSK20250001_Slovakia_launches_multiband_award_in_five_bands.pdf,Cullen International,pdf,Disponibilidad de espectro para IMT,Disponibilidad de espectro,Subasta multibanda de espectro en Eslovaquia,"[""4G/LTE"", ""5G"", ""FDD"", ""TDD"", ""Banda ancha móvil""]","[""800 MHz"", ""900 MHz"", ""1500 MHz SDL"", ""2.1 GHz"", ""2.6 GHz"", ""Banda por debajo de 1 GHz""]","[""Eslovaquia""]","[""RÚ"", ""Orange Slovensko"", ""O2 Slovakia"", ""Slovak Telekom"", ""Swan"", ""Cullen International""]","[""Reguladores"", ""Operadores móviles""]","[""Subasta""]",Ajuste a iniciativa existente,"Disponibilidad de espectro para IMT; tecnologías: 4G/LTE, 5G, FDD, TDD; bandas: 800 MHz, 900 MHz, 1500 MHz SDL, 2.1 GHz.",10,Alta,3,13,"El documento ofrece un caso práctico detallado sobre la gestión del espectro radioeléctrico, incluyendo el diseño de subastas, la asignación de bandas clave para 4G/5G, y la implementación de herramientas regulatorias (límites de espectro, obligaciones de cobertura, itinerancia nacional, restricciones de trading) para promover la competencia y el despliegue de infraestructura. Estos elementos son directamente aplicables y muy relevantes para la formulación de la Agenda Regulatoria ANE 2027-2028, proporcionando ejemplos concretos de cómo otros reguladores abordan desafíos similares."
9d5e543e594846b550ec,FLSPSK20250002_Slovakia_awards_spectrum_in_five_bands_until_2048.pdf,Cullen International,pdf,"6 GHz, Wi-Fi e IMT",Disponibilidad de espectro,Adjudicación de espectro radioeléctrico en Eslovaquia,"[""Telecomunicaciones móviles""]","[""800 MHz"", ""900 MHz"", ""1500 MHz"", ""2.1 GHz"", ""2.6 GHz""]","[""Eslovaquia""]","[""RÚ"", ""Slovak Telekom"", ""Orange Slovensko"", ""O2 Slovakia"", ""Swan""]","[""Reguladores"", ""Operadores móviles""]","[""Subasta"", ""Asignación de espectro""]",Seguimiento,"6 GHz, Wi-Fi e IMT; tecnologías: Telecomunicaciones móviles; bandas: 800 MHz, 900 MHz, 1500 MHz, 2.1 GHz.",10,Alta,3,13,"El documento detalla un proceso de adjudicación de espectro radioeléctrico en múltiples bandas en Eslovaquia, incluyendo los actores, las bandas específicas, los montos recaudados y la duración de las licencias. Esta información es crucial para la ANE, ya que proporciona un caso de estudio real sobre la gestión del espectro, las estrategias de subasta y la asignación a operadores móviles, lo cual puede servir como referencia para la formulación de futuras agendas regulatorias y decisiones sobre el uso y la planificación del espectro en Colombia. Permite analizar tendencias en la valoración del espectro y la duración de las licencias."
8dc20a23d43f57316509,FLSPUS20240008_SpaceX_gets_conditional_approval_to_provide_supplemental_cov.pdf,Cullen International,pdf,"Conectividad satelital, NTN y D2D",Conectividad satelital,Aprobación condicional de SpaceX para cobertura suplementaria satelital en EE. UU.,"[""Starlink"", ""Satélites Gen2"", ""D2D"", ""NTN"", ""LEO"", ""Wireless Emergency Alerts (WEA)"", ""SMS""]","[""PCS G Block"", ""1910–1915 MHz (earth-to-space)"", ""1990–1995 MHz (space-to-earth)""]","[""United States"", ""Canada"", ""Chile"", ""Peru"", ""Asia"", ""Europe"", ""Oceania"", ""North Carolina""]","[""SpaceX"", ""Federal Communications Commission (FCC)"", ""T-Mobile"", ""Starlink"", ""Rogers"", ""Entel Chile"", ""Entel Peru"", ""Globalstar"", ""Apple"", ""AST Space Mobile"", ""Lynk"", ""Cullen International""]","[""Reguladores"", ""Operadores móviles"", ""Proveedores de servicios satelitales"", ""Fabricantes de dispositivos"", ""Industria satelital""]","[""Otro""]",Nota técnica,"Conectividad satelital, NTN y D2D; tecnologías: Starlink, Satélites Gen2, D2D, NTN; bandas: PCS G Block, 1910–1915 MHz (earth-to-space), 1990–1995 MHz (space-to-earth).",10,Alta,3,13,"El documento es altamente relevante para la Agenda Regulatoria ANE 2027-2028 porque aborda la regulación de nuevas tecnologías inalámbricas (NTN, D2D), la gestión del espectro radioeléctrico para servicios satelitales, el uso eficiente del espectro (operación secundaria, minimización de interferencias), y la expansión de la conectividad en áreas remotas. También destaca tendencias tecnológicas y regulatorias internacionales en el ámbito satelital, lo cual es crucial para la formulación de políticas futuras."
94a681ef37c4a96a2edd,FLSPUS20250001_US_consults_on_the_use_of_new_high_bands_for_satellite_bands.pdf,Cullen International,pdf,"Conectividad satelital, NTN y D2D",Conectividad satelital,Consulta de la FCC sobre la expansión del espectro de alta frecuencia para uso satelital,"[""Satélites (GSO, NGSO, FSS, alta capacidad)"", ""NTN"", ""ESIMs (Earth Stations in Motion)"", ""Hardware de alta frecuencia""]","[""12.7–13.25 GHz"", ""42–42.5 GHz"", ""51.4–52.4 GHz"", ""92–114.25 GHz (W band)"", ""42.5–43.5 GHz""]","[""Estados Unidos""]","[""Federal Communications Commission (FCC)"", ""Cullen International""]","[""Reguladores"", ""Operadores satelitales"", ""Industria satelital"", ""Operadores móviles"", ""Fabricantes""]","[""Asignación de espectro""]",Nota técnica,"Conectividad satelital, NTN y D2D; tecnologías: Satélites (GSO, NGSO, FSS, alta capacidad), NTN, ESIMs (Earth Stations in Motion), Hardware de alta frecuencia; bandas: 12.7–13.25 GHz, 42–42.5 GHz, 51.4–52.4 GHz, 92–114.25 GHz (W band).",10,Alta,3,13,"Este documento es altamente relevante para la Agenda Regulatoria ANE 2027-2028, ya que aborda la gestión del espectro de alta frecuencia, la introducción de nuevas bandas para servicios satelitales (incluyendo NTN/ESIMs) y la coexistencia con otros usos. Las decisiones de la FCC sobre estas bandas y tecnologías, así como las consideraciones sobre regulación internacional, establecen precedentes y tendencias que la ANE debe monitorear y analizar para la formulación de su propia agenda, especialmente en lo que respecta a la planificación del espectro y la habilitación de servicios innovadores en Colombia."
6d72def5a252c9a08fb2,FLSPUS20250002_US_consults_on_EchoStar_licences_in_2_GHz_band.pdf,Cullen International,pdf,"Conectividad satelital, NTN y D2D",Conectividad satelital,Consulta de la FCC sobre licencias de EchoStar en la banda de 2 GHz para servicios móviles por satélite,"[""Mobile-satellite services (MSS)"", ""Advanced Wireless Service (AWS-4)"", ""Satélites"", ""NTN""]","[""2 GHz band"", ""2000–2020 MHz"", ""2180–2200 MHz"", ""AWS-4 bands"", ""1980–2010 MHz"", ""2170–2200 MHz""]","[""US"", ""Europa""]","[""Federal Communications Commission (FCC)"", ""FCC Space Bureau"", ""FCC Wireless Telecommunications Bureau (WTB)"", ""EchoStar"", ""Gamma Acquisition"", ""DBSD"", ""SpaceX"", ""European Commission"", ""Cullen International""]","[""Reguladores"", ""Operadores de satélites"", ""Industria satelital""]","[""Renovación""]",Nota técnica,"Conectividad satelital, NTN y D2D; tecnologías: Mobile-satellite services (MSS), Advanced Wireless Service (AWS-4), Satélites, NTN; bandas: 2 GHz band, 2000–2020 MHz, 2180–2200 MHz, AWS-4 bands.",10,Alta,3,13,"El documento es altamente relevante para la Agenda Regulatoria ANE 2027-2028 porque aborda la gestión del espectro radioeléctrico, el uso eficiente de bandas clave (2 GHz) para servicios satelitales (MSS) y terrestres (AWS-4), y la necesidad de fomentar la competencia y la entrada de nuevos actores. La experiencia de la FCC y la Comisión Europea en la revisión de licencias y la consideración de nuevas tecnologías (NTN/satélites) y modelos de compartición de espectro (spectrum sharing implícito con 'new operator entry') ofrece lecciones valiosas para la formulación de políticas y regulaciones en Colombia, especialmente en la asignación y monitoreo del uso del espectro para servicios innovadores y la conectividad."
b0279446077a82047f3e,FLSPUS20250003_US_adopts_new_rules_for_the_lower_37_GHz_band_for_5G_and_IoT.pdf,Cullen International,pdf,Disponibilidad de espectro para IMT,Disponibilidad de espectro,Regulación del espectro en la banda de 37 GHz para 5G e IoT en EE. UU.,"[""5G"", ""IoT"", ""Fixed Wireless Broadband"", ""Redes inalámbricas avanzadas""]","[""37 GHz"", ""6 GHz"", ""37–37.2 GHz""]","[""Estados Unidos""]","[""Federal Communications Commission (FCC)"", ""Wireless Telecommunications Bureau (WTB)"", ""National Telecommunications and Information Administration (NTIA)"", ""Cullen International""]","[""Reguladores"", ""Operadores móviles"", ""Industria de IoT"", ""Agencias federales"", ""Sector de defensa""]","[""Asignación de espectro"", ""Compartición de espectro"", ""Renovación""]",Ajuste a iniciativa existente,"Disponibilidad de espectro para IMT; tecnologías: 5G, IoT, Fixed Wireless Broadband, Redes inalámbricas avanzadas; bandas: 37 GHz, 6 GHz, 37–37.2 GHz.",10,Alta,3,13,"Este documento es altamente relevante para la Agenda Regulatoria ANE 2027-2028, ya que aborda la gestión innovadora del espectro en bandas milimétricas (37 GHz), crucial para el despliegue de 5G y futuras tecnologías. La experiencia de EE. UU. con modelos de licenciamiento por sitio, la compartición de espectro entre usos federales y no federales, y los mecanismos de coordinación y resolución de disputas, ofrece valiosas lecciones y posibles enfoques a considerar para la ANE en la optimización del uso del espectro y la introducción de nuevas tecnologías en Colombia."
eda551856474e5aafbb6,FLSPUS20250004_USA_the_FCC_regains_its_spectrum_auctioning_powers.pdf,Cullen International,pdf,Otros temas de seguimiento,Necesidades transversales,Restablecimiento de las facultades de subasta de espectro de la FCC en EE. UU.,"[""Telecomunicaciones inalámbricas"", ""Banda ancha móvil""]","[""1.3-10.5 GHz"", ""3.1-3.45 GHz"", ""7.4-8.4 GHz"", ""AWS-3""]","[""Estados Unidos""]","[""Federal Communications Commission (FCC)"", ""Departamento de Defensa de EE. UU."", ""Congreso de EE. UU."", ""Cullen International""]","[""Regulador de telecomunicaciones"", ""Gobierno"", ""Legisladores"", ""Consultora de inteligencia de mercado""]","[""Subasta""]",Seguimiento,"Otros temas de seguimiento; tecnologías: Telecomunicaciones inalámbricas, Banda ancha móvil; bandas: 1.3-10.5 GHz, 3.1-3.45 GHz, 7.4-8.4 GHz, AWS-3.",10,Alta,3,13,"Este documento es altamente relevante porque describe cómo un regulador clave como la FCC recupera y ejerce sus facultades de subasta de espectro, identificando nuevas bandas para uso futuro y gestionando asignaciones existentes. Ofrece una visión sobre los procesos legislativos, las estrategias de identificación de espectro y la importancia de la autoridad regulatoria en la gestión del espectro, aspectos cruciales para la formulación de la Agenda Regulatoria ANE 2027-2028 en cuanto a asignación y uso eficiente del espectro."
6df11a1fa04ddc37204c,FLSPUS20250005_Echostar_announces_massive_spectrum_sale_to_ATT_and_SpaceX.pdf,Cullen International,pdf,"Conectividad satelital, NTN y D2D",Conectividad satelital,Reasignación masiva de espectro en EE. UU. por EchoStar a AT&T y SpaceX,"[""5G"", ""Direct-to-Cell (D2C)"", ""Mobile Virtual Network Operator (MVNO)"", ""LTE"", ""Starlink"", ""NTN"", ""Tecnología satelital""]","[""3.5 GHz"", ""600 MHz"", ""AWS-4 (2000–2020/2180–2200 MHz)"", ""H block (1915–1920/1995–2000 MHz)"", ""700 MHz"", ""AWS (1710-1755/2110-2155 MHz, 1710-1780/2110-2200 MHz)"", ""40 GHz"", ""47 GHz"", ""1900 MHz"", ""5G band n252"", ""LTE band 25"", ""LTE band 4"", ""5G band n4"", ""LTE band 66"", ""5G band n66"", ""LTE bands 2 and 25"", ""5G band n2 and n25""]","[""US"", ""Américas""]","[""EchoStar"", ""AT&T"", ""SpaceX"", ""Federal Communications Commission (FCC)"", ""T-Mobile"", ""Verizon"", ""Boost Mobile"", ""Dish"", ""AST"", ""Cullen International""]","[""Proveedor de satélites"", ""Operador móvil"", ""Regulador"", ""MVNO"", ""Industria satelital"", ""Fabricantes de tecnología""]","[""Asignación de espectro""]",Nota técnica,"Conectividad satelital, NTN y D2D; tecnologías: 5G, Direct-to-Cell (D2C), Mobile Virtual Network Operator (MVNO), LTE; bandas: 3.5 GHz, 600 MHz, AWS-4 (2000–2020/2180–2200 MHz), H block (1915–1920/1995–2000 MHz).",10,Alta,3,13,"El documento es altamente relevante para la Agenda Regulatoria ANE 2027-2028 al abordar la reasignación masiva de espectro, la regulación de nuevas tecnologías como D2C y NTN, la gestión del espectro para 5G y futuros servicios, y la resolución de problemas de subutilización. Proporciona información sobre tendencias de mercado, decisiones regulatorias (FCC) y el impacto en la competencia y la conectividad, elementos clave para la planificación estratégica de la ANE."
345deac78065de946cde,FLSPUS20260001_US_FCC_proposes_to_auction_part_of_the_39842_GHz_band_by_202.pdf,Cullen International,pdf,Disponibilidad de espectro para IMT,Disponibilidad de espectro,Propuesta de la FCC para reasignar y subastar la banda 3.98-4.2 GHz en EE. UU.,"[""5G"", ""6G"", ""Fixed Wireless Access (FWA)"", ""Servicios móviles terrestres"", ""Fixed Satellite Service (FSS)"", ""Radio altímetros""]","[""3.98–4.2 GHz"", ""3.7–3.98 GHz"", ""4.2–4.4 GHz"", ""C-band"", ""Mid-band spectrum"", ""3.98–4.16 GHz"", ""3.98–4.08 GHz"", ""4–8 GHz""]","[""Estados Unidos""]","[""Federal Communications Commission (FCC)"", ""Institute of Electrical and Electronics Engineers (IEEE)"", ""National Association of Broadcasters (NAB)"", ""Cullen International""]","[""Reguladores"", ""Operadores móviles"", ""Operadores FSS (incumbentes)"", ""Sector de aviación"", ""Radiodifusores""]","[""Subasta"", ""Asignación de espectro""]",Ajuste a iniciativa existente,"Disponibilidad de espectro para IMT; tecnologías: 5G, 6G, Fixed Wireless Access (FWA), Servicios móviles terrestres; bandas: 3.98–4.2 GHz, 3.7–3.98 GHz, 4.2–4.4 GHz, C-band.",10,Alta,3,13,"Este documento es altamente relevante para la Agenda Regulatoria ANE 2027-2028, ya que aborda directamente la gestión y reasignación de bandas de espectro medio (C-band), el despliegue de 5G y 6G, la coexistencia de servicios (terrestres y satelitales/aviación), y la regulación de nuevas tecnologías. La experiencia de la FCC en la liberación de espectro y la gestión de incumbentes ofrece valiosas lecciones para la ANE en la planificación de futuras bandas y la formulación de políticas de espectro."
7ab9602e3e96df26b07d,FLSPUS20260002_US_auctions_65_MHz_in_Advanced_Wireless_Services_AWS-3_band.pdf,Cullen International,pdf,Disponibilidad de espectro para IMT,Disponibilidad de espectro,Subasta de espectro AWS-3 en Estados Unidos para 5G e IoT,"[""5G"", ""IoT"", ""Advanced Wireless Services (AWS-3)"", ""Servicios inalámbricos avanzados"", ""Redes móviles"", ""Estaciones base""]","[""AWS-3 band"", ""1695–1710 MHz"", ""1755–1780 MHz"", ""2155–2180 MHz"", ""Bandas medias""]","[""Estados Unidos"", ""México"", ""Canadá""]","[""Federal Communications Commission (FCC)"", ""Cullen International""]","[""Reguladores"", ""Operadores móviles"", ""Pequeñas y muy pequeñas empresas"", ""Proveedores de servicios rurales"", ""Usuarios federales incumbentes"", ""Licenciatarios de microondas fijas y radio de banda ancha no federales""]","[""Subasta"", ""Compartición de espectro""]",Ajuste a iniciativa existente,"Disponibilidad de espectro para IMT; tecnologías: 5G, IoT, Advanced Wireless Services (AWS-3), Servicios inalámbricos avanzados; bandas: AWS-3 band, 1695–1710 MHz, 1755–1780 MHz, 2155–2180 MHz.",10,Alta,3,13,"Este documento es altamente relevante para la Agenda Regulatoria ANE 2027-2028, ya que detalla una subasta de espectro de bandas medias para 5G e IoT en Estados Unidos. Proporciona información valiosa sobre el diseño de subastas (bloques pareados/no pareados, áreas geográficas, créditos de licitación), la gestión del espectro para nuevas tecnologías, y los mecanismos de compartición y coexistencia con usuarios incumbentes. La experiencia de la FCC en la asignación de espectro y la resolución de interferencias, así como la promoción de la conectividad y la seguridad, ofrece lecciones clave para la formulación de políticas regulatorias en Colombia."
612585481facb3974ce6,FLSPUS20260003_United_States_promotes_a_wider_use_of_the_US-specific_900_MH.pdf,Cullen International,pdf,Disponibilidad de espectro para IMT,Disponibilidad de espectro,Expansión del uso de la banda de 900 MHz para redes privadas en EE. UU.,"[""LTE"", ""5G"", ""GSM"", ""Narrowband"", ""Broadband"", ""SMR"", ""B/ILT"", ""Wireless networks""]","[""900 MHz"", ""896–901 MHz"", ""935–940 MHz"", ""2x5 MHz"", ""2x3 MHz"", ""Band 106"", ""Band n106"", ""880–915 MHz"", ""925–960 MHz"", ""902–928 MHz"", ""Band 8"", ""Band n8"", ""2x12.5 kHz""]","[""United States"", ""Europe"", ""Americas""]","[""Federal Communications Commission (FCC)"", ""Cullen International""]","[""Reguladores"", ""Operadores de infraestructura crítica"", ""Licenciatarios""]","[""Asignación de espectro""]",Ajuste a iniciativa existente,"Disponibilidad de espectro para IMT; tecnologías: LTE, 5G, GSM, Narrowband; bandas: 900 MHz, 896–901 MHz, 935–940 MHz, 2x5 MHz.",10,Alta,3,13,"El documento detalla una estrategia regulatoria para el uso de una banda de frecuencia específica (900 MHz) para redes privadas 5G/LTE y servicios de infraestructura crítica. Esto es directamente relevante para la ANE, ya que aborda la gestión del espectro, el uso eficiente, la adopción de nuevas tecnologías (5G, LTE), la regulación de redes privadas y la conectividad para sectores estratégicos, temas clave para una agenda regulatoria futura. La experiencia de EE. UU. puede servir como referencia para la formulación de políticas similares en Colombia."
e3cfa29a57363c10cd8e,FLSPUS20260004_FCC_approves_Echostars_spectrum_sale_to_ATT_and_SpaceX.pdf,Cullen International,pdf,"Conectividad satelital, NTN y D2D",Conectividad satelital,Aprobación de transacciones de espectro para 5G y servicios satelitales D2D en EE. UU.,"[""5G"", ""D2D"", ""Fixed Wireless Access (FWA)"", ""Starlink"", ""NTN"", ""MVNO (Mobile Virtual Network Operator)""]","[""Mid-band spectrum"", ""Low-band spectrum"", ""3.5 GHz"", ""600 MHz"", ""AWS-3"", ""AWS-4"", ""H-Block""]","[""US""]","[""Federal Communications Commission (FCC)"", ""EchoStar"", ""SpaceX"", ""AT&T"", ""Boost Mobile"", ""Dish"", ""Cullen International""]","[""Reguladores"", ""Operadores móviles"", ""Industria satelital"", ""MVNOs""]","[""Otro""]",Nota técnica,"Conectividad satelital, NTN y D2D; tecnologías: 5G, D2D, Fixed Wireless Access (FWA), Starlink; bandas: Mid-band spectrum, Low-band spectrum, 3.5 GHz, 600 MHz.",10,Alta,3,13,"El documento es altamente relevante para la Agenda Regulatoria ANE 2027-2028 porque aborda la gestión del espectro, el despliegue de 5G, la conectividad rural, las redes no terrestres (NTN/D2D) y las condiciones regulatorias para el uso eficiente del espectro. Las bandas de frecuencia mencionadas (3.5 GHz, 600 MHz, AWS) son clave para el desarrollo de futuras redes. Además, destaca la importancia de las obligaciones de despliegue y la viabilidad de los MVNOs, aspectos cruciales para la planificación regulatoria."
118869db7c6a8f001279,FLSPUS20260005_FCC_updates_satellite_spectrum_sharing_rules.pdf,Cullen International,pdf,"Conectividad satelital, NTN y D2D",Conectividad satelital,Actualización de la regulación de compartición de espectro para sistemas satelitales LEO en EE. UU.,"[""LEO"", ""D2D"", ""Cobertura suplementaria desde el espacio (SCS)"", ""Beamforming"", ""Tecnologías de gestión de interferencias"", ""Constelaciones NGSO"", ""Diseño satelital""]","[""1610–1626.5 MHz"", ""2483.5–2500 MHz"", ""1.5 GHz MSS"", ""2 GHz MSS"", ""900 MHz"", ""Banda E"", ""Banda V"", ""banda Ku"", ""banda Ka"", ""Banda W"", ""14.5–14.8 GHz"", ""17.3–17.8 GHz"", ""18.6–18.8 GHz"", ""51.4–52.4 GHz"", ""92.0–94.0 GHz"", ""94.1–95.0 GHz"", ""95.0–100.0 GHz"", ""102.0–109.5 GHz"", ""111.8–114.25 GHz""]","[""Estados Unidos""]","[""Federal Communications Commission (FCC)"", ""Starlink (SpaceX)"", ""AST SpaceMobile"", ""AT&T"", ""Verizon"", ""FirstNet""]","[""Reguladores"", ""Operadores satelitales"", ""Operadores móviles"", ""Industria satelital""]","[""Compartición de espectro"", ""Armonización internacional""]",Nota técnica,"Conectividad satelital, NTN y D2D; tecnologías: LEO, D2D, Cobertura suplementaria desde el espacio (SCS), Beamforming; bandas: 1610–1626.5 MHz, 2483.5–2500 MHz, 1.5 GHz MSS, 2 GHz MSS.",10,Alta,3,13,"Este documento es altamente relevante para la Agenda Regulatoria ANE 2027-2028 porque detalla un marco regulatorio avanzado para la compartición de espectro satelital LEO y D2D, tecnologías emergentes clave. Proporciona ejemplos concretos de cómo un regulador líder (FCC) está adaptando la normativa para fomentar la innovación, la competencia y la eficiencia del espectro en un entorno de rápida evolución tecnológica. Las bandas de frecuencia, las metodologías de protección de interferencias (EPFD) y las decisiones sobre constelaciones satelitales (Starlink, AST SpaceMobile) ofrecen valiosos precedentes y consideraciones para la formulación de políticas y regulaciones en Colombia."
cfed0c7cd66337b1ffd0,FLSPVE20250001_Venezuela_awards_5G_spectrum_in_two_phases.pdf,Cullen International,pdf,Disponibilidad de espectro para IMT,Disponibilidad de espectro,Adjudicación de espectro 5G en Venezuela,"[""5G"", ""Telefonía móvil"", ""Banda ancha""]","[""2.6 GHz"", ""3.5 GHz"", ""700 MHz"", ""AWS"", ""900 MHz"", ""1900 MHz""]","[""Venezuela""]","[""Conatel"", ""Digitel"", ""Telefónica Venezuela"", ""Movilnet"", ""CANTV"", ""Caracas Stock Exchange"", ""Cullen International"", ""Spectrum Database""]","[""Reguladores"", ""Operadores móviles"", ""Gobierno"", ""Bolsa de valores""]","[""Subasta""]",Ajuste a iniciativa existente,"Disponibilidad de espectro para IMT; tecnologías: 5G, Telefonía móvil, Banda ancha; bandas: 2.6 GHz, 3.5 GHz, 700 MHz, AWS.",10,Alta,3,13,"El documento describe un proceso reciente de adjudicación de espectro para 5G, incluyendo bandas específicas, montos recaudados y planes de despliegue de operadores. Proporciona un caso de estudio concreto sobre la gestión del espectro y la promoción de nuevas tecnologías, lo cual es fundamental para informar las decisiones de la ANE sobre futuras subastas, uso eficiente del espectro y el marco regulatorio para 5G y tecnologías emergentes en Colombia."
285871d805566cdcbd5a,FLTEBR20250001_Brazilian_regulator_deregulates_three_markets.pdf,Cullen International,pdf,Otros temas de seguimiento,Necesidades transversales,Decisiones regulatorias de Anatel sobre mercados mayoristas y roaming IoT en Brasil,"[""IoT"", ""2G"", ""3G"", ""Redes de cobre fijas"", ""Fibra óptica"", ""Video-on-demand (VoD)"", ""MVNO"", ""Líneas arrendadas"", ""Transporte y transmisión de datos de alta capacidad""]",[],"[""Brasil"", ""Europa""]","[""Anatel"", ""Algar"", ""Claro (América Móvil)"", ""Ligga"", ""Oi"", ""Telefônica"", ""TIM"", ""Cullen International"", ""TelComp"", ""ABTA""]","[""Reguladores"", ""Operadores móviles"", ""Operadores de red virtual móvil (MVNOs)"", ""Operadores regionales"", ""Asociaciones de la industria""]","[""Otro""]",Seguimiento,"Otros temas de seguimiento; tecnologías: IoT, 2G, 3G, Redes de cobre fijas.",9,Alta,3,12,"Este documento ofrece información valiosa sobre el enfoque de un regulador (Anatel) en el análisis de mercados, la desregulación y la gestión de temas clave como el roaming IoT y el arrendamiento de espectro. Las decisiones y criterios aplicados por Anatel (incluyendo la referencia al Código Europeo de Comunicaciones Electrónicas) son directamente relevantes para la formulación de la Agenda Regulatoria ANE 2027-2028, especialmente en lo que respecta a la gestión del espectro, la competencia y la adaptación a nuevas tecnologías."
637c2a409eb495485431,FLTEEC20260001_Ecuador_to_update_QoS_rules_and_telecoms_and_spectrum_licens.pdf,Cullen International,pdf,Armonización y gestión internacional,Gestión internacional del espectro,Actualización de la agenda regulatoria de telecomunicaciones y espectro en Ecuador,"[""Servicios móviles"", ""Servicios de internet"", ""Redes comunitarias""]","[""Bandas de espectro"", ""Frecuencias""]","[""Ecuador""]","[""Arcotel"", ""Cullen International"", ""WRC-23""]","[""Reguladores"", ""Operadores de telecomunicaciones"", ""Consumidores"", ""Industria""]","[""Asignación de espectro"", ""Armonización internacional""]",Seguimiento,"Armonización y gestión internacional; tecnologías: Servicios móviles, Servicios de internet, Redes comunitarias; bandas: Bandas de espectro, Frecuencias.",10,Alta,3,13,"El documento es altamente relevante porque detalla la agenda regulatoria de un país latinoamericano (Ecuador) para 2026, abordando temas clave como la gestión del espectro, licenciamiento, QoS y competencia. Las acciones planificadas por Arcotel, incluyendo la adaptación a decisiones de la WRC-23 y la actualización de reglas para el uso del espectro y redes comunitarias, ofrecen un valioso punto de referencia y posibles lecciones aprendidas para la formulación de la Agenda Regulatoria ANE 2027-2028, permitiendo identificar tendencias y mejores prácticas regulatorias en la región."
fe621c8d405241c68a08,FLTEEP20250007_Explainer_Net_Neutrality.pdf,Cullen International,pdf,Otros temas de seguimiento,Necesidades transversales,Neutralidad de Red y Principios de Internet Abierta,"[""IPTV"", ""Video on Demand (VoD)"", ""Over-the-top (OTT) services""]",[],"[""EU"", ""Austria"", ""Alemania"", ""Italia"", ""Países Bajos"", ""Reino Unido"", ""República Checa"", ""Irlanda"", ""Argentina"", ""Brasil"", ""Canadá"", ""Chile"", ""Colombia"", ""Ecuador"", ""México"", ""Paraguay"", ""Perú"", ""Estados Unidos"", ""Costa Rica""]","[""Cullen International"", ""Comisión Europea"", ""Tribunal de Justicia de la UE (TJUE)"", ""TKK (regulador austriaco)"", ""Federal Communications Commission (FCC)""]","[""Proveedores de servicios de acceso a internet (IAS)"", ""Usuarios finales"", ""Autoridades reguladoras nacionales (NRAs)"", ""Operadores móviles"", ""Proveedores de contenido"", ""Autoridades públicas"", ""Tribunales"", ""Proveedores de comunicaciones electrónicas""]","[""Otro""]",Seguimiento,"Otros temas de seguimiento; tecnologías: IPTV, Video on Demand (VoD), Over-the-top (OTT) services.",9,Alta,3,12,"Este documento es altamente relevante para la Agenda Regulatoria ANE 2027-2028 porque aborda principios fundamentales de la regulación de telecomunicaciones que impactan directamente la experiencia del usuario y la competencia en el ecosistema digital. Aunque no se centra en el espectro, la gestión del espectro radioeléctrico habilita las redes sobre las cuales se aplican estos principios. Comprender las tendencias y enfoques regulatorios internacionales sobre neutralidad de red, gestión de tráfico, servicios especializados y zero-rating en la UE y América es crucial para la ANE al formular políticas que aseguren un uso eficiente de las redes y protejan a los consumidores, complementando su rol en la gestión del espectro."
8a95481f36c4733169ff,FLTEEP20250047_Explainer_Satellite_direct-to-device_services (1).pdf,Cullen International,pdf,"Conectividad satelital, NTN y D2D",Conectividad satelital,Servicios satelitales directos a dispositivos (D2D),"[""LTE"", ""5G"", ""LEO"", ""Beamforming"", ""Phased array antenna"", ""Smartphones"", ""Smartwatches"", ""Chipsets"", ""NTN""]","[""Bandas terrestres (IMT)"", ""Bandas satelitales (MSS)"", ""6 GHz"", ""Banda MSS de 2 GHz""]","[""Europa"", ""América Central"", ""Sudeste Asiático"", ""Estados Unidos"", ""Dinamarca"", ""Taiwán"", ""España"", ""Nigeria"", ""India"", ""Brasil"", ""China"", ""África"", ""México""]","[""Cullen International"", ""Unión Internacional de Telecomunicaciones (UIT)"", ""T-Mobile USA"", ""Starlink"", ""Globalstar"", ""Iridium"", ""3GPP""]","[""Operadores satelitales"", ""Fabricantes de dispositivos"", ""Operadores MSS"", ""Operadores de redes móviles (MNO)"", ""Reguladores"", ""Usuarios finales"", ""Industria satelital""]","[""Asignación de espectro"", ""Compartición de espectro"", ""Armonización internacional""]",Nota técnica,"Conectividad satelital, NTN y D2D; tecnologías: LTE, 5G, LEO, Beamforming; bandas: Bandas terrestres (IMT), Bandas satelitales (MSS), 6 GHz, Banda MSS de 2 GHz.",10,Alta,3,13,"Este documento es altamente relevante para la Agenda Regulatoria ANE 2027-2028, ya que aborda directamente la gestión del espectro radioeléctrico, las nuevas tecnologías inalámbricas (5G NTN, LEO), la conectividad satelital y la regulación internacional (CMR-27, UIT). Proporciona información clave sobre tendencias tecnológicas y desafíos regulatorios que impactarán la formulación de políticas para el uso eficiente del espectro y la expansión de la conectividad en Colombia."
0cf48ba1397a6a8809a2,FLTEEP20260004_The_DNA_explained_expanded_role_for_the_Commission_and_RSPG_.pdf,Cullen International,pdf,"Conectividad satelital, NTN y D2D",Conectividad satelital,Armonización de la gestión del espectro en la UE a través de la Ley de Redes Digitales (DNA),"[""5G"", ""6G"", ""NTN"", ""Satélites"", ""Wireless broadband"", ""D2D""]",[],"[""UE"", ""Estados miembros de la UE""]","[""European Commission"", ""RSPG"", ""RSPB"", ""BEREC Office"", ""ODN"", ""BEREC"", ""European Parliament"", ""Council"", ""Cullen International"", ""Radio Spectrum Committee (RSC)""]","[""Reguladores"", ""Operadores móviles"", ""Organismos internacionales"", ""Industria satelital"", ""Fabricantes"", ""Partes interesadas""]","[""Compartición de espectro"", ""Armonización internacional""]",Nota técnica,"Conectividad satelital, NTN y D2D; tecnologías: 5G, 6G, NTN, Satélites.",9,Alta,3,12,"El documento describe una iniciativa regulatoria clave en la Unión Europea (Digital Networks Act) que busca armonizar la gestión del espectro, promover la compartición, y establecer estrategias para 5G y 6G, incluyendo redes no terrestres. Estas tendencias y enfoques regulatorios a nivel supranacional son directamente aplicables y de gran interés para la formulación de la Agenda Regulatoria ANE 2027-2028, ya que pueden servir como referencia para la adopción de mejores prácticas y la anticipación de desafíos regulatorios en Colombia."
a3407b10496fa7fa912e,FLTEEP20260007_The_DNA_explained_single_EU-level_satellite_framework_to_rep.pdf,Cullen International,pdf,"Conectividad satelital, NTN y D2D",Conectividad satelital,Marco regulatorio armonizado de la UE para el espectro y servicios satelitales,"[""Redes satelitales"", ""Servicios de comunicación satelital"", ""Redes terrestres"", ""D2D""]","[""Bandas de espectro satelital"", ""Bandas móviles""]","[""Unión Europea (UE)"", ""Estados miembros de la UE""]","[""Cullen International"", ""Comisión Europea"", ""Parlamento Europeo"", ""Consejo de la UE"", ""Radio Spectrum Policy Group (RSPG)"", ""Radio Spectrum Policy Body (RSPB)"", ""Unión Internacional de Telecomunicaciones (UIT)"", ""Office for Digital Networks (ODN)"", ""BEREC office"", ""Radio Spectrum Committee (RSC)""]","[""Reguladores"", ""Operadores de servicios satelitales"", ""Estados miembros"", ""Organismos internacionales"", ""Industria satelital""]","[""Compartición de espectro"", ""Armonización internacional""]",Nota técnica,"Conectividad satelital, NTN y D2D; tecnologías: Redes satelitales, Servicios de comunicación satelital, Redes terrestres, D2D; bandas: Bandas de espectro satelital, Bandas móviles.",10,Alta,3,13,"El texto proporciona un ejemplo detallado de un marco regulatorio armonizado para el espectro satelital a nivel regional (UE), incluyendo aspectos de coordinación internacional (UIT), uso compartido del espectro y aplicación. Ofrece información valiosa sobre las mejores prácticas, desafíos y tendencias en la regulación de las comunicaciones satelitales y la gestión del espectro que podrían informar el enfoque de la ANE en temas similares, especialmente en relación con las Redes No Terrestres (NTN) y el uso eficiente del espectro en un contexto global."
3a3b20bd44171375bb11,FLTEEP20260017_RSPG_consults_on_6G_spectrum_roadmap_for_Europe.pdf,Cullen International,pdf,"Conectividad satelital, NTN y D2D",Conectividad satelital,Hoja de ruta del espectro 6G en Europa y su regulación,"[""6G"", ""5G"", ""NTN"", ""D2D"", ""Sensing y comunicaciones integradas""]","[""6 GHz"", ""700 MHz"", ""800 MHz"", ""900 MHz"", ""1500 MHz"", ""1800 MHz"", ""2.1 GHz"", ""2.6 GHz"", ""3.5 GHz"", ""26 GHz"", ""42 GHz"", ""3.8–4.2 GHz"", ""7125–7250 MHz"", ""Bandas Sub-THz""]","[""Europa"", ""Bélgica"", ""Eslovaquia"", ""Italia"", ""Suecia"", ""Austria""]","[""Radio Spectrum Policy Group (RSPG)"", ""European Conference of Postal and Telecommunications Administrations (CEPT)"", ""Comisión Europea"", ""Parlamento Europeo"", ""Consejo de la UE"", ""Cullen International""]","[""Reguladores"", ""Operadores móviles"", ""Fabricantes de equipos"", ""Organismos internacionales"", ""Industria satelital""]","[""Compartición de espectro"", ""Armonización internacional""]",Nota técnica,"Conectividad satelital, NTN y D2D; tecnologías: 6G, 5G, NTN, D2D; bandas: 6 GHz, 700 MHz, 800 MHz, 900 MHz.",10,Alta,3,13,"El documento proporciona información clave sobre la planificación del espectro 6G en Europa, identificando bandas críticas y consideraciones regulatorias como la compartición del espectro y las NTN. Destaca el papel de organismos internacionales (RSPG, CEPT, WRC-27) y futuros marcos regulatorios (Digital Networks Act). Esta información es fundamental para anticipar tendencias globales, esfuerzos de armonización y desarrollos tecnológicos que influirán en la gestión del espectro y la regulación de telecomunicaciones en Colombia para el período 2027-2028."
b2ae7fa3626815a392a0,FLTEEP20260028_EU_proposes_to_reserve_majority_of_the_2_GHz_mobile_satellit.pdf,Cullen International,pdf,"Conectividad satelital, NTN y D2D",Conectividad satelital,Propuesta de la UE para la regulación de la banda de 2 GHz para servicios móviles por satélite,"[""Mobile Satellite Services (MSS)"", ""NB-IoT"", ""D2D"", ""IRIS²"", ""EU Critical Communication System (EUCCS)"", ""Sistemas híbridos""]","[""Banda de 2 GHz (1980–2010/2170–2200 MHz)""]","[""Unión Europea"", ""Estados miembros de la UE""]","[""European Commission"", ""Inmarsat"", ""Viasat"", ""Solaris"", ""EchoStar"", ""European Parliament"", ""Council"", ""SpaceX"", ""Cullen International""]","[""Reguladores"", ""Operadores móviles"", ""Fabricantes"", ""Organismos internacionales"", ""Industria satelital"", ""Gobiernos""]","[""Asignación de espectro""]",Nota técnica,"Conectividad satelital, NTN y D2D; tecnologías: Mobile Satellite Services (MSS), NB-IoT, D2D, IRIS²; bandas: Banda de 2 GHz (1980–2010/2170–2200 MHz).",10,Alta,3,13,"El documento detalla un marco regulatorio integral para los servicios satelitales en una banda de frecuencia específica, incluyendo aspectos como la asignación de espectro, licenciamiento, seguridad, competencia y el apoyo a nuevas tecnologías (NB-IoT, D2D). Proporciona información valiosa sobre las tendencias regulatorias internacionales, la gestión centralizada del espectro y la promoción de la autonomía estratégica en telecomunicaciones, lo cual es directamente relevante para la formulación de la Agenda Regulatoria ANE 2027-2028 en temas de gestión del espectro, nuevas tecnologías inalámbricas y regulación de servicios satelitales."
cb4765f8d0821accdf17,FLTEEP20260031_DNA_European_Commission_calls_for_change_also_on_access_regu.pdf,Cullen International,pdf,"6 GHz, Wi-Fi e IMT",Disponibilidad de espectro,Reforma regulatoria europea y gestión del espectro para el futuro de las telecomunicaciones,"[""6G"", ""Redes móviles""]","[""6 GHz""]","[""Europa"", ""Polonia"", ""Eslovenia"", ""España""]","[""Comisión Europea"", ""BEREC"", ""Vodafone"", ""AKOS"", ""CNMC"", ""Play"", ""Qualcomm"", ""Parlamento Europeo""]","[""Reguladores nacionales (NRAs)"", ""Operadores móviles"", ""Fabricantes de tecnología"", ""Organismos internacionales"", ""Legisladores"", ""Stakeholders de la industria""]","[""Renovación"", ""Armonización internacional""]",Seguimiento,"6 GHz, Wi-Fi e IMT; tecnologías: 6G, Redes móviles; bandas: 6 GHz.",10,Alta,3,13,"El documento aborda directamente la reforma regulatoria del espectro, la gestión eficiente (uso o pérdida), la duración de licencias, la armonización y la asignación de bandas clave (6 GHz para 6G). Estos temas son fundamentales para la formulación de la Agenda Regulatoria ANE 2027-2028, ya que impactan la planificación del espectro, la inversión y la adopción de nuevas tecnologías en Colombia."
5fd0aac5be4bdb9f85d0,FLTEEP20260033_EU_member_states_take_aim_at_the_DNA_criticising_its_complex.pdf,Cullen International,pdf,Otros temas de seguimiento,Necesidades transversales,Críticas de estados miembros de la UE a la propuesta DNA sobre espectro y regulación,"[""Banda ancha inalámbrica"", ""Fibra óptica"", ""Redes de conectividad digital"", ""Edge computing"", ""Cloud computing"", ""Servicios de distribución""]",[],"[""Unión Europea"", ""Chipre"", ""Alemania"", ""Irlanda"", ""Eslovaquia"", ""Eslovenia"", ""Letonia"", ""Lituania"", ""Austria"", ""Suecia"", ""Italia"", ""Francia""]","[""Comisión Europea"", ""Parlamento Europeo"", ""Consejo de la UE"", ""Cullen International"", ""Autoridad Reguladora Nacional (NRA)""]","[""Reguladores"", ""Estados miembros de la UE"", ""Operadores de telecomunicaciones"", ""Industria de telecomunicaciones"", ""Consumidores""]","[""Armonización internacional""]",Seguimiento,"Otros temas de seguimiento; tecnologías: Banda ancha inalámbrica, Fibra óptica, Redes de conectividad digital, Edge computing.",9,Alta,3,12,"El documento aborda directamente la gestión del espectro radioeléctrico, la regulación de las telecomunicaciones, la inversión en infraestructura digital y la armonización regulatoria a nivel supranacional. Las discusiones sobre la flexibilidad nacional en la gestión del espectro, la duración de las licencias y el impacto de las regulaciones en la inversión y los consumidores son cruciales para informar la formulación de la Agenda Regulatoria ANE 2027-2028, ofreciendo perspectivas sobre desafíos y enfoques regulatorios en un contexto internacional relevante."
152a4e99d68c4d0a2d8a,FLTEEP20260041_DNA_spectrum_authorities_oppose_move_towards_centralised_spe.pdf,Cullen International,pdf,"Conectividad satelital, NTN y D2D",Conectividad satelital,Oposición a la centralización de la gestión del espectro y autorización satelital en la UE,"[""NTN"", ""Satélites"", ""D2D""]","[""Mobile bands""]","[""EU"", ""Bélgica"", ""Estados miembros""]","[""Radio Spectrum Policy Group (RSPG)"", ""European Commission"", ""Office of Digital Networks (ODN)"", ""BEREC"", ""European Conference of Postal and Telecommunications Administrations (CEPT)"", ""International Telecommunication Union (ITU)"", ""Cullen International""]","[""Reguladores"", ""Organismos internacionales"", ""Estados miembros"", ""Industria satelital""]","[""Compartición de espectro"", ""Armonización internacional""]",Nota técnica,"Conectividad satelital, NTN y D2D; tecnologías: NTN, Satélites, D2D; bandas: Mobile bands.",10,Alta,3,13,"Este documento es altamente relevante para la Agenda Regulatoria ANE 2027-2028 porque aborda debates cruciales sobre la gestión del espectro radioeléctrico y la regulación satelital a nivel supranacional. Proporciona una visión de las tensiones entre la armonización regional y la soberanía nacional en la asignación y gestión del espectro, la autorización de satélites y la coordinación internacional. Los argumentos sobre la complejidad regulatoria, la flexibilidad nacional y la eficiencia de los procesos existentes son directamente aplicables a la formulación de políticas y estrategias de la ANE, especialmente en un contexto de creciente interconexión y nuevas tecnologías."
9bd8d66c3e7afbeda263,FLTEEP20260043_WRC-27_RSPG_consults_on_recommendations_for_a_common_EU_posi.pdf,Cullen International,pdf,"Conectividad satelital, NTN y D2D",Conectividad satelital,Preparación de la posición común de la UE para la CMR-27 sobre espectro móvil y D2D,"[""IMT"", ""D2D"", ""Mobile Satellite Service (MSS)"", ""3G"", ""4G"", ""5G"", ""6G"", ""Digital Terrestrial Television (DTT)"", ""Radio altimeters"", ""Satellite services"", ""Air traffic systems"", ""Weather radar"", ""Terrestrial IMT networks"", ""Satellite systems/networks""]","[""4400–4800 MHz"", ""7125–8400 MHz"", ""14.8–15.35 GHz"", ""7125–7250 MHz"", ""700 MHz"", ""614–694 MHz"", ""608–614 MHz"", ""470–694 MHz"", ""1427–1432 MHz"", ""1645.5–1646.5 MHz"", ""1880–1920 MHz"", ""2010–2025 MHz"", ""694/698–960 MHz"", ""1427–1518 MHz"", ""1710–2200 MHz"", ""2300–2400 MHz"", ""2500–2690 MHz"", ""2120–2160 MHz"", ""2160–2170 MHz"", ""2110–2120 MHz"", ""Below 2.7 GHz""]","[""Unión Europea"", ""China"", ""Bélgica"", ""Europa""]","[""Radio Spectrum Policy Group (RSPG)"", ""ITU (International Telecommunication Union)"", ""European Commission"", ""Cullen International""]","[""Reguladores"", ""Operadores móviles"", ""Organismos internacionales"", ""Industria satelital"", ""Industria de radiodifusión"", ""Defensa"", ""Aviación""]","[""Asignación de espectro"", ""Armonización internacional""]",Nota técnica,"Conectividad satelital, NTN y D2D; tecnologías: IMT, D2D, Mobile Satellite Service (MSS), 3G; bandas: 4400–4800 MHz, 7125–8400 MHz, 14.8–15.35 GHz, 7125–7250 MHz.",10,Alta,3,13,"Este documento es altamente relevante porque detalla las discusiones y recomendaciones de la UE para la CMR-27, que definirá el futuro uso del espectro para IMT (incluyendo 5G/6G) y servicios D2D/MSS. La identificación de nuevas bandas de frecuencia, los desafíos de coexistencia y las posiciones regulatorias internacionales son cruciales para la planificación estratégica del espectro y la formulación de la Agenda Regulatoria ANE 2027-2028, permitiendo anticipar tendencias y armonizar decisiones."
95e15ae083556e081f7c,FLTEMX20250003_A_detailed_look_at_Mexicos_new_telecoms_and_broadcasting_law.pdf,Cullen International,pdf,"Conectividad satelital, NTN y D2D",Conectividad satelital,Reforma regulatoria de telecomunicaciones y radiodifusión en México,"[""Servicios de telecomunicaciones"", ""Servicios de radiodifusión"", ""Sistemas satelitales"", ""Plataformas de gran altitud (globos estratosféricos)"", ""Radiocomunicaciones espaciales"", ""Acceso inalámbrico móvil"", ""Spectrum sharing"", ""NTN""]",[],"[""México""]","[""Gobierno de México"", ""Comisión Reguladora de Telecomunicaciones (CRT)"", ""Agencia de Transformación Digital y Telecomunicaciones (ATDT)"", ""Comisión Federal de Electricidad (CFE)"", ""CFETEIT"", ""Senado de México"", ""Instituto Federal de Telecomunicaciones (IFT)"", ""Cullen International""]","[""Reguladores"", ""Gobierno"", ""Operadores móviles"", ""Operadores estatales"", ""Fabricantes de equipos"", ""Proveedores de infraestructura pasiva"", ""Radiodifusores"", ""Industria satelital""]","[""Subasta"", ""Armonización internacional""]",Nota técnica,"Conectividad satelital, NTN y D2D; tecnologías: Servicios de telecomunicaciones, Servicios de radiodifusión, Sistemas satelitales, Plataformas de gran altitud (globos estratosféricos).",9,Alta,3,12,"Este documento ofrece una visión detallada de una reforma regulatoria integral en México, abordando la gestión del espectro, la introducción de nuevas tecnologías como plataformas de gran altitud y comunicaciones espaciales, y la evolución del marco institucional. Estos temas son directamente pertinentes para la Agenda Regulatoria ANE 2027-2028, proporcionando un caso de estudio sobre cómo otro país de la región está adaptando su legislación a los avances tecnológicos y las dinámicas del mercado, lo cual puede informar la planificación estratégica de la ANE."
145b6e13425ded53ab4a,FLTEMX20260001_Telefonica_announces_US450m_sale_of_100_of_Mexican_operation.pdf,Cullen International,pdf,Otros temas de seguimiento,Necesidades transversales,Venta de operaciones de Telefónica en México y estrategia de espectro,"[""Redes móviles"", ""Operadores móviles (MNO)""]",[],"[""México"", ""España"", ""Brasil"", ""Alemania"", ""Reino Unido"", ""LATAM""]","[""Telefónica"", ""Melisa Acquisition"", ""Movistar"", ""AT&T"", ""América Móvil"", ""National Antitrust Commission (NCA)"", ""Regulatory Telecommunications Commission (CRT)"", ""Cullen International""]","[""Operadores móviles"", ""Reguladores"", ""Consorcios de inversión""]","[""Otro""]",Seguimiento,"Otros temas de seguimiento; tecnologías: Redes móviles, Operadores móviles (MNO).",9,Alta,3,12,"El documento es altamente relevante porque detalla una estrategia de espectro (devolución y compartición) implementada por un operador importante en un mercado latinoamericano, lo cual ofrece un precedente valioso para la gestión eficiente del espectro. Además, subraya el rol de los reguladores antimonopolio y de telecomunicaciones en la aprobación de transacciones de mercado y la transferencia de concesiones, aspectos cruciales para la formulación de una agenda regulatoria que aborde la dinámica del mercado y el uso del espectro."
6d31a13e2811c9ac376d,FLTERM20250001_Explainer_Satellite_communications.pdf,Cullen International,pdf,"Conectividad satelital, NTN y D2D",Conectividad satelital,Comunicaciones satelitales y su regulación,"[""Satélites"", ""NTN"", ""Constelaciones satelitales"", ""Banda ancha satelital"", ""Sistemas de navegación por satélite"", ""Inter-satellite links""]",[],[],"[""International Telecommunication Union (ITU)"", ""Cullen International""]","[""Reguladores"", ""Operadores satelitales"", ""Gobiernos"", ""Industria satelital"", ""Usuarios finales""]","[""Armonización internacional""]",Nota técnica,"Conectividad satelital, NTN y D2D; tecnologías: Satélites, NTN, Constelaciones satelitales, Banda ancha satelital.",9,Alta,2,11,"El documento es altamente relevante para la Agenda Regulatoria ANE 2027-2028 porque proporciona una visión fundamental sobre las comunicaciones satelitales, incluyendo la gestión del espectro, la regulación internacional (ITU), las diferentes órbitas (LEO, MEO, GEO) y el proceso de coordinación. Esta información es esencial para entender las tendencias en redes no terrestres (NTN), la expansión de la conectividad satelital y los desafíos regulatorios asociados, permitiendo a la ANE anticipar y formular políticas para el uso eficiente y la integración de estas tecnologías en el ecosistema de telecomunicaciones."
c45eb22b70719125393e,FLTETR20250002_Turkiye_awards_700MHz_and_35GHz_bands_for_US29bn.pdf,Cullen International,pdf,Disponibilidad de espectro para IMT,Disponibilidad de espectro,Subasta de espectro 5G y extensión de licencias en Turquía,"[""5G"", ""Redes móviles"", ""GSM""]","[""700 MHz"", ""3.5 GHz"", ""900 MHz"", ""1800 MHz""]","[""Turquía"", ""Alemania"", ""Polonia"", ""Arabia Saudita"", ""Grecia"", ""Eslovaquia"", ""Bahréin"", ""Jordania"", ""España"", ""Francia"", ""Europa"", ""Américas"", ""Oriente Medio"", ""Norte de África""]","[""BTK"", ""Turkcell"", ""Türk Telekom"", ""Vodafone"", ""Cullen International""]","[""Reguladores"", ""Operadores móviles""]","[""Subasta"", ""Tasas / fees""]",Ajuste a iniciativa existente,"Disponibilidad de espectro para IMT; tecnologías: 5G, Redes móviles, GSM; bandas: 700 MHz, 3.5 GHz, 900 MHz, 1800 MHz.",10,Alta,3,13,"El documento es altamente relevante para la Agenda Regulatoria ANE 2027-2028 al ofrecer un caso práctico de asignación de espectro 5G, valoración de bandas clave (700 MHz y 3.5 GHz), obligaciones de despliegue y modelos de extensión de licencias. Proporciona referencias de precios internacionales y estrategias regulatorias para fomentar la inversión y el desarrollo de nuevas tecnologías, elementos cruciales para la planificación del espectro y la conectividad en Colombia."
8351ea6684e1beb48e68,FLTEUS20260003_Amazon_acquires_satellite_operator_Globalstar_partners_with_ (1).pdf,Cullen International,pdf,"Conectividad satelital, NTN y D2D",Conectividad satelital,Adquisición de Globalstar por Amazon para fortalecer servicios satelitales y D2D,"[""LEO"", ""D2D"", ""Mobile Satellite Services (MSS)"", ""NTN"", ""Internet Protocol (IP)""]","[""Satellite L-band (1–2 GHz)"", ""Satellite S-band (2–4 GHz)"", ""Terrestrial mid-band (2.4 GHz)"", ""2483.5–2495 MHz (Band 53/n53)""]","[""US"", ""Canada"", ""Brazil"", ""Mexico"", ""Spain""]","[""Amazon"", ""Globalstar"", ""Apple"", ""SpaceX (Starlink)"", ""FCC (Federal Communications Commission)"", ""US Department of Justice"", ""AT&T"", ""NASA"", ""T-Mobile"", ""Cullen International""]","[""Reguladores"", ""Operadores móviles"", ""Fabricantes"", ""Industria satelital"", ""Empresas de tecnología"", ""Organismos internacionales""]","[""Otro""]",Nota técnica,"Conectividad satelital, NTN y D2D; tecnologías: LEO, D2D, Mobile Satellite Services (MSS), NTN; bandas: Satellite L-band (1–2 GHz), Satellite S-band (2–4 GHz), Terrestrial mid-band (2.4 GHz), 2483.5–2495 MHz (Band 53/n53).",10,Alta,3,13,"El documento es de alta relevancia para la Agenda Regulatoria ANE 2027-2028 porque aborda la gestión estratégica del espectro radioeléctrico (bandas L, S, y 2.4 GHz) para servicios satelitales y D2D. Destaca la evolución de las redes no terrestres (NTN) con constelaciones LEO y la necesidad de marcos regulatorios para la conectividad D2D, como el de la FCC. También subraya la importancia de la regulación de fusiones y adquisiciones en el sector de telecomunicaciones y satélites, y la competencia en el mercado MSS, temas cruciales para la planificación del espectro y la innovación en Colombia."
82d9993b56ef246fb7c0,FLTEUS20260003_Amazon_acquires_satellite_operator_Globalstar_partners_with_.pdf,Cullen International,pdf,"Conectividad satelital, NTN y D2D",Conectividad satelital,Adquisición de Globalstar por Amazon y sus implicaciones para la conectividad satelital y el espectro,"[""LEO"", ""D2D"", ""Mobile Satellite Services (MSS)"", ""NTN"", ""Redes satelitales"", ""RAN platform""]","[""Satellite L-band (1–2 GHz)"", ""Satellite S-band (2–4 GHz)"", ""Terrestrial mid-band (2.4 GHz)"", ""2483.5–2495 MHz (Band 53/n53)""]","[""US"", ""Canada"", ""Brazil"", ""Mexico"", ""Spain"", ""18 países en seis continentes"", ""120+ países""]","[""Amazon"", ""Globalstar"", ""Apple"", ""SpaceX (Starlink)"", ""Federal Communications Commission (FCC)"", ""US Department of Justice"", ""NASA"", ""AT&T"", ""T-Mobile"", ""Cullen International""]","[""Operadores satelitales"", ""Reguladores de telecomunicaciones"", ""Empresas de tecnología"", ""Operadores móviles"", ""Agencias espaciales"", ""Analistas de mercado""]","[""Otro""]",Nota técnica,"Conectividad satelital, NTN y D2D; tecnologías: LEO, D2D, Mobile Satellite Services (MSS), NTN; bandas: Satellite L-band (1–2 GHz), Satellite S-band (2–4 GHz), Terrestrial mid-band (2.4 GHz), 2483.5–2495 MHz (Band 53/n53).",10,Alta,3,13,"El documento es altamente relevante para la Agenda Regulatoria ANE 2027-2028 porque aborda directamente la gestión del espectro radioeléctrico (bandas L, S, mid-band), el desarrollo de nuevas tecnologías inalámbricas (D2D, satélites LEO, NTN), la evolución de la conectividad satelital y sus implicaciones regulatorias. La ANE debe estar preparada para la asignación y gestión de estas bandas, la regulación de servicios D2D y MSS, y la supervisión de la competencia en un mercado emergente de conectividad satelital."
3dcde677e2331f113fc1,RRSPEU20250001_Europe_Spectrum_Regulatory_Report__February_2025.pdf,Cullen International,pdf,"Conectividad satelital, NTN y D2D",Conectividad satelital,"Regulación y armonización del espectro en Europa para 5G, 6G y nuevas tecnologías","[""5G"", ""6G"", ""Wi-Fi"", ""NTN"", ""IoT"", ""SRD"", ""PMSE"", ""Redes privadas""]","[""6 GHz"", ""3.8–4.2 GHz"", ""700 MHz"", ""800 MHz"", ""900 MHz"", ""1800 MHz"", ""2.1 GHz"", ""2.3 GHz"", ""2.6 GHz"", ""3.5 GHz"", ""26 GHz"", ""40 GHz"", ""169 MHz"", ""862–870 MHz"", ""874–876 MHz"", ""915–921 MHz"", ""116–260 GHz"", ""4400–4800 MHz"", ""7125–8400 MHz"", ""14.8–15.35 GHz""]","[""Europa"", ""Bélgica"", ""Portugal"", ""Italia"", ""Reino Unido"", ""Rumanía"", ""España"", ""Hungría"", ""Polonia"", ""Eslovaquia"", ""Suecia"", ""Estados Unidos"", ""Brasil"", ""Austria"", ""República Checa""]","[""European Commission"", ""Radio Spectrum Policy Group (RSPG)"", ""Radio Spectrum Committee (RSC)"", ""CEPT"", ""International Telecommunication Union (ITU)"", ""Cullen International"", ""Swisscom"", ""Vodafone Italia"", ""Three"", ""Digi Communications group"", ""Citymesh"", ""Cegeka"", ""Proximus"", ""MasOrange"", ""RTR"", ""BIPT"", ""CTU"", ""Ofcom""]","[""Reguladores"", ""Operadores móviles"", ""Organismos internacionales"", ""Industria satelital"", ""Estados miembros"", ""Industria de telecomunicaciones""]","[""Subasta"", ""Armonización internacional""]",Nota técnica,"Conectividad satelital, NTN y D2D; tecnologías: 5G, 6G, Wi-Fi, NTN; bandas: 6 GHz, 3.8–4.2 GHz, 700 MHz, 800 MHz.",10,Alta,3,13,"Este documento es altamente relevante para la Agenda Regulatoria ANE 2027-2028 porque proporciona una visión detallada de las tendencias regulatorias y tecnológicas en Europa, un referente clave. Aborda temas críticos como la gestión del espectro para 5G y 6G, la armonización de bandas (6 GHz, 3.8-4.2 GHz, sub-700 MHz), el despliegue de nuevas tecnologías como D2D satelital y Wi-Fi, y las políticas de competencia. Las discusiones sobre spectrum sharing, duración de licencias y coordinación regulatoria a nivel supranacional ofrecen valiosos insumos para la formulación de estrategias y políticas de espectro en Colombia, permitiendo anticipar desafíos y oportunidades."
4d1383cc8cae7438fc32,RRSPEU20250002_Europe_Spectrum_Regulatory_Report__August_2025.pdf,Cullen International,pdf,"Conectividad satelital, NTN y D2D",Conectividad satelital,Regulación y gestión del espectro radioeléctrico en Europa con miras a la Digital Networks Act,"[""Wi-Fi"", ""5G"", ""6G"", ""Mobile Satellite Services (MSS)"", ""D2D"", ""Digital Terrestrial Television (DTT)"", ""Programme Making and Special Events (PMSE)"", ""Sistemas de banda ancha inalámbrica terrestre""]","[""upper 6 GHz"", ""470–694 MHz"", ""3.8–4.2 GHz"", ""2 GHz MSS (1980–2010 / 2170–2200 MHz)"", ""450 MHz"", ""700 MHz"", ""900 MHz"", ""1800 MHz"", ""2.1 GHz"", ""2.3 GHz"", ""2.6 GHz"", ""26 GHz"", ""42 GHz"", ""5945–6425 MHz"", ""3.4–4.2 GHz"", ""4.2–4.4 GHz""]","[""Europa"", ""Unión Europea"", ""República Checa"", ""Francia"", ""Hungría"", ""Irlanda"", ""Países Bajos"", ""Eslovenia"", ""Alemania"", ""Italia"", ""Polonia"", ""Eslovaquia"", ""Austria"", ""Suecia"", ""Reino Unido"", ""Bélgica"", ""Dinamarca"", ""Finlandia"", ""Åland""]","[""European Commission"", ""Cullen International"", ""Radio Spectrum Policy Group (RSPG)"", ""European Conference of Postal and Telecommunications Administrations (CEPT)"", ""Radio Spectrum Committee (RSC)"", ""World Trade Organization (WTO)"", ""International Telecommunication Union (ITU)"", ""TKK (Austria)"", ""CTU (República Checa)"", ""Vodafone"", ""O2"", ""T-Mobile"", ""Elisa"", ""Ukkoverkot"", ""Ålcom"", ""Ministry of Transport and Communications (Finlandia)"", ""ARCEP (Francia)"", ""Inmarsat (Viasat)"", ""Solaris (Echostar)""]","[""Reguladores nacionales"", ""Operadores móviles"", ""Comisión Europea"", ""Organismos internacionales"", ""Industria satelital"", ""Fabricantes"", ""Stakeholders"", ""Verticales""]","[""Subasta"", ""Renovación"", ""Armonización internacional""]",Nota técnica,"Conectividad satelital, NTN y D2D; tecnologías: Wi-Fi, 5G, 6G, Mobile Satellite Services (MSS); bandas: upper 6 GHz, 470–694 MHz, 3.8–4.2 GHz, 2 GHz MSS (1980–2010 / 2170–2200 MHz).",10,Alta,3,13,"Este documento es altamente relevante para la Agenda Regulatoria ANE 2027-2028 porque detalla tendencias regulatorias europeas, asignaciones de espectro, desarrollo de nuevas tecnologías como 5G y 6G, y la evolución de servicios satelitales (D2D). Aborda la armonización, gestión de bandas clave (6 GHz, 3.8-4.2 GHz, 2 GHz MSS), y procesos de licenciamiento, ofreciendo una visión prospectiva de las discusiones en organismos internacionales como la UIT (WRC-27). Esta información es crucial para anticipar desafíos y oportunidades regulatorias en Colombia."
97ef98a1fba1fe463383,RRSPEU20260001_Europe_Spectrum_Regulatory_Report__February_2026.pdf,Cullen International,pdf,"Conectividad satelital, NTN y D2D",Conectividad satelital,Regulación y gestión del espectro radioeléctrico en Europa,"[""5G"", ""6G"", ""Wi-Fi"", ""LTE"", ""IMT"", ""NTN"", ""Fixed Wireless Access (FWA)"", ""Integrated Sensing and Communications (ISC)""]","[""6 GHz"", ""3.8-4.2 GHz"", ""1800 MHz"", ""26 GHz"", ""40.5-43.5 GHz"", ""700 MHz"", ""800 MHz"", ""900 MHz"", ""1500 MHz"", ""2.1 GHz"", ""2.6 GHz"", ""3.5 GHz"", ""42 GHz"", ""2.3 GHz"", ""400 MHz"", ""380 MHz"", ""600 MHz"", ""Sub-THz""]","[""Unión Europea"", ""Austria"", ""Suecia"", ""Eslovenia"", ""Suiza"", ""Reino Unido"", ""Bélgica"", ""Polonia"", ""Dinamarca"", ""Irlanda"", ""Eslovaquia"", ""España"", ""República Checa"", ""Finlandia"", ""Rusia"", ""Francia""]","[""Comisión Europea"", ""Parlamento Europeo"", ""Consejo de la UE"", ""Cullen International"", ""Conferencia Mundial de Radiocomunicaciones (WRC-27)"", ""Radio Spectrum Policy Group (RSPG)"", ""Radio Spectrum Policy Body (RSPB)"", ""Conferencia Europea de Administraciones de Correos y Telecomunicaciones (CEPT)"", ""TKK"", ""BIPT"", ""CTU"", ""DIGST"", ""Traficom"", ""ARCEP""]","[""Reguladores"", ""Operadores móviles"", ""Organismos internacionales"", ""Industria satelital"", ""Consultoras"", ""Entidades de protección pública y socorro en casos de desastre (PPDR)"", ""Empresas de servicios públicos""]","[""Subasta"", ""Compartición de espectro"", ""Armonización internacional""]",Nota técnica,"Conectividad satelital, NTN y D2D; tecnologías: 5G, 6G, Wi-Fi, LTE; bandas: 6 GHz, 3.8-4.2 GHz, 1800 MHz, 26 GHz.",10,Alta,3,13,"El documento proporciona un panorama actualizado y detallado de las tendencias regulatorias y tecnológicas en Europa, incluyendo la propuesta de la Digital Networks Act, la hoja de ruta del espectro para 6G, la armonización de bandas clave (6 GHz, 3.8-4.2 GHz), y las preparaciones para WRC-27. Esta información es crucial para anticipar futuras necesidades regulatorias, identificar bandas de interés, entender enfoques de compartición de espectro y considerar la evolución de tecnologías como 5G, 6G y NTN, lo cual es directamente aplicable a la formulación de la Agenda Regulatoria ANE 2027-2028."
41dcea92fd6768d449be,TRTEEU20260094_EU_digital_decade_2030_connectivity_targets.pdf,Cullen International,pdf,"Conectividad satelital, NTN y D2D",Conectividad satelital,Estrategia de conectividad digital de la UE para 2030,"[""5G"", ""6G"", ""Wi-Fi"", ""Fibra óptica (FTTP)"", ""Satélites"", ""Cable Docsis 3.1"", ""Redes inalámbricas"", ""Redes fijas"", ""VHCN (Very High Capacity Networks)""]",[],"[""Unión Europea"", ""Estados miembros de la UE""]","[""European Commission"", ""European Parliament"", ""European Council"", ""Cullen International"", ""BEREC"", ""WIK-Consult""]","[""Reguladores"", ""Operadores móviles"", ""Fabricantes"", ""Organismos internacionales"", ""Industria satelital"", ""Proveedores de contenido"", ""Estados miembros""]","[""Otro""]",Nota técnica,"Conectividad satelital, NTN y D2D; tecnologías: 5G, 6G, Wi-Fi, Fibra óptica (FTTP).",9,Alta,3,12,"Este documento es altamente relevante para la Agenda Regulatoria ANE 2027-2028 porque detalla objetivos de conectividad a 2030, incluyendo el despliegue de redes 5G y equivalentes, la importancia de la neutralidad tecnológica, y la mención de 6G y Wi-Fi de próxima generación. Aborda la gobernanza, el monitoreo con KPIs, la inversión en infraestructura y el rol de las redes fijas, móviles y satelitales. Estos temas son fundamentales para la planificación regulatoria del espectro, la promoción de nuevas tecnologías y la garantía de conectividad futura en Colombia."
01dec6689a3c6638bb9d,TRTEEU20260096_Spectrum_harmonisation_measures.pdf,Cullen International,pdf,"Conectividad satelital, NTN y D2D",Conectividad satelital,Armonización del espectro radioeléctrico en la Unión Europea,"[""Wireless broadband"", ""5G"", ""UMTS"", ""LTE"", ""WiMAX"", ""IoT"", ""RFID"", ""GSM-R"", ""FRMCS"", ""Mobile Satellite Services"", ""PMSE"", ""PPDR"", ""M2M""]","[""470–852 MHz"", ""800 MHz"", ""700 MHz"", ""694–790 MHz"", ""874–876 MHz"", ""915–921 MHz"", ""874.4–880 MHz"", ""919.4–925 MHz"", ""1900–1910 MHz"", ""900 MHz"", ""1800 MHz"", ""1.9 GHz"", ""2 GHz"", ""2.6 GHz"", ""1427–1517 MHz (L-band)"", ""1.5 GHz (1452–1492 MHz)"", ""1710–1785 MHz"", ""1805–1880 MHz"", ""1920–1980 MHz"", ""2110–2170 MHz"", ""2010–2025 MHz"", ""1980–2010 MHz (S-band)"", ""2170–2200 MHz (S-band)"", ""2.3 GHz"", ""2500–2690 MHz"", ""3400–3800 MHz""]","[""EU"", ""Member States"", ""Europe""]","[""European Commission"", ""European Conference of Postal and Telecommunications Administrations (CEPT)"", ""Radio Spectrum Committee (RSC)"", ""European Parliament"", ""Council of the European Union"", ""ITU"", ""Inmarsat"", ""Solaris"", ""Viasat"", ""Echostar"", ""Cullen International"", ""Communications Committee (COCOM)""]","[""Reguladores"", ""Operadores móviles"", ""Organismos internacionales"", ""Industria satelital"", ""Industria ferroviaria"", ""Proveedores de servicios de comunicaciones electrónicas"", ""Fabricantes""]","[""Armonización internacional""]",Nota técnica,"Conectividad satelital, NTN y D2D; tecnologías: Wireless broadband, 5G, UMTS, LTE; bandas: 470–852 MHz, 800 MHz, 700 MHz, 694–790 MHz.",10,Alta,3,13,"Este documento es altamente relevante para la Agenda Regulatoria ANE 2027-2028 porque detalla las medidas de armonización del espectro radioeléctrico en la Unión Europea, incluyendo la asignación de bandas para 5G, IoT, y servicios especializados. Proporciona ejemplos concretos de decisiones regulatorias, plazos de implementación y la interacción entre organismos como la Comisión Europea y CEPT, ofreciendo un marco de referencia internacional y tendencias regulatorias clave para la gestión del espectro y la introducción de nuevas tecnologías en Colombia."
8d2e3c54253ab06f6ac0,TRTEEU20260102_Non-SMP_obligations_and_remedies.pdf,Cullen International,pdf,"Conectividad satelital, NTN y D2D",Conectividad satelital,Regulación de obligaciones no-SMP y compartición de infraestructura en la UE,"[""5G"", ""Redes de muy alta capacidad (VHCN)"", ""Redes móviles de banda ancha"", ""Sistemas de alerta pública"", ""Redes de cable""]",[],"[""Unión Europea"", ""Estados Miembros""]","[""European Commission"", ""European Parliament"", ""Council"", ""BEREC"", ""Cullen International"", ""Axon""]","[""Reguladores nacionales"", ""Operadores de telecomunicaciones"", ""Organismos internacionales"", ""Industria de telecomunicaciones""]","[""Compartición de espectro"", ""Tasas / fees""]",Nota técnica,"Conectividad satelital, NTN y D2D; tecnologías: 5G, Redes de muy alta capacidad (VHCN), Redes móviles de banda ancha, Sistemas de alerta pública.",9,Alta,3,12,"El documento es altamente relevante porque detalla un marco regulatorio europeo (EECC y su sucesor propuesto, DNA) que aborda directamente la gestión del espectro, la compartición de infraestructura (clave para 5G y conectividad rural), el acceso simétrico y la planificación de redes de muy alta capacidad. Estos temas son fundamentales para la formulación de la Agenda Regulatoria ANE 2027-2028, ya que ofrecen ejemplos de enfoques regulatorios, desafíos y soluciones implementadas en una de las regiones más avanzadas en telecomunicaciones. La experiencia de la UE en la promoción de la inversión en redes y el uso eficiente del espectro es directamente aplicable a la planificación regulatoria de la ANE."
5719ef8e17b72242072b,TRTEEU20260104_Very_High_Capacity_Networks_VHCN_definition_and_co-investmen.pdf,Cullen International,pdf,"Conectividad satelital, NTN y D2D",Conectividad satelital,Definición y coinversión en Redes de Muy Alta Capacidad (VHCN) en la Unión Europea,"[""Redes de Muy Alta Capacidad (VHCN)"", ""5G"", ""Redes de fibra óptica (FTTB, FTTH)"", ""Redes inalámbricas"", ""Redes móviles"", ""Wi-Fi"", ""Redes satelitales"", ""DSL"", ""DOCSIS"", ""Ethernet"", ""Acceso Fijo Inalámbrico (FWA)""]",[],"[""Unión Europea""]","[""BEREC"", ""Comisión Europea"", ""Parlamento Europeo"", ""Consejo de la Unión Europea"", ""Cullen International""]","[""Autoridades Reguladoras Nacionales (NRAs)"", ""Operadores con Poder Significativo de Mercado (SMP)"", ""Co-inversores"", ""Proveedores de servicios de comunicaciones electrónicas"", ""Proveedores de red"", ""Ciudadanos"", ""Empresas""]","[""Otro""]",Nota técnica,"Conectividad satelital, NTN y D2D; tecnologías: Redes de Muy Alta Capacidad (VHCN), 5G, Redes de fibra óptica (FTTB, FTTH), Redes inalámbricas.",9,Alta,3,12,"Este documento es altamente relevante para la Agenda Regulatoria ANE 2027-2028 al ofrecer un marco regulatorio detallado de la Unión Europea sobre la definición, despliegue e incentivos para Redes de Muy Alta Capacidad (VHCN), incluyendo 5G y fibra. Proporciona criterios de rendimiento específicos y mecanismos de coinversión que ANE podría adaptar o considerar para fomentar la conectividad, la inversión en infraestructura y la eficiencia en el uso de recursos en Colombia, informando decisiones sobre futuras regulaciones y políticas de espectro."
a7aef2a55a94116d748f,TRTEEU20260106_Permit-free_deployment_of_small_cells_SAWAPs.pdf,Cullen International,pdf,Disponibilidad de espectro para IMT,Disponibilidad de espectro,Regulación y despliegue sin permiso de small cells para 5G en la Unión Europea,"[""Small cells (SAWAPs)"", ""5G"", ""4G"", ""Wi-Fi"", ""Active Antenna Systems (AAS)"", ""Macro cells""]","[""26 GHz""]","[""Unión Europea"", ""Estados Miembros""]","[""European Commission"", ""European Parliament"", ""Cullen International"", ""Communications Committee (COCOM)""]","[""Reguladores"", ""Operadores móviles"", ""Industria de telecomunicaciones"", ""Organismos internacionales""]","[""Salud / EMF""]",Ajuste a iniciativa existente,"Disponibilidad de espectro para IMT; tecnologías: Small cells (SAWAPs), 5G, 4G, Wi-Fi; bandas: 26 GHz.",10,Alta,3,13,"Este documento ofrece un modelo regulatorio detallado de la Unión Europea para el despliegue de small cells, esencial para la densificación de redes 5G y la gestión eficiente del espectro. Proporciona información valiosa sobre la armonización regulatoria, la facilitación del despliegue de infraestructura, la consideración de nuevas tecnologías como AAS y la banda de 26 GHz, y la gestión de la percepción pública sobre EMF. Estos aspectos son directamente aplicables a la formulación de la Agenda Regulatoria ANE 2027-2028 para el desarrollo de telecomunicaciones en Colombia."
5298cf149120cc0691d4,TRTEEU20260107_Spectrum_management_and_spectrum_for_5G.pdf,Cullen International,pdf,Disponibilidad de espectro para IMT,Disponibilidad de espectro,Gestión del espectro y despliegue 5G en la Unión Europea,"[""5G"", ""Redes de acceso inalámbrico de área pequeña (SAWAPs)"", ""Small cells"", ""Banda ancha inalámbrica"", ""Máquina a máquina (M2M)"", ""Sistemas de antena activa (AAS)"", ""Servicios de comunicaciones electrónicas (ECS)""]","[""470–790 MHz"", ""700 MHz"", ""800 MHz"", ""900 MHz"", ""1800 MHz"", ""2 GHz"", ""2.6 GHz"", ""3.4–3.8 GHz"", ""26 GHz"", ""66–71 GHz""]","[""Unión Europea"", ""Estados miembros de la UE""]","[""Parlamento Europeo"", ""Consejo de la Unión Europea"", ""Comisión Europea"", ""Radio Spectrum Policy Body (RSPB)"", ""Radio Spectrum Policy Group (RSPG)"", ""BEREC"", ""Cullen International""]","[""Reguladores nacionales"", ""Comisión Europea"", ""Operadores móviles"", ""Fabricantes de equipos"", ""Organismos internacionales"", ""Usuarios finales""]","[""Asignación de espectro"", ""Compartición de espectro"", ""Renovación"", ""Condiciones técnicas"", ""Armonización internacional""]",Ajuste a iniciativa existente,"Disponibilidad de espectro para IMT; tecnologías: 5G, Redes de acceso inalámbrico de área pequeña (SAWAPs), Small cells, Banda ancha inalámbrica; bandas: 470–790 MHz, 700 MHz, 800 MHz, 900 MHz.",10,Alta,3,13,"El documento describe las mejores prácticas y desafíos en la gestión del espectro, el despliegue de 5G y la armonización regulatoria dentro de la UE. Detalla bandas específicas, enfoques de licenciamiento y el papel de organismos internacionales (RSPG, Comisión). Esto proporciona información valiosa sobre tendencias regulatorias, requisitos técnicos y consideraciones de política para el uso eficiente del espectro y la adopción de nuevas tecnologías, informando directamente la planificación estratégica de la ANE para 2027-2028."
1bf9d40e5cad0e47dcf8,TRTEEU20260108_Redefinition_of_electronic_communications_services.pdf,Cullen International,pdf,Otros temas de seguimiento,Necesidades transversales,Marco regulatorio europeo para servicios de comunicaciones electrónicas,"[""Banda ancha fija y móvil"", ""Servicios de voz"", ""Servicios de comunicación interpersonal"", ""M2M (Machine-to-Machine)"", ""Redes de comunicaciones electrónicas""]",[],"[""Unión Europea""]","[""Parlamento Europeo"", ""Consejo de la Unión Europea"", ""Comisión Europea"", ""Cullen International"", ""DG Connect""]","[""Reguladores"", ""Proveedores de servicios de comunicaciones electrónicas"", ""Operadores de redes fijas y móviles"", ""Proveedores de servicios Over-the-Top (OTT)"", ""Usuarios finales""]","[""Otro""]",Seguimiento,"Otros temas de seguimiento; tecnologías: Banda ancha fija y móvil, Servicios de voz, Servicios de comunicación interpersonal, M2M (Machine-to-Machine).",9,Alta,3,12,"Este documento es altamente relevante para la Agenda Regulatoria ANE 2027-2028 porque aborda la redefinición y el marco regulatorio de los servicios de comunicaciones electrónicas en la Unión Europea. La clasificación de servicios (acceso a internet, comunicaciones interpersonales, transmisión de señales para M2M) y el enfoque regulatorio hacia los servicios OTT son aspectos cruciales para la formulación de políticas nacionales. La evolución del EECC al DNA también ofrece una perspectiva sobre las tendencias regulatorias internacionales que ANE podría considerar para asegurar un marco normativo moderno y adaptable a las nuevas tecnologías y modelos de negocio en Colombia."
e1764396b469f78c18b3,TRTEEU20260110_Universal_service_scope_affordability_and_funding.pdf,Cullen International,pdf,"Conectividad satelital, NTN y D2D",Conectividad satelital,Regulación del Servicio Universal y Conectividad en la Unión Europea,"[""Tecnología móvil"", ""Tecnologías inalámbricas"", ""Tecnologías cableadas"", ""Conectividad satelital"", ""Acceso a internet de banda ancha""]",[],"[""Unión Europea"", ""Islandia"", ""Noruega"", ""Países Bajos"", ""Malta"", ""Bélgica"", ""Luxemburgo"", ""España""]","[""Comisión Europea"", ""BEREC"", ""Cullen International"", ""Autoridades Reguladoras Nacionales (NRAs)""]","[""Reguladores"", ""Operadores móviles"", ""Proveedores de servicio universal"", ""Estados miembros"", ""Consumidores"", ""Industria satelital""]","[""Otro""]",Nota técnica,"Conectividad satelital, NTN y D2D; tecnologías: Tecnología móvil, Tecnologías inalámbricas, Tecnologías cableadas, Conectividad satelital.",9,Alta,3,12,"Este documento es altamente relevante para la Agenda Regulatoria ANE 2027-2028 porque ofrece una visión detallada de las tendencias regulatorias internacionales en servicio universal y conectividad. Proporciona ejemplos concretos de cómo la UE y sus estados miembros abordan la definición de banda ancha, la neutralidad tecnológica, el uso de satélites para cerrar brechas de conectividad y los modelos de financiación. Estos elementos son cruciales para que ANE evalúe y adapte su marco regulatorio a las necesidades futuras, especialmente en la gestión del espectro para nuevas tecnologías y la promoción de la conectividad universal."
5015719a773250099333,TRTEEU20260113_Satellite_connectivity_in_the_EU.pdf,Cullen International,pdf,"Conectividad satelital, NTN y D2D",Conectividad satelital,Estrategia de conectividad satelital de la Unión Europea y gestión del espectro,"[""MEO"", ""Servicios Satelitales Móviles (MSS)"", ""Servicios Satelitales Fijos (FSS)"", ""D2D"", ""IoT"", ""Infraestructura Europea de Comunicaciones Cuánticas (EuroQCI)"", ""Sistemas de comunicación híbridos (satélite y componentes terrestres complementarios)""]","[""Banda de 2 GHz (1980–2010 MHz, 2170–2200 MHz)"", ""Banda L (1–2 GHz)"", ""Banda S (2–4 GHz)"", ""banda Ku"", ""Banda K (18–27 GHz)"", ""banda Ka"", ""Banda V (37.5–43.5 GHz, 47.2–50.2 GHz, 50.4–52.4 GHz)""]","[""EU"", ""Noruega"", ""Islandia"", ""Francia"", ""Italia"", ""Luxemburgo"", ""África"", ""Ártico"", ""China"", ""Estados Unidos""]","[""Comisión Europea"", ""Cullen International"", ""Agencia Espacial Europea (ESA)"", ""Consorcio SpaceRISE"", ""Eutelsat"", ""Hispasat"", ""SES"", ""Deutsche Telekom"", ""Orange"", ""EUSPA (Agencia de la UE para el Programa Espacial)"", ""Unión Internacional de Telecomunicaciones (UIT)"", ""Grupo de Política del Espectro Radioeléctrico (RSPG)"", ""Conferencia Europea de Administraciones de Correos y Telecomunicaciones (CEPT)"", ""Parlamento y Consejo (UE)"", ""Inmarsat"", ""Solaris"", ""Viasat"", ""Echostar"", ""SpaceX"", ""Amazon"", ""Tribunal de Justicia de la UE (TJUE)""]","[""Reguladores"", ""Operadores móviles"", ""Operadores satelitales"", ""Fabricantes de satélites"", ""Organismos internacionales"", ""Gobiernos"", ""Industria""]","[""Armonización internacional""]",Nota técnica,"Conectividad satelital, NTN y D2D; tecnologías: MEO, Servicios Satelitales Móviles (MSS), Servicios Satelitales Fijos (FSS), D2D; bandas: Banda de 2 GHz (1980–2010 MHz, 2170–2200 MHz), Banda L (1–2 GHz), Banda S (2–4 GHz), banda Ku.",10,Alta,3,13,"Este documento proporciona una visión detallada de las iniciativas estratégicas de la UE en conectividad satelital, gestión del espectro y tecnologías emergentes como D2D y la integración 5G. Destaca procesos regulatorios, coordinación internacional (CMR-27, UIT) y bandas de frecuencia específicas (2 GHz, Ku, K, Ka, V). Esta información es crucial para comprender las tendencias globales y los posibles desafíos y oportunidades regulatorias para la agenda 2027-2028 de la ANE, particularmente en relación con las redes no terrestres, la armonización del espectro y los nuevos modelos de servicio."
4f5362dca24cc4b50f14,TRTEEU20260114_Use_of_the_upper_6_GHz_band_in_the_EU_.pdf,Cullen International,pdf,Disponibilidad de espectro para IMT,Disponibilidad de espectro,Regulación y uso de la banda superior de 6 GHz en la UE,"[""Wi-Fi"", ""5G"", ""6G"", ""IMT"", ""WAS"", ""RLANs"", ""IoT""]","[""6 GHz"", ""upper 6 GHz"", ""3.5 GHz"", ""4400–4800 MHz"", ""7125–8400 MHz"", ""7125–7250 MHz"", ""14.8–15.35 GHz""]","[""EU"", ""Brazil"", ""Mexico"", ""Cambodia"", ""Laos"", ""Maldives"", ""China"", ""Africa"", ""Middle East"", ""Commonwealth of Independent States"", ""Asia"", ""Oceania""]","[""Cullen International"", ""European Conference of Postal and Telecommunications Administrations (CEPT)"", ""Radio Spectrum Policy Group (RSPG)"", ""European Commission"", ""Radio Spectrum Committee (RSC)"", ""International Telecommunication Union (ITU)"", ""AKOS"", ""BMDV""]","[""Reguladores"", ""Operadores móviles"", ""Industria Wi-Fi"", ""Organismos internacionales"", ""Fabricantes de equipos"", ""Usuarios del espectro""]","[""Compartición de espectro"", ""Condiciones técnicas"", ""Armonización internacional""]",Ajuste a iniciativa existente,"Disponibilidad de espectro para IMT; tecnologías: Wi-Fi, 5G, 6G, IMT; bandas: 6 GHz, upper 6 GHz, 3.5 GHz, 4400–4800 MHz.",10,Alta,3,13,"Este documento es altamente relevante ya que detalla el complejo proceso regulatorio, estudios técnicos y consideraciones internacionales para una banda de frecuencia crítica (6 GHz) vital para 5G/6G y Wi-Fi avanzado. Destaca los desafíos del uso compartido del espectro, los roles de organismos internacionales y regionales clave (UIT, CEPT, RSPG), y la visión a largo plazo para futuras tecnologías inalámbricas. Comprender el enfoque de la UE, incluyendo sus decisiones sobre la división de bandas y aplazamientos, proporciona información valiosa para la Agenda Regulatoria ANE 2027-2028, especialmente en gestión del espectro, adopción de nuevas tecnologías y tendencias de armonización internacional."
6dcaf7ff938bf8e62ba8,TRTEEU20260115_Use_of_the_sub-700_MHz_band_in_the_EU_.pdf,Cullen International,pdf,Disponibilidad de espectro para IMT,Disponibilidad de espectro,Futuro uso y regulación de la banda sub-700 MHz en la UE,"[""Digital Terrestrial Television (DTT)"", ""Wireless audio microphones (PMSE)"", ""Wireless electronic communications networks (ECNs)"", ""High efficiency video coding (HEVC)"", ""Ultra-high definition (UHD)"", ""5G"", ""IMT"", ""Mobile applications"", ""Wind profiler radars"", ""Radio astronomy""]","[""700 MHz"", ""800 MHz"", ""600 MHz"", ""UHF""]","[""EU"", ""Americas"", ""Asia-Pacific""]","[""European Commission"", ""European Parliament"", ""European Council"", ""Radio Spectrum Policy Group (RSPG)"", ""International Telecommunication Union (ITU)"", ""Cullen International"", ""EETT"", ""MIMIT""]","[""Reguladores"", ""Operadores de redes de comunicaciones electrónicas"", ""Radiodifusores"", ""Industria móvil"", ""Usuarios de PMSE"", ""Organismos internacionales"", ""Sector de defensa y seguridad pública""]","[""Armonización internacional""]",Ajuste a iniciativa existente,"Disponibilidad de espectro para IMT; tecnologías: Digital Terrestrial Television (DTT), Wireless audio microphones (PMSE), Wireless electronic communications networks (ECNs), High efficiency video coding (HEVC); bandas: 700 MHz, 800 MHz, 600 MHz, UHF.",10,Alta,3,13,"Este documento es altamente relevante para la Agenda Regulatoria ANE 2027-2028 porque analiza en profundidad la gestión y el futuro de una banda de frecuencia clave (sub-700 MHz) con excelentes características de propagación. Aborda la transición de usos tradicionales (DTT) a potenciales usos móviles (5G, PPDR), los desafíos de armonización, la influencia de organismos internacionales (ITU, WRC-23) y las tendencias tecnológicas como 5G broadcast. Proporciona un marco de referencia sobre cómo otras regiones (UE) están abordando la reasignación del espectro y las consideraciones regulatorias asociadas, lo cual es crucial para la planificación estratégica de ANE."
69fce7240deb2795ce23,TRTEEU20260117_EU_common_position_for_WRC-27.pdf,Cullen International,pdf,"Conectividad satelital, NTN y D2D",Conectividad satelital,Posición común de la UE para la Conferencia Mundial de Radiocomunicaciones (WRC-27),"[""5G"", ""6G"", ""IMT (International Mobile Telecommunications)"", ""D2D"", ""NGSO (Non-Geostationary) systems"", ""Satélites"", ""FSS (Fixed Satellite Service)"", ""MSS (Mobile Satellite Service)"", ""EESS (Earth Exploration Satellite Service)"", ""Comunicaciones móviles a bordo (aeronáuticas y marítimas)"", ""Radio altimeters"", ""UWB (Ultra-Wide Band)""]","[""6 GHz"", ""47.2–50.2 GHz"", ""50.4–51.4 GHz"", ""13.75–14 GHz"", ""4400–4800 MHz"", ""7125–8400 MHz"", ""14.8–15.35 GHz"", ""1427–1432 MHz"", ""1645.5–1646.5 MHz"", ""1880–1920 MHz"", ""2010–2025 MHz"", ""694/698–960 MHz"", ""1427–1518 MHz"", ""1710–2200 MHz"", ""2300–2400 MHz"", ""2500–2690 MHz"", ""2120–2160 MHz"", ""2160–2170 MHz"", ""Above 76 GHz"", ""Above 86 GHz"", ""4200–4400 MHz"", ""8400–8500 MHz"", ""614–694 MHz"", ""608–614 MHz"", ""470–694 MHz"", ""700 MHz"", ""UHF""]","[""EU (Unión Europea)"", ""Europa"", ""China"", ""Grecia"", ""Irlanda""]","[""ITU (International Telecommunication Union)"", ""European Commission"", ""Council of the EU"", ""RSPG (Radio Spectrum Policy Group)"", ""CEPT (European Conference of Postal and Telecommunications Administrations)"", ""EETT (Greece)"", ""ComReg (Ireland)"", ""CJEU (Court of Justice of the EU)"", ""Cullen International""]","[""Gobiernos"", ""Estados miembros de la UE"", ""Reguladores"", ""Operadores móviles"", ""Fabricantes"", ""Industria satelital"", ""Organismos internacionales"", ""Fuerzas armadas/defensa"", ""Aviación civil"", ""Servicios meteorológicos"", ""Servicios de investigación espacial"", ""Servicios de radioastronomía""]","[""Asignación de espectro"", ""Armonización internacional""]",Nota técnica,"Conectividad satelital, NTN y D2D; tecnologías: 5G, 6G, IMT (International Mobile Telecommunications), D2D; bandas: 6 GHz, 47.2–50.2 GHz, 50.4–51.4 GHz, 13.75–14 GHz.",10,Alta,3,13,"Este documento es altamente relevante para la Agenda Regulatoria ANE 2027-2028, ya que proporciona una visión detallada de las discusiones y decisiones internacionales clave sobre la gestión del espectro radioeléctrico que impactarán directamente las políticas nacionales. Aborda la identificación de nuevas bandas para 5G/6G, el desarrollo de tecnologías como D2D y NTN, y los desafíos de coexistencia, temas fundamentales para la planificación del espectro y la regulación de telecomunicaciones en Colombia. La coordinación internacional y las tendencias tecnológicas presentadas son cruciales para anticipar y adaptar el marco regulatorio."
d968368e84c60bd29dba,matriz_vigilancia_ampliada_Agenda_2027_2028.xlsx,ejercicio preliminar,xlsx,"Conectividad satelital, NTN y D2D",Conectividad satelital,Metodología de vigilancia tecnológica para agenda regulatoria,[],[],[],[],"[""Reguladores"", ""Organismos internacionales"", ""Analistas de vigilancia tecnológica""]","[""Armonización internacional""]",Nota técnica,"Conectividad satelital, NTN y D2D.",7,Alta,1,8,"Este documento es altamente relevante ya que describe una herramienta y metodología para la vigilancia tecnológica y la priorización de temas, insumos directos y cruciales para la formulación de la Agenda Regulatoria ANE 2027-2028. Proporciona un marco para identificar tendencias, evaluar su prioridad y asegurar que las decisiones regulatorias se basen en fuentes oficiales y análisis técnico."
58c98fbc60312c383d7f,matriz_vigilancia_ampliada_Agenda_2027_2028.xlsx,ejercicio preliminar,xlsx,"Conectividad satelital, NTN y D2D",Conectividad satelital,Vigilancia tecnológica y regulatoria para la gestión del espectro y nuevas tecnologías,"[""Wi-Fi"", ""IMT"", ""5G-Advanced"", ""6G"", ""NTN"", ""D2D"", ""ISAC (Integrated Sensing and Communications)"", ""Satélites"", ""HAPS"", ""UAS"", ""Backhaul"", ""RedCap"", ""IA"", ""AFC (Automated Frequency Coordination)""]","[""6 GHz"", ""4400-4800 MHz"", ""7125-8400 MHz"", ""14.8-15.35 GHz"", ""694/698 MHz-2.7 GHz"", ""Q/V-band"", ""E-band"", ""W-band"", ""12.7-13.25 GHz"", ""42 GHz"", ""51.4-52.4 GHz"", ""70/80/90 GHz"", ""40.5-43.5 GHz"", ""100-400 GHz (sub-THz)""]","[""Reino Unido"", ""Unión Europea"", ""Estados Unidos"", ""Colombia"", ""Global"", ""Región 2"", ""Región 3"", ""Américas""]","[""Ofcom"", ""Comisión Europea"", ""CEPT"", ""UIT-R"", ""3GPP"", ""FCC"", ""CITEL"", ""ECC""]","[""Reguladores"", ""Organismos internacionales"", ""Operadores móviles"", ""Industria satelital"", ""Fabricantes""]","[""Compartición de espectro"", ""Armonización internacional""]",Nota técnica,"Conectividad satelital, NTN y D2D; tecnologías: Wi-Fi, IMT, 5G-Advanced, 6G; bandas: 6 GHz, 4400-4800 MHz, 7125-8400 MHz, 14.8-15.35 GHz.",9,Alta,2,11,"El documento es un insumo directo para la Agenda Regulatoria ANE 2027-2028, proporcionando una visión estructurada de tendencias críticas en gestión del espectro y nuevas tecnologías. Identifica bandas clave (6 GHz, mmWave, sub-THz), tecnologías emergentes (6G, NTN, ISAC) y enfoques regulatorios (compartición, agenda CMR-27) que son fundamentales para la planificación del espectro y la formulación de políticas en Colombia, requiriendo estudios técnicos y seguimiento internacional."
7a23b7154277ccf39ee4,matriz_vigilancia_ampliada_Agenda_2027_2028.xlsx,ejercicio preliminar,xlsx,"Conectividad satelital, NTN y D2D",Conectividad satelital,Vigilancia tecnológica y regulatoria para la gestión del espectro,"[""Wi-Fi"", ""IMT"", ""IMT-2030"", ""6G"", ""5G-Advanced"", ""NTN"", ""Satélites"", ""HAPS"", ""UAS"", ""D2D"", ""C-V2X"", ""DTT"", ""FSS"", ""IoT"", ""IA""]","[""6 GHz"", ""Sub-THz"", ""Bandas por encima de 100 GHz"", ""Banda Q"", ""Banda V"", ""Banda E"", ""Banda W"", ""42 GHz"", ""52 GHz"", ""70 GHz"", ""80 GHz"", ""90 GHz"", ""40.5-43.5 GHz"", ""3.7-3.8 GHz"", ""26 GHz"", ""5.850-5.925 GHz"", ""5.9 GHz"", ""UHF"", ""3.98-4.2 GHz""]","[""Reino Unido"", ""Unión Europea"", ""Estados Unidos"", ""Australia"", ""Alemania""]","[""Ofcom"", ""Comisión Europea"", ""CEPT"", ""UIT-R"", ""3GPP"", ""NTIA"", ""FCC"", ""MITRE"", ""ACMA"", ""BNetzA"", ""DSIT"", ""UIT-D"", ""WMO"", ""UIT""]","[""Reguladores nacionales"", ""Organismos internacionales de estandarización"", ""Organismos internacionales de telecomunicaciones"", ""Operadores móviles"", ""Industria satelital"", ""Fabricantes de equipos"", ""Sector público"", ""Industria vertical""]","[""Compartición de espectro"", ""Armonización internacional""]",Nota técnica,"Conectividad satelital, NTN y D2D; tecnologías: Wi-Fi, IMT, IMT-2030, 6G; bandas: 6 GHz, Sub-THz, Bandas por encima de 100 GHz, Banda Q.",9,Alta,2,11,"Este documento compila información crítica de reguladores y organismos de estandarización líderes sobre el futuro uso del espectro, tecnologías emergentes (6G, NTN, IA) y enfoques regulatorios (compartición de espectro, redes privadas). Apoya directamente la identificación de desafíos y oportunidades regulatorias clave para la Agenda Regulatoria ANE 2027-2028, proporcionando una visión estratégica de tendencias globales y mejores prácticas."
fcacbcc7495af4fa44e8,matriz_vigilancia_ampliada_Agenda_2027_2028.xlsx,ejercicio preliminar,xlsx,"Conectividad satelital, NTN y D2D",Conectividad satelital,Identificación de temas prioritarios para la Agenda Regulatoria ANE 2027-2028,"[""Wi-Fi"", ""IMT"", ""D2D"", ""NTN"", ""5G-Advanced"", ""6G"", ""IoT"", ""Satélites"", ""UAS/drones"", ""C-V2X"", ""ITS"", ""HAPS"", ""IA""]","[""6 GHz"", ""mmWave"", ""70/80/90 GHz"", ""5030-5091 MHz"", ""5.9 GHz"", ""Banda Q"", ""Banda V"", ""Banda E"", ""Sub-THz"", ""3.98-4.2 GHz""]","[""Colombia"", ""Reino Unido"", ""Alemania"", ""Europa"", ""Región 2""]","[""ANE"", ""3GPP"", ""CITEL"", ""UIT""]","[""Reguladores"", ""Operadores móviles"", ""Fabricantes"", ""Organismos internacionales"", ""Industria satelital"", ""Autoridad aeronáutica"", ""Sector transporte"", ""Servicios científicos""]","[""Compartición de espectro"", ""Armonización internacional""]",Nota técnica,"Conectividad satelital, NTN y D2D; tecnologías: Wi-Fi, IMT, D2D, NTN; bandas: 6 GHz, mmWave, 70/80/90 GHz, 5030-5091 MHz.",9,Alta,2,11,"El documento es una matriz de vigilancia tecnológica diseñada específicamente para identificar y priorizar temas para la Agenda Regulatoria ANE 2027-2028, incluyendo justificaciones de relevancia y productos sugeridos."
15b3db8952dda65eab4d,matriz_vigilancia_ampliada_Agenda_2027_2028.xlsx,ejercicio preliminar,xlsx,"Conectividad satelital, NTN y D2D",Conectividad satelital,Identificación y validación de tendencias regulatorias y tecnológicas clave para la gestión del espectro,"[""IMT"", ""Wi-Fi"", ""D2D"", ""NTN"", ""IA"", ""Satélites"", ""ISAC"", ""5G"", ""6G"", ""PPDR""]","[""6 GHz"", ""Bandas medias-altas"", ""Bandas Q/V/E"", ""Sub-THz""]","[""Colombia"", ""Reino Unido"", ""Alemania""]","[""ANATEL"", ""ASEP"", ""IFT"", ""CITEL"", ""UIT-R"", ""3GPP"", ""Ofcom"", ""BNetzA"", ""MinTIC"", ""ANE""]","[""Reguladores nacionales"", ""Organismos internacionales de estandarización"", ""Organismos regionales de telecomunicaciones"", ""Industria satelital"", ""Operadores de telecomunicaciones""]","[""Asignación de espectro"", ""Compartición de espectro""]",Nota técnica,"Conectividad satelital, NTN y D2D; tecnologías: IMT, Wi-Fi, D2D, NTN; bandas: 6 GHz, Bandas medias-altas, Bandas Q/V/E, Sub-THz.",9,Alta,2,11,"Este documento es altamente relevante para la Agenda Regulatoria ANE 2027-2028 porque consolida y valida tendencias tecnológicas y regulatorias críticas en gestión del espectro. Proporciona una base sólida para identificar temas prioritarios, como la asignación de bandas (6 GHz, IMT-2030), el desarrollo de nuevas arquitecturas de red (NTN, redes privadas) y aspectos metodológicos (medición de uso, inmunidad de receptores), que la ANE deberá abordar en su planificación futura."
a62f036224192ebac004,matriz_vigilancia_ampliada_Agenda_2027_2028.xlsx,ejercicio preliminar,xlsx,"Conectividad satelital, NTN y D2D",Conectividad satelital,Gestión y regulación del espectro para nuevas tecnologías y servicios,"[""Wi-Fi"", ""IMT"", ""D2D"", ""NTN"", ""HAPS"", ""HIBS"", ""C-V2X"", ""ITS"", ""Satélites"", ""Redes privadas""]","[""6 GHz"", ""7/8 GHz"", ""14.8-15.35 GHz"", ""Bandas Q/V/E"", ""Bandas altas""]","[""Región 2"", ""Colombia""]","[""UIT-R"", ""CITEL"", ""Ofcom"", ""CEPT/ECC"", ""ANATEL"", ""ASEP"", ""IFT"", ""MinTIC"", ""ANE"", ""3GPP"", ""FCC"", ""NTIA"", ""ACMA"", ""BNetzA"", ""ENACOM"", ""ETSI"", ""MinTransporte"", ""DSIT"", ""WMO"", ""IDEAM"", ""CNABF""]","[""Reguladores"", ""Operadores móviles"", ""Fabricantes"", ""Organismos internacionales"", ""Industria satelital"", ""Sector transporte"", ""Actores científicos/clima"", ""Incumbentes""]","[""Armonización internacional""]",Nota técnica,"Conectividad satelital, NTN y D2D; tecnologías: Wi-Fi, IMT, D2D, NTN; bandas: 6 GHz, 7/8 GHz, 14.8-15.35 GHz, Bandas Q/V/E.",9,Alta,2,11,"Este documento es de alta relevancia ya que es una matriz de vigilancia tecnológica diseñada específicamente para identificar y priorizar temas técnicos y regulatorios que deben ser abordados en la Agenda Regulatoria ANE 2027-2028. Los temas cubren aspectos críticos como la gestión de bandas clave (6 GHz, IMT), la integración de nuevas tecnologías (NTN, HAPS, redes privadas), la coexistencia de servicios y la preparación para eventos internacionales como la CMR-27, todos ellos con alta urgencia y directamente relacionados con las funciones de la ANE."
917bbef817c41ea41aaa,matriz_vigilancia_ampliada_Agenda_2027_2028.xlsx,ejercicio preliminar,xlsx,"Conectividad satelital, NTN y D2D",Conectividad satelital,Vigilancia tecnológica y regulatoria para la Agenda ANE 2027-2028,"[""D2D"", ""NTN"", ""5G"", ""6G"", ""Satélite"", ""Small cells"", ""IA""]","[""6 GHz"", ""UHF"", ""410/450 MHz"", ""Sub-700""]","[""México"", ""Reino Unido"", ""Nigeria"", ""Europa""]","[""Cullen International"", ""RSPG"", ""Comisión Europea"", ""GSMA"", ""Banco Mundial"", ""CRC"", ""DOF"", ""Gobierno de México"", ""Gobierno del Reino Unido"", ""Ofcom"", ""NCC Nigeria"", ""NERA""]","[""Reguladores"", ""Organismos internacionales"", ""Gobiernos"", ""Consultoras"", ""Industria satelital"", ""Operadores móviles""]","[""Salud / EMF""]",Nota técnica,"Conectividad satelital, NTN y D2D; tecnologías: D2D, NTN, 5G, 6G; bandas: 6 GHz, UHF, 410/450 MHz, Sub-700.",9,Alta,2,11,"Este documento está explícitamente diseñado como una 'matriz ampliada' para apoyar la formulación de la Agenda Regulatoria ANE 2027-2028. Consolida una amplia gama de fuentes oficiales, regulatorias, técnicas y sectoriales, identificando y priorizando temas emergentes y tecnologías relevantes para la gestión del espectro, nuevas tecnologías inalámbricas y tendencias regulatorias. Su alineación directa con el objetivo de la ANE lo hace altamente relevante para la planificación estratégica y la toma de decisiones."
dcf112555610b677b805,matriz_vigilancia_ampliada_Agenda_2027_2028.xlsx,ejercicio preliminar,xlsx,"Conectividad satelital, NTN y D2D",Conectividad satelital,Vigilancia tecnológica y regulatoria para la gestión del espectro radioeléctrico,"[""5G"", ""Wi-Fi"", ""LTE"", ""IMT"", ""NTN"", ""Satélites"", ""Redes privadas""]","[""600 MHz"", ""6 GHz"", ""26 GHz"", ""2.3 GHz"", ""1427-1517 MHz"", ""700 MHz"", ""410-430 MHz"", ""450-470 MHz"", ""3.4-3.8 GHz"", ""IMT"", ""MSS""]","[""Colombia"", ""Comparado internacional"", ""LATAM""]","[""CRC"", ""Cullen International""]","[""Reguladores nacionales"", ""Fuentes de inteligencia regulatoria"", ""Operadores móviles"", ""Industria satelital""]","[""Compartición de espectro""]",Nota técnica,"Conectividad satelital, NTN y D2D; tecnologías: 5G, Wi-Fi, LTE, IMT; bandas: 600 MHz, 6 GHz, 26 GHz, 2.3 GHz.",9,Alta,2,11,"La matriz compila fuentes de vigilancia tecnológica y regulatoria directamente relacionadas con la gestión del espectro, tendencias en telecomunicaciones, regulación de bandas clave (incluyendo 5G y Wi-Fi), compartición de espectro y nuevas tecnologías como NTN. Proporciona una visión comparada internacional y nacional (Colombia) esencial para identificar necesidades y oportunidades regulatorias para la Agenda ANE 2027-2028, apoyando la toma de decisiones sobre disponibilidad y uso eficiente del espectro."
4c20f5e9408b1756dce3,matriz_vigilancia_ampliada_Agenda_2027_2028.xlsx,ejercicio preliminar,xlsx,"Conectividad satelital, NTN y D2D",Conectividad satelital,Vigilancia tecnológica y regulatoria para la gestión del espectro radioeléctrico,"[""5G"", ""NFV/SDN"", ""Automatización"", ""Network slicing"", ""NTN"", ""Satélite integrado a redes móviles"", ""IMT"", ""MFCN"", ""Wi-Fi"", ""Edge computing"", ""Caching"", ""API"", ""IMT-2030"", ""6G"", ""D2D"", ""IoT"", ""Radiodifusión"", ""PMSE""]","[""Bandas IMT existentes"", ""Bandas IMT bajas, medias y altas"", ""Bandas satelitales"", ""6425–7125 MHz"", ""Bandas candidatas para 6G"", ""Bandas futuras IMT"", ""Bandas MSS"", ""470–694 MHz"", ""Multibanda""]","[""Colombia"", ""Unión Europea"", ""México"", ""Nigeria"", ""Reino Unido""]","[""CRC"", ""MinTIC"", ""ANE"", ""3GPP"", ""GSMA"", ""UIT-R"", ""CITEL"", ""RSPG"", ""Comisión Europea"", ""CEPT ECC"", ""DOF"", ""Gobierno de México"", ""NCC Nigeria"", ""Gobierno del Reino Unido"", ""Ofcom""]","[""Reguladores nacionales"", ""Organismos internacionales"", ""Operadores móviles"", ""Fabricantes de tecnología"", ""Industria satelital"", ""Gobiernos""]","[""Armonización internacional""]",Nota técnica,"Conectividad satelital, NTN y D2D; tecnologías: 5G, NFV/SDN, Automatización, Network slicing; bandas: Bandas IMT existentes, Bandas IMT bajas, medias y altas, Bandas satelitales, 6425–7125 MHz.",9,Alta,2,11,"El documento es una matriz de vigilancia tecnológica y regulatoria diseñada específicamente para identificar insumos críticos para la Agenda Regulatoria ANE 2027-2028. Contiene hallazgos sobre tendencias tecnológicas (5G, 6G, NTN, FWA), gestión de bandas de frecuencia (6 GHz, UHF), regulación internacional (RSPG, WRC-27) y ejemplos de planeación nacional de espectro, todos directamente aplicables a la formulación de la agenda y la toma de decisiones estratégicas."
14237482341d21eb48b0,matriz_vigilancia_ampliada_Agenda_2027_2028.xlsx,ejercicio preliminar,xlsx,"Conectividad satelital, NTN y D2D",Conectividad satelital,Vigilancia tecnológica para la Agenda Regulatoria ANE 2027-2028,"[""IMT"", ""Wi-Fi"", ""D2D"", ""NTN"", ""5G"", ""6G"", ""LPWAN"", ""IoT"", ""FWA"", ""TDT"", ""PMSE"", ""Edge computing"", ""Small cells"", ""TVWS"", ""Automatización"", ""IA""]","[""6 GHz"", ""IMT/MSS"", ""3.7-4.2 GHz"", ""26 GHz"", ""Multibanda"", ""Bandas candidatas IMT-2030"", ""410-470 MHz"", ""mmWave"", ""23 GHz"", ""37 GHz"", ""39.8-42 GHz"", ""3.3-3.8 GHz"", ""Bandas satelitales (Q/V/E)"", ""UHF"", ""600 MHz"", ""700 MHz"", ""Bandas licenciadas/no licenciadas"", ""Bandas de microondas (E/W/D)"", ""Bandas 2G/3G/4G/5G""]","[""Argentina"", ""Europa"", ""México"", ""Nigeria"", ""Reino Unido"", ""Estados Unidos"", ""Canadá"", ""Austria"", ""Perú"", ""Paraguay"", ""Turquía"", ""Venezuela"", ""Brasil"", ""Bangladesh"", ""Polonia"", ""Colombia""]","[""RSPG"", ""Cullen"", ""GSMA"", ""CEPT/ECC"", ""UIT-R"", ""3GPP"", ""ISED"", ""Ofcom"", ""FCC"", ""CRC"", ""BNetzA"", ""ENACOM"", ""ANATEL"", ""CITEL"", ""ANE"", ""MinTIC"", ""NERA"", ""DOF México"", ""NCC Nigeria"", ""OMS"", ""ICNIRP"", ""Banco Mundial""]","[""Reguladores"", ""Operadores móviles"", ""Fabricantes"", ""Organismos internacionales"", ""Industria satelital"", ""Industria"", ""Autoridades sanitarias"", ""Autoridades de competencia"", ""Gobiernos"", ""Consultoras"", ""Organizaciones de estandarización"", ""Radiodifusores""]","[""Compartición de espectro"", ""Armonización internacional""]",Nota técnica,"Conectividad satelital, NTN y D2D; tecnologías: IMT, Wi-Fi, D2D, NTN; bandas: 6 GHz, IMT/MSS, 3.7-4.2 GHz, 26 GHz.",9,Alta,2,11,"Este documento es un insumo directo para la Agenda Regulatoria ANE 2027-2028, proporcionando un análisis estructurado de temas emergentes y críticos en gestión del espectro, nuevas tecnologías y regulación internacional. Identifica áreas de alta prioridad, evalúa su urgencia técnica y regulatoria, y ofrece evidencia comparada, lo que lo hace indispensable para la planificación estratégica y la toma de decisiones."
ea9e9e45596c20bf13f8,matriz_vigilancia_ampliada_Agenda_2027_2028.xlsx,ejercicio preliminar,xlsx,"Conectividad satelital, NTN y D2D",Conectividad satelital,Vigilancia tecnológica y regulatoria para la planificación del espectro,"[""Wi-Fi"", ""IMT"", ""D2D"", ""NTN"", ""5G"", ""6G"", ""LTE"", ""IA"", ""Edge computing"", ""Data centers"", ""Radiodifusión"", ""Satélites""]","[""6 GHz"", ""470-694 MHz"", ""450 MHz"", ""410-430 MHz"", ""450-470 MHz"", ""Sub-700""]","[""Europa"", ""Argentina"", ""México"", ""Nigeria"", ""UK"", ""Región 2""]","[""RSPG"", ""Cullen International"", ""GSMA"", ""CRC"", ""CITEL"", ""DOF México"", ""NERA"", ""Banco Mundial""]","[""Reguladores"", ""Operadores móviles"", ""Organismos internacionales"", ""Industria satelital"", ""Sectores productivos"", ""Radiodifusores""]","[""Armonización internacional""]",Nota técnica,"Conectividad satelital, NTN y D2D; tecnologías: Wi-Fi, IMT, D2D, NTN; bandas: 6 GHz, 470-694 MHz, 450 MHz, 410-430 MHz.",9,Alta,2,11,"Este documento es una matriz de vigilancia tecnológica y regulatoria diseñada específicamente para apoyar la formulación de la Agenda Regulatoria ANE 2027-2028. Proporciona una consolidación de temas clave, fuentes de validación, prioridades sugeridas y observaciones que son directamente aplicables a la planificación del espectro y la regulación futura."
477d456909c37856e7a2,matriz_vigilancia_ampliada_Agenda_2027_2028.xlsx,ejercicio preliminar,xlsx,"Conectividad satelital, NTN y D2D",Conectividad satelital,Identificación de temas clave para la agenda regulatoria de espectro,"[""Wi-Fi"", ""IMT"", ""D2D"", ""NTN"", ""5G"", ""6G"", ""Satélite"", ""IA""]","[""6 GHz"", ""UHF"", ""Sub-700"", ""410/450 MHz"", ""410-430 MHz"", ""450-470 MHz"", ""440-470 MHz""]","[""Región 2"", ""Colombia"", ""México"", ""Nigeria"", ""UK"", ""Argentina"", ""Europa""]","[""RSPG"", ""Cullen"", ""CEPT/ECC"", ""UIT-R"", ""CITEL"", ""FCC"", ""Ofcom"", ""ISED"", ""MinTIC"", ""ANE"", ""3GPP"", ""GSMA"", ""BNetzA"", ""ENACOM"", ""ANATEL"", ""CRC"", ""NERA"", ""Banco Mundial"", ""DNP""]","[""Reguladores"", ""Organismos internacionales"", ""Operadores móviles"", ""Industria satelital"", ""Fabricantes"", ""Consultoras""]","[""Armonización internacional""]",Nota técnica,"Conectividad satelital, NTN y D2D; tecnologías: Wi-Fi, IMT, D2D, NTN; bandas: 6 GHz, UHF, Sub-700, 410/450 MHz.",9,Alta,2,11,"Este documento es una matriz de vigilancia tecnológica y regulatoria diseñada específicamente para identificar y priorizar temas que deben ser abordados en la Agenda Regulatoria ANE 2027-2028. Proporciona una base estructurada para la formulación de proyectos, estudios y seguimientos internacionales, cubriendo aspectos críticos del espectro radioeléctrico, nuevas tecnologías y tendencias regulatorias."
4d2f55fe27cc12337a75,matriz_vigilancia_ampliada_Agenda_2027_2028.xlsx,ejercicio preliminar,xlsx,"Conectividad satelital, NTN y D2D",Conectividad satelital,Análisis de tendencias regulatorias y tecnológicas para la Agenda ANE 2027-2028,"[""5G"", ""6G"", ""NTN"", ""Satélites"", ""IoT"", ""Wi-Fi"", ""IA"", ""IMT"", ""AFC"", ""D2D"", ""MSS"", ""NGSO"", ""GSO"", ""IMT-2030"", ""5G-Advanced"", ""ISAC"", ""DTT"", ""DAB"", ""GNSS"", ""PNT""]","[""6 GHz"", ""600 MHz"", ""700 MHz"", ""Sub-THz"", ""7 GHz"", ""UHF"", ""mmWave""]",[],"[""ANE"", ""PolicyTracker"", ""ITU""]","[""Reguladores"", ""Operadores móviles"", ""Industria satelital"", ""Organismos internacionales"", ""Fabricantes""]","[""Armonización internacional""]",Nota técnica,"Conectividad satelital, NTN y D2D; tecnologías: 5G, 6G, NTN, Satélites; bandas: 6 GHz, 600 MHz, 700 MHz, Sub-THz.",9,Alta,1,10,"Este documento es fundamental para la Agenda Regulatoria ANE 2027-2028, ya que identifica y prioriza explícitamente los temas tecnológicos y regulatorios emergentes, incluyendo bandas de frecuencia críticas y nuevas tecnologías, que requieren atención y posible ajuste regulatorio en el periodo."
393733a18ec2a98e7872,matriz_vigilancia_ampliada_Agenda_2027_2028.xlsx,ejercicio preliminar,xlsx,"Conectividad satelital, NTN y D2D",Conectividad satelital,Tendencias globales en gestión del espectro y nuevas tecnologías inalámbricas,"[""D2D"", ""Spectrum sharing"", ""DTT"", ""PMSE"", ""Redes privadas"", ""CBRS"", ""5G"", ""IMT"", ""NTN"", ""MSS"", ""LEO"", ""Banda ancha satelital""]","[""6 GHz"", ""3.8-4.2 GHz"", ""4.2 GHz"", ""2 GHz"", ""2.3 GHz"", ""2.5 GHz"", ""3.4 GHz"", ""700 MHz"", ""850 MHz"", ""1800 MHz""]","[""Estados Unidos"", ""Europa/UE"", ""Australia"", ""Reino Unido"", ""Alemania""]","[""PolicyTracker"", ""UIT-R"", ""FCC"", ""Ofcom"", ""CEPT/RSPG"", ""CEPT/ECC"", ""ANATEL"", ""ENACOM"", ""ACMA"", ""3GPP"", ""EC"", ""AST SpaceMobile"", ""Vodafone"", ""BNetzA"", ""MinTIC/ANE""]","[""Reguladores nacionales"", ""Operadores móviles"", ""Industria satelital"", ""Organismos internacionales"", ""Fabricantes"", ""Industria de defensa""]","[""Compartición de espectro"", ""Renovación"", ""Armonización internacional""]",Nota técnica,"Conectividad satelital, NTN y D2D; tecnologías: D2D, Spectrum sharing, DTT, PMSE; bandas: 6 GHz, 3.8-4.2 GHz, 4.2 GHz, 2 GHz.",9,Alta,2,11,"El documento ofrece una visión estructurada de tendencias regulatorias y tecnológicas globales en gestión del espectro, redes privadas, comunicaciones satelitales (D2D/NTN/MSS), despliegue 5G y economía del espectro. Estos temas son directamente relevantes para informar y moldear la agenda regulatoria de la ANE para 2027-2028, apoyando decisiones sobre asignación de espectro, adopción de nuevas tecnologías y armonización internacional, como se indica en las implicaciones para Colombia."
61346b67b0a89d696ba5,matriz_vigilancia_ampliada_Agenda_2027_2028.xlsx,ejercicio preliminar,xlsx,Otros temas de seguimiento,Necesidades transversales,matriz_vigilancia_ampliada_Agenda_2027_2028.xlsx,[],[],[],[],[],"[""Otro""]",Seguimiento,Otros temas de seguimiento.,3,Baja,0,3,El tema Otros temas de seguimiento aporta a Necesidades transversales como insumo de seguimiento.
50bacc48ad51441dc502,matriz_vigilancia_ampliada_Agenda_2027_2028.xlsx,ejercicio preliminar,xlsx,"Conectividad satelital, NTN y D2D",Conectividad satelital,Priorización de temas para la Agenda Regulatoria ANE 2027-2028,"[""IMT"", ""Wi-Fi"", ""AFC"", ""D2D"", ""NTN"", ""MSS"", ""NGSO"", ""GSO"", ""6G"", ""5G-Advanced"", ""ISAC"", ""DTT"", ""DAB"", ""5G"", ""Redes privadas"", ""GNSS"", ""PNT"", ""IA"", ""C-V2X"", ""ECall"", ""UAS/drones"", ""IoT"", ""FWA"", ""mmWave"", ""VHF""]","[""2 GHz"", ""6 GHz"", ""942-947 MHz"", ""900 MHz"", ""947 MHz"", ""703-748 MHz"", ""758-803 MHz"", ""700 MHz"", ""748 MHz"", ""803 MHz"", ""850 MHz"", ""2100 MHz"", ""5925–6585 MHz"", ""6585 MHz"", ""6425-6585 MHz"", ""6585-7100 MHz"", ""515 MHz"", ""7100 MHz"", ""L-band"", ""1710–1780 MHz"", ""2110–2200 MHz"", ""2.1 GHz"", ""1780 MHz"", ""2200 MHz"", ""1618–1626 MHz"", ""1626 MHz"", ""19.7-20.2 GHz"", ""20.2 GHz"", ""708-718 MHz"", ""763-773 MHz"", ""3.5 GHz"", ""6.425–7.125 GHz"", ""7.125-7.250 GHz"", ""7.250 GHz"", ""400 MHz"", ""7.125-7.225 GHz"", ""3.6-3.7 GHz"", ""7 GHz"", ""7.225 GHz"", ""3.7 GHz"", ""28 GHz"", ""26 GHz"", ""174–216 MHz"", ""470–608 MHz"", ""600 MHz"", ""216 MHz"", ""608 MHz"", ""UHF"", ""470–614 MHz"", ""614 MHz"", ""3.8-4.2 GHz"", ""4.2 GHz"", ""24.25–26.5 GHz"", ""2.6 GHz"", ""3.4 GHz"", ""26.5 GHz"", ""2.3 GHz"", ""2.5 GHz"", ""1800 MHz"", ""935-944 MHz"", ""944-953 MHz"", ""953 MHz"", ""800 MHz"", ""226 MHz"", ""4.2-4.4 GHz"", ""8.4–8.5 GHz"", ""6.425-7.25 GHz"", ""4.4 GHz"", ""8.5 GHz"", ""6.9 GHz"", ""C-band"", ""1430-1444 MHz"", ""4 GHz"", ""1444 MHz"", ""1.4 GHz"", ""5.9 GHz"", ""3.7–4.2 GHz"", ""3.98–4.2 GHz"", ""180 MHz"", ""3.7–3.98 GHz"", ""3.98–4.0 GHz"", ""4.0 GHz"", ""100 MHz"", ""3.89-4.2 GHz"", ""4.0-4.2 GHz"", ""7-8 GHz"", ""3600 MHz"", ""470–510 MHz"", ""510 MHz""]","[""Estados Unidos"", ""Indonesia"", ""Rusia"", ""Suecia"", ""Unión Europea"", ""Reino Unido"", ""Australia"", ""Bangladesh"", ""Brasil"", ""Japón"", ""Arabia Saudita"", ""Finlandia"", ""Croacia"", ""Perú"", ""Francia"", ""Suiza"", ""Singapur"", ""Polonia"", ""China"", ""Albania"", ""Bélgica"", ""Costa Rica"", ""Hong Kong"", ""India"", ""Alemania"", ""Islas Malvinas""]","[""UIT-R"", ""CITEL"", ""CEPT/ECC"", ""RSPG"", ""FCC"", ""Ofcom"", ""BNetzA"", ""ACMA"", ""ANFR/ARCEP"", ""ANATEL"", ""ENACOM"", ""UKE"", ""Comisión Europea"", ""3GPP"", ""GSA"", ""GSMA"", ""ETSI"", ""BEREC"", ""NTIA"", ""ESA"", ""ANE"", ""MinTIC"", ""APT"", ""Reguladores nacionales"", ""Ministerios TIC"", ""Autoridades de competencia"", ""Operadores móviles"", ""Agencias de navegación/PNT"", ""Reguladores audiovisuales y TIC"", ""Reguladores satelitales""]","[""Reguladores"", ""Operadores móviles"", ""Organismos internacionales"", ""Fabricantes de equipos"", ""Industria satelital"", ""Autoridades de competencia"", ""Ministerios"", ""Agencias de navegación"", ""Reguladores audiovisuales"", ""Industria de contenidos""]","[""Subasta"", ""Asignación de espectro""]",Nota técnica,"Conectividad satelital, NTN y D2D; tecnologías: IMT, Wi-Fi, AFC, D2D; bandas: 2 GHz, 6 GHz, 942-947 MHz, 900 MHz.",9,Alta,2,11,"Este documento es altamente relevante ya que identifica y prioriza directamente temas, tecnologías y bandas de frecuencia clave para la Agenda Regulatoria ANE 2027-2028. Proporciona una visión estructurada de las tendencias emergentes en gestión del espectro, regulación internacional y nuevas tecnologías inalámbricas (ej. 6G, NTN, redes privadas, banda de 6 GHz), ofreciendo un insumo fundamental para la planificación estratégica y la toma de decisiones sobre futuras iniciativas regulatorias."
28ff571056fe79ef708e,matriz_vigilancia_ampliada_Agenda_2027_2028.xlsx,ejercicio preliminar,xlsx,"Conectividad satelital, NTN y D2D",Conectividad satelital,Evaluación y priorización de temas para la Agenda Regulatoria de Espectro ANE 2027-2028,"[""IMT"", ""Wi-Fi"", ""AFC"", ""D2D"", ""NTN"", ""MSS"", ""NGSO"", ""GSO"", ""6G"", ""IMT-2030"", ""5G-Advanced"", ""ISAC"", ""DTT"", ""DAB"", ""5G"", ""Redes privadas"", ""GNSS"", ""PNT"", ""IA"", ""UAS/drones"", ""C-V2X"", ""ECall"", ""2G"", ""3G"", ""FWA"", ""Radioaltímetros"", ""mmWave""]","[""6 GHz"", ""600 MHz"", ""700 MHz"", ""Sub-THz"", ""7 GHz"", ""UHF"", ""470-694 MHz"", ""Upper C-band"", ""900 MHz"", ""26 GHz"", ""28 GHz"", ""Banda Q"", ""Banda V"", ""Banda E"", ""Banda S"", ""banda Ka""]","[""Colombia""]","[""ANE"", ""PolicyTracker"", ""CMR-27"", ""WRC-27"", ""RSPG""]","[""Reguladores"", ""Operadores de telecomunicaciones"", ""Industria satelital"", ""Organismos internacionales"", ""Fabricantes de equipos"", ""Sector defensa y seguridad"", ""Industria de radiodifusión""]","[""Asignación de espectro"", ""Armonización internacional""]",Nota técnica,"Conectividad satelital, NTN y D2D; tecnologías: IMT, Wi-Fi, AFC, D2D; bandas: 6 GHz, 600 MHz, 700 MHz, Sub-THz.",9,Alta,2,11,"El documento es directamente relevante para la Agenda Regulatoria ANE 2027-2028, ya que su propósito explícito es evaluar y priorizar temas para dicha agenda. Proporciona una estructura de análisis con criterios específicos (impacto Colombia, competencias ANE, urgencia, madurez) que permiten identificar iniciativas clave en gestión del espectro, nuevas tecnologías, regulación internacional y vigilancia, ofreciendo una hoja de ruta clara para la planificación estratégica y la toma de decisiones regulatorias."
1b227b465c64ed8ca92a,matriz_vigilancia_ampliada_Agenda_2027_2028.xlsx,ejercicio preliminar,xlsx,"Conectividad satelital, NTN y D2D",Conectividad satelital,Ajuste de la Agenda Regulatoria ANE 2027-2028 basado en tendencias de espectro y telecomunicaciones,"[""IMT"", ""6G"", ""FWA"", ""5G"", ""D2D"", ""NTN"", ""MSS"", ""PNT/GNSS"", ""CBRS"", ""AFC"", ""SAS"", ""DTT"", ""DAB"", ""IA"", ""ESIM"", ""NGSO/GSO""]","[""6 GHz"", ""700 MHz"", ""3.8–4.2 GHz"", ""440–470 MHz"", ""900 MHz"", ""2 GHz MSS"", ""7 GHz"", ""8 GHz"", ""E-band"", ""banda Ka"", ""UHF""]",[],"[""PolicyTracker"", ""MinTIC"", ""WRC-27"", ""APT"", ""Starlink"", ""AST"", ""Lynk"", ""Omnispace""]","[""Reguladores"", ""Operadores móviles"", ""Industria satelital"", ""Proveedores de servicios de emergencia"", ""Fabricantes de tecnología""]","[""Asignación de espectro"", ""Compartición de espectro"", ""Armonización internacional""]",Nota técnica,"Conectividad satelital, NTN y D2D; tecnologías: IMT, 6G, FWA, 5G; bandas: 6 GHz, 700 MHz, 3.8–4.2 GHz, 440–470 MHz.",9,Alta,1,10,"Este documento es fundamental para la formulación de la Agenda Regulatoria ANE 2027-2028, ya que su propósito explícito es sugerir ajustes y nuevas líneas de acción basadas en tendencias globales y necesidades internas. Proporciona una hoja de ruta detallada de temas críticos relacionados con la gestión del espectro, nuevas tecnologías, regulación internacional y servicios esenciales, que deben ser considerados prioritarios en la planificación regulatoria futura."
f2adeceacaf14142be0a,matriz_vigilancia_ampliada_Agenda_2027_2028.xlsx,ejercicio preliminar,xlsx,"Conectividad satelital, NTN y D2D",Conectividad satelital,Temas recomendados para la Agenda Regulatoria ANE 2027-2028,"[""Redes privadas"", ""GNSS/PNT"", ""Wi-Fi"", ""IMT"", ""D2D"", ""NTN"", ""MSS"", ""NGSO/GSO"", ""IA"", ""6G"", ""5G-Advanced"", ""ISAC"", ""2G/3G"", ""DTT"", ""DAB"", ""5G"", ""FWA"", ""PMSE"", ""Guerra electrónica""]","[""6 GHz"", ""Sub-THz"", ""7 GHz"", ""Banda Q"", ""Banda V"", ""Banda E"", ""Banda S"", ""banda Ka"", ""600 MHz"", ""700 MHz"", ""UHF"", ""900 MHz"", ""26 GHz"", ""28 GHz"", ""mmWave"", ""Upper C-band""]","[""Estados Unidos"", ""Canadá"", ""Nueva Zelanda"", ""Colombia"", ""Alemania"", ""Reino Unido"", ""Francia"", ""Bélgica"", ""Brasil"", ""Argentina"", ""Australia"", ""Europa""]","[""PolicyTracker"", ""Ofcom"", ""BNetzA"", ""FCC"", ""CEPT/ECC"", ""ANATEL"", ""ENACOM"", ""UIT-R"", ""CITEL"", ""ACMA"", ""ANFR/ARCEP"", ""RSPG"", ""NTIA"", ""ESA"", ""MinTIC"", ""ANE"", ""3GPP"", ""Comisión Europea"", ""EASA"", ""UAEAC"", ""FirstNet"", ""BEREC"", ""ETSI"", ""GSA"", ""GSMA"", ""ISED Canadá"", ""BIPT"", ""RSM Nueva Zelanda"", ""APT"", ""Connect Europe""]","[""Reguladores nacionales"", ""Operadores móviles"", ""Organismos internacionales"", ""Industria satelital"", ""Autoridades de navegación/PNT"", ""Autoridades aeronáuticas"", ""Autoridades de emergencia"", ""Ministerios TIC"", ""Autoridades de defensa"", ""Autoridades de competencia"", ""Industria audiovisual y TIC"", ""Fabricantes""]","[""Compartición de espectro"", ""Armonización internacional""]",Nota técnica,"Conectividad satelital, NTN y D2D; tecnologías: Redes privadas, GNSS/PNT, Wi-Fi, IMT; bandas: 6 GHz, Sub-THz, 7 GHz, Banda Q.",9,Alta,2,11,"El documento es directamente una propuesta de temas para la Agenda Regulatoria ANE 2027-2028, identificando prioridades, tratamientos recomendados, relación con la agenda vigente y fuentes primarias a consultar. Proporciona una base estructurada para la planificación regulatoria futura en áreas clave como el espectro, nuevas tecnologías, y vigilancia."
b7e829df504501150c7d,vigilancia_tecnologica_News_DPL_TeleSemana_Agenda_2027_2028.xlsx,ejercicio preliminar,xlsx,Otros temas de seguimiento,Necesidades transversales,Metodología de vigilancia tecnológica para agenda regulatoria,[],[],[],"[""DPL News"", ""TeleSemana"", ""ANE""]","[""Reguladores"", ""Analistas de vigilancia tecnológica"", ""Medios especializados""]","[""Otro""]",Seguimiento,Otros temas de seguimiento.,7,Alta,1,8,"Este documento es de alta relevancia porque describe la metodología y el alcance de la vigilancia tecnológica que directamente alimenta la formulación de la Agenda Regulatoria ANE 2027-2028. Aunque no contiene el detalle de los hallazgos, establece el marco para su identificación y priorización."
e7f8f8ecb0250b7d428e,vigilancia_tecnologica_News_DPL_TeleSemana_Agenda_2027_2028.xlsx,ejercicio preliminar,xlsx,"Conectividad satelital, NTN y D2D",Conectividad satelital,Gestión del espectro para nuevas tecnologías y redes privadas en América Latina,"[""D2D"", ""Conectividad satelital"", ""4G"", ""5G"", ""6G"", ""LEO"", ""Banda ancha satelital a celulares"", ""IoT"", ""Wi-Fi"", ""Wi-Fi 7"", ""IMT"", ""NTN"", ""IA""]","[""Banda L MSS"", ""1670-1675 MHz"", ""2300-2400 MHz"", ""6425-7125 MHz"", ""2500-2690 MHz"", ""3300-3600 MHz"", ""5925-7125 MHz"", ""3.5 GHz"", ""Bandas bajo estudio CMR-27""]","[""Estados Unidos"", ""Canadá"", ""Global"", ""Europa"", ""Japón"", ""Argentina"", ""América Latina"", ""Panamá"", ""Colombia"", ""México"", ""Uruguay""]","[""AST SpaceMobile"", ""DPL News"", ""Enacom"", ""GSMA"", ""ASEP Panamá"", ""MinTIC"", ""ANE"", ""UIT-R"", ""CITEL"", ""RSPG/CEPT"", ""LAC-ISP"", ""IFT México"", ""TXM Global Services"", ""CAMIMEX"", ""FCC"", ""Ligado"", ""Inmarsat"", ""Viasat"", ""3GPP""]","[""Reguladores nacionales"", ""Operadores móviles"", ""Proveedores de servicios de internet"", ""Empresas de conectividad satelital"", ""Organismos internacionales"", ""Industria satelital"", ""Fabricantes de equipos"", ""Sectores productivos"", ""Integradores de redes""]","[""Asignación de espectro"", ""Armonización internacional""]",Nota técnica,"Conectividad satelital, NTN y D2D; tecnologías: D2D, Conectividad satelital, 4G, 5G; bandas: Banda L MSS, 1670-1675 MHz, 2300-2400 MHz, 6425-7125 MHz.",9,Alta,2,11,"Este documento es altamente relevante para la Agenda Regulatoria ANE 2027-2028, ya que proporciona un panorama actualizado de las tendencias tecnológicas y regulatorias en gestión del espectro a nivel regional e internacional. Aborda directamente temas críticos como la regulación de D2D/NTN, el diseño de mecanismos de acceso al espectro para redes privadas, el futuro de la banda de 6 GHz, el seguimiento del despliegue 5G y la preparación para la CMR-27. La información es crucial para la formulación de lineamientos, estudios de coexistencia, análisis económico-regulatorios y el diseño participativo de políticas."
2e183268bfadc48cc562,vigilancia_tecnologica_News_DPL_TeleSemana_Agenda_2027_2028.xlsx,ejercicio preliminar,xlsx,"Conectividad satelital, NTN y D2D",Conectividad satelital,Tendencias regulatorias y tecnológicas en gestión del espectro para nuevas aplicaciones,"[""D2D"", ""5G"", ""6G"", ""NTN"", ""IoT"", ""Wi-Fi"", ""Redes privadas"", ""LEO"", ""IA"", ""IMT (International Mobile Telecommunications)"", ""Wi-Fi 7""]","[""Banda L MSS"", ""1670-1675 MHz"", ""2300-2400 MHz"", ""6 GHz"", ""6425-7125 MHz"", ""5925-7125 MHz"", ""2500-2690 MHz"", ""3300-3600 MHz"", ""3.5 GHz"", ""Bandas bajo estudio CMR-27""]","[""Estados Unidos"", ""Canadá"", ""Argentina"", ""Panamá"", ""México"", ""Uruguay"", ""América Latina"", ""Europa"", ""Japón"", ""Colombia""]","[""AST SpaceMobile"", ""DPL News"", ""Enacom"", ""GSMA"", ""ASEP"", ""LAC-ISP"", ""IFT"", ""CAMIMEX"", ""CITEL"", ""FCC"", ""Ligado"", ""Inmarsat"", ""Viasat"", ""UIT-R"", ""3GPP NTN"", ""MinTIC"", ""ANE"", ""RSPG"", ""CEPT""]","[""Reguladores"", ""Operadores móviles"", ""Fabricantes"", ""Organismos internacionales"", ""Industria satelital"", ""Proveedores de Internet"", ""Sectores productivos"", ""Integradores de redes""]","[""Asignación de espectro"", ""Armonización internacional""]",Nota técnica,"Conectividad satelital, NTN y D2D; tecnologías: D2D, 5G, 6G, NTN; bandas: Banda L MSS, 1670-1675 MHz, 2300-2400 MHz, 6 GHz.",9,Alta,2,11,"El documento proporciona una visión estructurada de tecnologías emergentes (D2D, NTN, redes privadas, 6G), bandas de espectro críticas (Banda L, 6 GHz, 3.5 GHz) y enfoques regulatorios regionales (Argentina, México, Panamá). Aborda directamente temas como modelos de acceso al espectro, coexistencia, valoración económica y armonización internacional, todos fundamentales para la formulación de la Agenda Regulatoria ANE 2027-2028, especialmente en lo referente a futuras asignaciones de espectro y autorización de nuevos servicios."
15e05ee10e72341529a8,vigilancia_tecnologica_News_DPL_TeleSemana_Agenda_2027_2028.xlsx,ejercicio preliminar,xlsx,"Conectividad satelital, NTN y D2D",Conectividad satelital,Tendencias regulatorias y tecnológicas en la gestión del espectro para la conectividad futura,"[""D2D"", ""LEO"", ""Banda ancha satelital a celulares"", ""Redes privadas"", ""IoT"", ""IMT (International Mobile Telecommunications)"", ""5G"", ""6G"", ""Wi-Fi"", ""Wi-Fi 7"", ""NTN"", ""IA""]","[""Banda L MSS"", ""1670-1675 MHz"", ""2300-2400 MHz"", ""6425-7125 MHz"", ""2500-2690 MHz"", ""3300-3600 MHz"", ""5925-7125 MHz"", ""3.5 GHz"", ""Bandas bajo estudio CMR-27""]","[""Estados Unidos"", ""Canadá"", ""Global"", ""Europa"", ""Japón"", ""Argentina"", ""América Latina"", ""Panamá"", ""México"", ""Uruguay"", ""Colombia""]","[""AST SpaceMobile"", ""Ligado"", ""Inmarsat"", ""Viasat"", ""FCC"", ""UIT-R"", ""CITEL"", ""Enacom"", ""GSMA"", ""MinTIC"", ""ANE"", ""ASEP Panamá"", ""RSPG/CEPT"", ""LAC-ISP"", ""IFT México"", ""TXM Global Services"", ""CAMIMEX""]","[""Reguladores"", ""Operadores móviles"", ""Fabricantes"", ""Organismos internacionales"", ""Industria satelital"", ""Proveedores de Internet"", ""Empresas de telecomunicaciones"", ""Sectores productivos/verticales industriales"", ""Integradores de redes""]","[""Asignación de espectro"", ""Armonización internacional""]",Nota técnica,"Conectividad satelital, NTN y D2D; tecnologías: D2D, LEO, Banda ancha satelital a celulares, Redes privadas; bandas: Banda L MSS, 1670-1675 MHz, 2300-2400 MHz, 6425-7125 MHz.",9,Alta,2,11,"El documento proporciona una visión actualizada de las tendencias regulatorias y tecnológicas en América Latina y a nivel global, directamente relacionadas con la gestión del espectro radioeléctrico. Aborda temas críticos como la asignación de espectro para redes privadas, el futuro de bandas clave como 6 GHz, el desarrollo de D2D/NTN y el despliegue de 5G, todos ellos insumos fundamentales para la formulación de la Agenda Regulatoria ANE 2027-2028. Las implicaciones para Colombia y las acciones sugeridas en el texto refuerzan su alta relevancia."
20cd3005dd34031fad83,vigilancia_tecnologica_News_DPL_TeleSemana_Agenda_2027_2028.xlsx,ejercicio preliminar,xlsx,"Conectividad satelital, NTN y D2D",Conectividad satelital,Priorización de temas regulatorios para la gestión del espectro y nuevas tecnologías,"[""Wi-Fi"", ""Wi-Fi 7"", ""5G"", ""6G"", ""IMT-2030"", ""D2D"", ""NTN"", ""Satélites"", ""IoT"", ""IMT"", ""FWA""]","[""6 GHz"", ""6425-7125 MHz"", ""5925-7125 MHz"", ""2300-2400 MHz"", ""3.5 GHz"", ""Banda L MSS"", ""1670-1675 MHz"", ""600 MHz"", ""700 MHz"", ""2.5 GHz"", ""27.5-28.35 GHz""]","[""América Latina"", ""Panamá"", ""Europa"", ""Brasil"", ""México"", ""Colombia"", ""Argentina"", ""Costa Rica"", ""EE. UU."", ""Canadá"", ""Francia"", ""India"", ""Chile"", ""Uruguay"", ""Región 2""]","[""DPL News"", ""TeleSemana"", ""GSMA"", ""Ookla"", ""ENACOM"", ""IFT"", ""3GPP"", ""UIT"", ""FCC"", ""ANFR"", ""ARCEP"", ""CITEL"", ""UIT-R"", ""ANATEL""]","[""Reguladores"", ""Operadores móviles"", ""Fabricantes"", ""Organismos internacionales"", ""Industria satelital"", ""ISP"", ""Industria vertical""]","[""Armonización internacional""]",Nota técnica,"Conectividad satelital, NTN y D2D; tecnologías: Wi-Fi, Wi-Fi 7, 5G, 6G; bandas: 6 GHz, 6425-7125 MHz, 5925-7125 MHz, 2300-2400 MHz.",9,Alta,2,11,"El documento es una matriz de vigilancia tecnológica que consolida y prioriza temas regulatorios clave para la gestión del espectro y las nuevas tecnologías, con una clara alineación temporal (2027-2028). Proporciona justificaciones, evidencias internacionales y posibles productos regulatorios, siendo una base directa para la formulación de la Agenda Regulatoria ANE."
c4548892d7fc87f8a91e,vigilancia_tecnologica_News_DPL_TeleSemana_Agenda_2027_2028.xlsx,ejercicio preliminar,xlsx,"Conectividad satelital, NTN y D2D",Conectividad satelital,Vigilancia tecnológica y regulatoria para la gestión del espectro y nuevas tecnologías,"[""IMT"", ""D2D"", ""5G"", ""5G-Advanced"", ""RedCap"", ""MRSS"", ""6G"", ""NTN"", ""FWA"", ""Wi-Fi 7"", ""Wi-Fi"", ""MSS""]","[""6 GHz"", ""7/8 GHz"", ""2.3 GHz"", ""3.5 GHz"", ""600 MHz"", ""2.5 GHz"", ""700 MHz""]","[""Argentina"", ""México"", ""Panamá"", ""Chile"", ""Costa Rica"", ""Brasil""]","[""UIT-R"", ""CPM"", ""WRC-27"", ""CMR-27"", ""CITEL PCC.II"", ""3GPP"", ""ENACOM Argentina"", ""IFT México"", ""ATDT México"", ""DOF"", ""ASEP Panamá"", ""SUBTEL Chile"", ""MICITT Costa Rica"", ""SUTEL Costa Rica"", ""ANATEL Brasil"", ""FCC"", ""ISED"", ""ARCEP"", ""ANFR"", ""GSMA"", ""GSA"", ""Ookla"", ""Wi-Fi Alliance""]","[""Reguladores"", ""Organismos internacionales"", ""Industria"", ""Operadores móviles"", ""Fabricantes"", ""Industria satelital""]","[""Subasta"", ""Asignación de espectro"", ""Armonización internacional""]",Nota técnica,"Conectividad satelital, NTN y D2D; tecnologías: IMT, D2D, 5G, 5G-Advanced; bandas: 6 GHz, 7/8 GHz, 2.3 GHz, 3.5 GHz.",9,Alta,2,11,"El documento es una matriz de vigilancia tecnológica y regulatoria que identifica fuentes primarias y temas clave directamente relacionados con la gestión del espectro, nuevas tecnologías inalámbricas (5G, 6G, NTN, Wi-Fi 7), y agendas regulatorias de diversos países y organismos internacionales. Esta información es fundamental para anticipar tendencias, identificar puntos de agenda de la WRC-27, y validar propuestas interamericanas, lo cual es crucial para la formulación estratégica de la Agenda Regulatoria ANE 2027-2028."
db4bee99de48c186ac1d,5G-mmWave-Spectrum.pdf,GSMA,pdf,Disponibilidad de espectro para IMT,Disponibilidad de espectro,Estimación de necesidades de espectro mmWave para 5G hasta 2030,"[""5G"", ""FWA"", ""EMBB"", ""Industry 4.0"", ""IoT"", ""AR/VR"", ""AGVs""]","[""mmWave"", ""26 GHz"", ""28 GHz"", ""40 GHz"", ""66 GHz"", ""Banda baja"", ""Banda media"", ""Sub-7 GHz""]","[""Global"", ""Países en desarrollo""]","[""GSMA"", ""GSMA Intelligence"", ""ITU"", ""Coleago Consulting Ltd""]","[""Operadores móviles"", ""Reguladores"", ""Fabricantes"", ""Industria"", ""Consumidores""]","[""Asignación de espectro""]",Ajuste a iniciativa existente,"Disponibilidad de espectro para IMT; tecnologías: 5G, FWA, EMBB, Industry 4.0; bandas: mmWave, 26 GHz, 28 GHz, 40 GHz.",10,Alta,3,13,"Este informe proporciona información crítica sobre los requisitos futuros de espectro mmWave para 5G, FWA y redes empresariales hasta 2030. Ofrece recomendaciones de política concretas para la asignación del espectro y subraya la importancia de un enfoque holístico para su liberación, lo cual es directamente aplicable a la planificación estratégica de la ANE para la agenda regulatoria 2027-2028, particularmente en gestión del espectro y despliegue de tecnologías futuras."
6f55b638400023534548,5G-Spectrum-Public-Policy-Paper.pdf,GSMA,pdf,Disponibilidad de espectro para IMT,Disponibilidad de espectro,Recomendaciones de política para el espectro 5G,"[""5G"", ""5G-Advanced"", ""4G"", ""IoT"", ""IA"", ""Realidad Virtual"", ""Vehículos conectados"", ""Fixed Wireless Access (FWA)"", ""Network Slicing"", ""Mobile Edge Computing""]","[""Low-band (below 1 GHz)"", ""Mid-band (1-8.4 GHz)"", ""High-band (above 24 GHz)"", ""mmWave"", ""600 MHz"", ""700 MHz"", ""800 MHz"", ""900 MHz"", ""1500 MHz"", ""1700 MHz"", ""1800 MHz"", ""2.1 GHz"", ""2.3 GHz"", ""2.6 GHz"", ""3.5 GHz"", ""4.8 GHz"", ""6 GHz"", ""26 GHz"", ""28 GHz""]",[],"[""GSMA"", ""3GPP"", ""ITU"", ""WRC""]","[""Reguladores"", ""Operadores móviles"", ""Gobiernos"", ""Industria móvil"", ""Fabricantes""]","[""Asignación de espectro"", ""Armonización internacional""]",Ajuste a iniciativa existente,"Disponibilidad de espectro para IMT; tecnologías: 5G, 5G-Advanced, 4G, IoT; bandas: Low-band (below 1 GHz), Mid-band (1-8.4 GHz), High-band (above 24 GHz), mmWave.",10,Alta,2,12,"Este documento es altamente relevante para la Agenda Regulatoria ANE 2027-2028. Publicado en 2025 por la GSMA, una organización líder en el ecosistema móvil, ofrece recomendaciones actualizadas y detalladas sobre la gestión del espectro 5G. Cubre aspectos cruciales como la asignación de bandas (bajas, medias, altas), la armonización internacional, el impacto de los precios del espectro en la inversión y la cobertura, las redes privadas, y el uso eficiente del espectro. Sus directrices son directamente aplicables para la formulación de políticas regulatorias que impulsen el despliegue y la evolución del 5G y 5G-Advanced en Colombia."
eaa74f8175df8c9d04e3,GSMA-Voice-Comms-Evolution-whitepaper-May-25.pdf,GSMA,pdf,Disponibilidad de espectro para IMT,Disponibilidad de espectro,Evolución de los servicios de comunicación móvil hacia 6G y Realidad Extendida,"[""VoLTE"", ""ViLTE"", ""IMS"", ""5G"", ""6G"", ""RCS"", ""SIP"", ""IP"", ""IA"", ""AR"", ""XR"", ""OTT services"", ""CS-fallback"", ""VoNR"", ""IMS Data Channel"", ""Web technologies""]",[],"[""China"", ""Europa""]","[""GSMA"", ""3GPP"", ""Operadores de redes móviles"", ""Fabricantes de smartphones"", ""Proveedores de dialers"", ""Desarrolladores de terceros""]","[""Reguladores"", ""Operadores móviles"", ""Fabricantes de dispositivos"", ""Organismos internacionales"", ""Desarrolladores de software"", ""Usuarios/clientes"", ""Proveedores de servicios OTT""]","[""Otro""]",Ajuste a iniciativa existente,"Disponibilidad de espectro para IMT; tecnologías: VoLTE, ViLTE, IMS, 5G.",9,Alta,3,12,"El documento es altamente relevante para la Agenda Regulatoria ANE 2027-2028 porque aborda la evolución de los servicios de comunicación móvil hacia 5G y 6G, incluyendo tecnologías como la Realidad Extendida (XR) e Inteligencia Artificial (AI). Destaca los desafíos de estandarización, adopción y monetización para los operadores, así como la necesidad de un ecosistema de soporte. Esta información es crucial para anticipar las necesidades regulatorias en gestión del espectro, nuevas tecnologías inalámbricas, conectividad y la formulación de políticas que fomenten la inversión y el despliegue de servicios avanzados en Colombia."
af66650fabd79530d6c7,Spectrum-and-Rural-Connectivity.pdf,GSMA,pdf,Disponibilidad de espectro para IMT,Disponibilidad de espectro,Espectro y conectividad rural,"[""4G"", ""5G"", ""IMT"", ""Internet móvil"", ""Redes móviles""]","[""Sub-1 GHz"", ""700 MHz"", ""2.6 GHz"", ""3.5–3.8 GHz"", ""600 MHz"", ""Bandas bajas"", ""Bandas medias""]","[""Australia"", ""Reino Unido"", ""Países de ingresos bajos y medios"", ""Países de ingresos altos""]","[""GSMA"", ""GSMA Intelligence"", ""Coleago Consulting""]","[""Reguladores"", ""Operadores móviles"", ""Gobiernos"", ""Fabricantes"", ""Instituciones financieras"", ""Usuarios rurales"", ""Industria móvil""]","[""Compartición de espectro""]",Ajuste a iniciativa existente,"Disponibilidad de espectro para IMT; tecnologías: 4G, 5G, IMT, Internet móvil; bandas: Sub-1 GHz, 700 MHz, 2.6 GHz, 3.5–3.8 GHz.",10,Alta,3,13,"El documento ofrece un análisis profundo y recomendaciones concretas sobre políticas de espectro para mejorar la conectividad rural, un pilar fundamental para cualquier agenda regulatoria de telecomunicaciones. Aborda la importancia de las bandas bajas, la gestión de costos del espectro, la compartición de infraestructura y las obligaciones de inversión, temas directamente aplicables a la formulación de la Agenda Regulatoria ANE 2027-2028 para fomentar el despliegue y uso eficiente del espectro en Colombia."
af95d81f875e9c56de59,Spectrum-for-Digitalisation-Public-Policy-Paper.pdf,GSMA,pdf,Disponibilidad de espectro para IMT,Disponibilidad de espectro,Políticas de espectro para la digitalización y redes locales,"[""5G"", ""5G-Advanced"", ""6G"", ""IoT"", ""NB-IoT"", ""Redes privadas"", ""Redes no públicas"", ""Network Slicing"", ""IA"", ""Cloud storage"", ""Cloud computing"", ""Conectividad inalámbrica"", ""Redes locales""]","[""Mid-bands"", ""mmWave"", ""High-band spectrum"", ""Low bands (<1 GHz)"", ""Coverage bands""]","[""Francia (Paris)"", ""Singapur""]","[""GSMA"", ""Orange"", ""Singtel"", ""GSMA Intelligence"", ""The Mobile Network"", ""National University Hospital""]","[""Reguladores"", ""Gobiernos"", ""Operadores móviles"", ""Empresas"", ""Industria"", ""Proveedores de servicios especializados"", ""Consumidores""]","[""Compartición de espectro""]",Ajuste a iniciativa existente,"Disponibilidad de espectro para IMT; tecnologías: 5G, 5G-Advanced, 6G, IoT; bandas: Mid-bands, mmWave, High-band spectrum, Low bands (<1 GHz).",10,Alta,3,13,"El documento ofrece posiciones políticas y recomendaciones de la GSMA sobre la gestión del espectro para la digitalización, redes locales y tecnologías emergentes (5G, 6G, IoT, IA). Proporciona información clave sobre enfoques regulatorios (licencias, compartición de espectro, reservas) y la importancia de las bandas armonizadas, aspectos cruciales para la Agenda Regulatoria ANE 2027-2028 en la promoción de la conectividad y el desarrollo económico."
