senal_regulatoria,tema_estrategico,linea_pmge,tipo_insumo_agenda,relevancia_label,num_documentos,num_fuentes,fuentes,tecnologias,bandas_frecuencia,evidencia,relevancia_score_promedio,actividad_score_promedio,prioridad_score
Actualización de la agenda regulatoria de telecomunicaciones y espectro en Ecuador,Armonización y gestión internacional,Gestión internacional del espectro,Seguimiento,Alta,1,1,Cullen International,"Servicios móviles, Servicios de internet, Redes comunitarias","Bandas de espectro, Frecuencias","Armonización y gestión internacional; tecnologías: Servicios móviles, Servicios de internet, Redes comunitarias; bandas: Bandas de espectro, Frecuencias.",10.0,3.0,13.0
Actualización de la regulación de compartición de espectro para sistemas satelitales LEO en EE. UU.,"Conectividad satelital, NTN y D2D",Conectividad satelital,Nota técnica,Alta,1,1,Cullen International,"LEO, D2D, Cobertura suplementaria desde el espacio (SCS), Beamforming, Tecnologías de gestión de interferencias, Constelaciones NGSO, Diseño satelital","1610–1626.5 MHz, 2483.5–2500 MHz, 1.5 GHz MSS, 2 GHz MSS, 900 MHz, Banda E, Banda V, banda Ku, banda Ka, Banda W, 14.5–14.8 GHz, 17.3–17.8 GHz, 18.6–18.8 GHz, 51.4–52.4 GHz, 92.0–94.0 GHz, 94.1–95.0 GHz, 95.0–100.0 GHz, 102.0–109.5 GHz, 111.8–114.25 GHz","Conectividad satelital, NTN y D2D; tecnologías: LEO, D2D, Cobertura suplementaria desde el espacio (SCS), Beamforming; bandas: 1610–1626.5 MHz, 2483.5–2500 MHz, 1.5 GHz MSS, 2 GHz MSS.",10.0,3.0,13.0
Actualización del plan nacional de frecuencias de Panamá para IMT y NTN,"Conectividad satelital, NTN y D2D",Conectividad satelital,Nota técnica,Alta,1,1,Cullen International,"IMT, FWA, NTN, D2D, Redes móviles celulares, Sistemas satelitales, Sistemas terrestres","2.6 GHz, 3.5 GHz, 3600–3800 MHz, 2500–2690 MHz, 3300–3600 MHz","Conectividad satelital, NTN y D2D; tecnologías: IMT, FWA, NTN, D2D; bandas: 2.6 GHz, 3.5 GHz, 3600–3800 MHz, 2500–2690 MHz.",10.0,3.0,13.0
Adjudicación de espectro 3.5 GHz en Paraguay,Disponibilidad de espectro para IMT,Disponibilidad de espectro,Ajuste a iniciativa existente,Alta,1,1,Cullen International,"Tecnologías inalámbricas, Servicios de internet, Banda ancha móvil, 5G","3.5 GHz, 3500–3550 MHz, 3550–3600 MHz, 3600–3650 MHz, 3650–3700 MHz, 3300–3350 MHz, 3350–3400 MHz, 3400–3450 MHz, 3450–3500 MHz, Bandas bajas y medias","Disponibilidad de espectro para IMT; tecnologías: Tecnologías inalámbricas, Servicios de internet, Banda ancha móvil, 5G; bandas: 3.5 GHz, 3500–3550 MHz, 3550–3600 MHz, 3600–3650 MHz.",10.0,3.0,13.0
Adjudicación de espectro en bandas 700 y 800 MHz en Polonia,Disponibilidad de espectro para IMT,Disponibilidad de espectro,Ajuste a iniciativa existente,Alta,1,1,Cullen International,"5G, 4G, Redes móviles","700 MHz, 800 MHz","Disponibilidad de espectro para IMT; tecnologías: 5G, 4G, Redes móviles; bandas: 700 MHz, 800 MHz.",10.0,3.0,13.0
Adjudicación de espectro 5G en Venezuela,Disponibilidad de espectro para IMT,Disponibilidad de espectro,Ajuste a iniciativa existente,Alta,1,1,Cullen International,"5G, Telefonía móvil, Banda ancha","2.6 GHz, 3.5 GHz, 700 MHz, AWS, 900 MHz, 1900 MHz","Disponibilidad de espectro para IMT; tecnologías: 5G, Telefonía móvil, Banda ancha; bandas: 2.6 GHz, 3.5 GHz, 700 MHz, AWS.",10.0,3.0,13.0
Adjudicación de espectro radioeléctrico en Eslovaquia,"6 GHz, Wi-Fi e IMT",Disponibilidad de espectro,Seguimiento,Alta,1,1,Cullen International,Telecomunicaciones móviles,"800 MHz, 900 MHz, 1500 MHz, 2.1 GHz, 2.6 GHz","6 GHz, Wi-Fi e IMT; tecnologías: Telecomunicaciones móviles; bandas: 800 MHz, 900 MHz, 1500 MHz, 2.1 GHz.",10.0,3.0,13.0
Adjudicación de licencias locales de espectro en Eslovenia,Disponibilidad de espectro para IMT,Disponibilidad de espectro,Ajuste a iniciativa existente,Alta,2,1,Cullen International,"Nuevas tecnologías inalámbricas, 5G, Redes privadas","2.3 GHz, 3.5 GHz, 2320-2330 MHz","Disponibilidad de espectro para IMT; tecnologías: Nuevas tecnologías inalámbricas, 5G, Redes privadas; bandas: 2.3 GHz, 3.5 GHz., Disponibilidad de espectro para IMT; tecnologías: Redes privadas; bandas: 2.3 GHz, 3.5 GHz, 2320-2330 MHz.",10.0,3.0,13.0
Análisis de tasas recurrentes por el uso de espectro móvil en Europa,Disponibilidad de espectro para IMT,Disponibilidad de espectro,Ajuste a iniciativa existente,Alta,1,1,Cullen International,Comunicaciones móviles,"450-470 MHz, 450-870 MHz, 694-790 MHz, 700 MHz, 790-960 MHz, 800 MHz, 870 MHz-2.5 GHz, 900 MHz, 1427-1517 MHz, 1500 MHz, 1710-2200 MHz, 1800 MHz, 1900-2300 MHz, 2.1 GHz, 2.3-2.69 GHz, 2.5-3.8 GHz, 2.6 GHz, 2.69-3.4 GHz, 6 GHz, 3.4-3.8 GHz, 3.5 GHz, 3.6-3.8 GHz, 3.8-24 GHz, 24-86 GHz, 24.5-26.5 GHz, 26 GHz, 42 GHz, Below 1 GHz, Between 1 GHz and 2.2 GHz, Between 2.2 GHz and 24 GHz, 0-87.5 MHz, 108-174 MHz, 235-380 MHz, 87.5-108 MHz, 174-235 MHz, 380-470 MHz, 470-960 MHz, 960-4,200 MHz, 4,200-12,750 MHz, 12,750-43,500 MHz, 43,500 MHz-92,000 MHz, Above 92 GHz","Disponibilidad de espectro para IMT; tecnologías: Comunicaciones móviles; bandas: 450-470 MHz, 450-870 MHz, 694-790 MHz, 700 MHz.",10.0,3.0,13.0
Adquisición de Globalstar por Amazon para fortalecer servicios satelitales y D2D,"Conectividad satelital, NTN y D2D",Conectividad satelital,Nota técnica,Alta,1,1,Cullen International,"LEO, D2D, Mobile Satellite Services (MSS), NTN, Internet Protocol (IP)","Satellite L-band (1–2 GHz), Satellite S-band (2–4 GHz), Terrestrial mid-band (2.4 GHz), 2483.5–2495 MHz (Band 53/n53)","Conectividad satelital, NTN y D2D; tecnologías: LEO, D2D, Mobile Satellite Services (MSS), NTN; bandas: Satellite L-band (1–2 GHz), Satellite S-band (2–4 GHz), Terrestrial mid-band (2.4 GHz), 2483.5–2495 MHz (Band 53/n53).",10.0,3.0,13.0
Adquisición de Globalstar por Amazon y sus implicaciones para la conectividad satelital y el espectro,"Conectividad satelital, NTN y D2D",Conectividad satelital,Nota técnica,Alta,1,1,Cullen International,"LEO, D2D, Mobile Satellite Services (MSS), NTN, Redes satelitales, RAN platform","Satellite L-band (1–2 GHz), Satellite S-band (2–4 GHz), Terrestrial mid-band (2.4 GHz), 2483.5–2495 MHz (Band 53/n53)","Conectividad satelital, NTN y D2D; tecnologías: LEO, D2D, Mobile Satellite Services (MSS), NTN; bandas: Satellite L-band (1–2 GHz), Satellite S-band (2–4 GHz), Terrestrial mid-band (2.4 GHz), 2483.5–2495 MHz (Band 53/n53).",10.0,3.0,13.0
Ajuste regulatorio y límites de espectro en Colombia,"6 GHz, Wi-Fi e IMT",Disponibilidad de espectro,Seguimiento,Alta,1,1,Cullen International,Telecomunicaciones móviles,"Bandas bajas (<1 GHz), Bandas medias (1-3 GHz), 6 GHz","6 GHz, Wi-Fi e IMT; tecnologías: Telecomunicaciones móviles; bandas: Bandas bajas (<1 GHz), Bandas medias (1-3 GHz), 6 GHz.",10.0,3.0,13.0
Anulación de la base legal de la subasta 5G alemana por sesgo regulatorio,Disponibilidad de espectro para IMT,Disponibilidad de espectro,Ajuste a iniciativa existente,Alta,1,1,Cullen International,"5G, Redes móviles","2.1 GHz, 3.4–3.7 GHz","Disponibilidad de espectro para IMT; tecnologías: 5G, Redes móviles; bandas: 2.1 GHz, 3.4–3.7 GHz.",10.0,3.0,13.0
Anatel adopta reglas para la subasta de bloques regionales de espectro de 700 MHz,Disponibilidad de espectro para IMT,Disponibilidad de espectro,Ajuste a iniciativa existente,Alta,1,1,Cullen International,"4G, 5G","700 MHz, 3.5 GHz, 708–718 MHz, 763–773 MHz, Bandas bajo 1 GHz","Disponibilidad de espectro para IMT; tecnologías: 4G, 5G; bandas: 700 MHz, 3.5 GHz, 708–718 MHz, 763–773 MHz.",10.0,3.0,13.0
Anuncio de reglas para subasta multibanda de espectro en República Dominicana,Disponibilidad de espectro para IMT,Disponibilidad de espectro,Ajuste a iniciativa existente,Alta,1,1,Cullen International,"5G, Redes móviles, Conectividad inalámbrica","700 MHz, 850 MHz, AWS, 2300 MHz, 3.5 GHz, 26 GHz, Bandas bajas, Bandas medias, Bandas altas","Disponibilidad de espectro para IMT; tecnologías: 5G, Redes móviles, Conectividad inalámbrica; bandas: 700 MHz, 850 MHz, AWS, 2300 MHz.",10.0,3.0,13.0
Análisis comparativo de tarifas recurrentes por el uso del espectro móvil en Europa,Disponibilidad de espectro para IMT,Disponibilidad de espectro,Ajuste a iniciativa existente,Alta,1,1,Cullen International,"Comunicaciones móviles, Enlaces de microondas","700 MHz, 800 MHz, 900 MHz, 1.5 GHz, 1.8 GHz, 2.1 GHz, 2.6 GHz, 3.5 GHz, 26 GHz, 42 GHz, Bandas sub-1 GHz, Bandas entre 1 GHz y 2.2 GHz, Bandas entre 2.2 GHz y 24 GHz, Bandas entre 24 GHz y 86 GHz, Bandas por encima de 86 GHz","Disponibilidad de espectro para IMT; tecnologías: Comunicaciones móviles, Enlaces de microondas; bandas: 700 MHz, 800 MHz, 900 MHz, 1.5 GHz.",10.0,3.0,13.0
Apertura de bandas de baja frecuencia en Europa para LTE/5G,Disponibilidad de espectro para IMT,Disponibilidad de espectro,Ajuste a iniciativa existente,Alta,1,1,Cullen International,"LTE, 5G, Smart meters, IoT","410-430 MHz, 450-470 MHz","Disponibilidad de espectro para IMT; tecnologías: LTE, 5G, Smart meters, IoT; bandas: 410-430 MHz, 450-470 MHz.",10.0,3.0,13.0
Análisis de resultados y precios de adjudicaciones de espectro en Europa,Disponibilidad de espectro para IMT,Disponibilidad de espectro,Ajuste a iniciativa existente,Alta,1,1,Cullen International,"UMTS, 5G, 4G, GSM","800 MHz, 900 MHz, 1800 MHz, 2.1 GHz, 2.3 GHz, 2.6 GHz, 3.4-3.8 GHz, 3.5 GHz, 3.6-3.8 GHz, 700 MHz","Disponibilidad de espectro para IMT; tecnologías: UMTS, 5G, 4G, GSM; bandas: 800 MHz, 900 MHz, 1800 MHz, 2.1 GHz.",10.0,3.0,13.0
Análisis de resultados y precios de subastas de espectro en Europa,Disponibilidad de espectro para IMT,Disponibilidad de espectro,Ajuste a iniciativa existente,Alta,1,1,Cullen International,"UMTS, GSM, 4G, 5G","800 MHz, 900 MHz, 1800 MHz, 2.1 GHz, 2.3 GHz, 2.6 GHz, 3.4-3.8 GHz, 3.5 GHz, 3.6-3.8 GHz, 700 MHz","Disponibilidad de espectro para IMT; tecnologías: UMTS, GSM, 4G, 5G; bandas: 800 MHz, 900 MHz, 1800 MHz, 2.1 GHz.",10.0,3.0,13.0
Análisis de tarifas del espectro para servicios satelitales móviles en la UE,"Conectividad satelital, NTN y D2D",Conectividad satelital,Nota técnica,Alta,1,1,Cullen International,"Servicios Satelitales Móviles (MSS), NTN, Estaciones terrenas satelitales, Componentes Terrestres Complementarios (CGC), Redes satelitales geoestacionarias (GSO) y no geoestacionarias (NGSO)","Banda de 2 GHz, Bandas de frecuencia satelitales","Conectividad satelital, NTN y D2D; tecnologías: Servicios Satelitales Móviles (MSS), NTN, Estaciones terrenas satelitales, Componentes Terrestres Complementarios (CGC); bandas: Banda de 2 GHz, Bandas de frecuencia satelitales.",10.0,3.0,13.0
Análisis del uso y desafíos de la banda de 450 MHz para servicios LTE y banda ancha en América,Disponibilidad de espectro para IMT,Disponibilidad de espectro,Ajuste a iniciativa existente,Alta,1,1,Cullen International,"LTE, Broadband, IMT, IoT, 5G","450 MHz, 450–470 MHz, 410–430 MHz, 470–608 MHz, 470–512 MHz, 452.5–457.5 MHz, 462.5–467.5 MHz, 451–456 MHz, 461–466 MHz, 450–455 MHz, 460–465 MHz","Disponibilidad de espectro para IMT; tecnologías: LTE, Broadband, IMT, IoT; bandas: 450 MHz, 450–470 MHz, 410–430 MHz, 470–608 MHz.",10.0,3.0,13.0
Aprobación de transacciones de espectro para 5G y servicios satelitales D2D en EE. UU.,"Conectividad satelital, NTN y D2D",Conectividad satelital,Nota técnica,Alta,1,1,Cullen International,"5G, D2D, Fixed Wireless Access (FWA), Starlink, NTN, MVNO (Mobile Virtual Network Operator)","Mid-band spectrum, Low-band spectrum, 3.5 GHz, 600 MHz, AWS-3, AWS-4, H-Block","Conectividad satelital, NTN y D2D; tecnologías: 5G, D2D, Fixed Wireless Access (FWA), Starlink; bandas: Mid-band spectrum, Low-band spectrum, 3.5 GHz, 600 MHz.",10.0,3.0,13.0
Aprobación condicional de SpaceX para cobertura suplementaria satelital en EE. UU.,"Conectividad satelital, NTN y D2D",Conectividad satelital,Nota técnica,Alta,1,1,Cullen International,"Starlink, Satélites Gen2, D2D, NTN, LEO, Wireless Emergency Alerts (WEA), SMS","PCS G Block, 1910–1915 MHz (earth-to-space), 1990–1995 MHz (space-to-earth)","Conectividad satelital, NTN y D2D; tecnologías: Starlink, Satélites Gen2, D2D, NTN; bandas: PCS G Block, 1910–1915 MHz (earth-to-space), 1990–1995 MHz (space-to-earth).",10.0,3.0,13.0
Apertura de la banda 3.8–4.2 GHz en Europa para redes 5G locales,Disponibilidad de espectro para IMT,Disponibilidad de espectro,Ajuste a iniciativa existente,Alta,1,1,Cullen International,"5G, Redes inalámbricas de banda ancha","3.8–4.2 GHz, 4.2–4.4 GHz, 26 GHz, 3.4–3.8 GHz, 2.3 GHz","Disponibilidad de espectro para IMT; tecnologías: 5G, Redes inalámbricas de banda ancha; bandas: 3.8–4.2 GHz, 4.2–4.4 GHz, 26 GHz, 3.4–3.8 GHz.",10.0,3.0,13.0
Gestión y esquemas de adjudicación del espectro radioeléctrico en Europa,"Conectividad satelital, NTN y D2D",Conectividad satelital,Nota técnica,Alta,1,1,Cullen International,"Servicios móviles, Radiodifusión, Servicios satelitales, Enlaces fijos punto a punto, Redes privadas","32 GHz, 10 GHz, 60 GHz, 70 GHz, 80 GHz, 26 GHz, 24.25–25.1 GHz, Bandas de dividendo digital","Conectividad satelital, NTN y D2D; tecnologías: Servicios móviles, Radiodifusión, Servicios satelitales, Enlaces fijos punto a punto; bandas: 32 GHz, 10 GHz, 60 GHz, 70 GHz.",10.0,3.0,13.0
Gestión y asignación de la banda 3.3-3.98 GHz para 5G en América,"Conectividad satelital, NTN y D2D",Conectividad satelital,Nota técnica,Alta,1,1,Cullen International,"5G, 4G, IMT, WiMAX, Fixed Wireless Access, Satélites, Redes privadas","3.3–3.98 GHz, 3.5 GHz, 3.8 GHz, 3300–3800 MHz, 3300–3400 MHz, 3400–3600 MHz, 3600–3700 MHz, 3700–3800 MHz, 3450–3650 MHz, 3650–3900 MHz, 3900–3980 MHz, 410 MHz, 900 MHz, 26 GHz, 10150–10650 MHz, 6 GHz, 3700–4200 MHz","Conectividad satelital, NTN y D2D; tecnologías: 5G, 4G, IMT, WiMAX; bandas: 3.3–3.98 GHz, 3.5 GHz, 3.8 GHz, 3300–3800 MHz.",10.0,3.0,13.0
Gestión y asignación de espectro de ondas milimétricas en Canadá para 5G y 6G,"Conectividad satelital, NTN y D2D",Conectividad satelital,Nota técnica,Alta,1,1,Cullen International,"5G, 6G, NTN, Spectrum sharing, Redes privadas, Non-standalone (NSA) architectures, mmWave","27.5–28.35 GHz, 26 GHz, 38 GHz band, mmWave, 24 GHz band","Conectividad satelital, NTN y D2D; tecnologías: 5G, 6G, NTN, Spectrum sharing; bandas: 27.5–28.35 GHz, 26 GHz, 38 GHz band, mmWave.",10.0,3.0,13.0
Aprobación del Programa Anual de Uso y Explotación de Bandas de Frecuencia (APFB) 2026 en México,"Conectividad satelital, NTN y D2D",Conectividad satelital,Nota técnica,Alta,1,1,Cullen International,"5G, Fixed Wireless Access (FWA), Redes de Comunicaciones Inalámbricas Inteligentes (IWC), Banda ancha móvil, Televisión digital terrestre, Radio AM/FM, Servicio Fijo por Satélite (FSS)","600 MHz, 614–698 MHz, 814–824 MHz, 859–869 MHz, 1850–1915 MHz, 1930–1995 MHz, 2300–2400 MHz, 2500–2690 MHz, 3400–3700 MHz, 10.15–10.65 GHz, 6 GHz, Banda AM, Banda FM","Conectividad satelital, NTN y D2D; tecnologías: 5G, Fixed Wireless Access (FWA), Redes de Comunicaciones Inalámbricas Inteligentes (IWC), Banda ancha móvil; bandas: 600 MHz, 614–698 MHz, 814–824 MHz, 859–869 MHz.",10.0,3.0,13.0
Aprobación del programa de uso del espectro radioeléctrico en México para 2026,Disponibilidad de espectro para IMT,Disponibilidad de espectro,Ajuste a iniciativa existente,Alta,1,1,Cullen International,"5G, Radio AM, Radio FM, Televisión Digital Terrestre (DTT), Telecomunicaciones inalámbricas fijas, Telecomunicaciones inalámbricas móviles","600 MHz, Frecuencias de radio AM, Frecuencias de radio FM, Canales de televisión digital terrestre","Disponibilidad de espectro para IMT; tecnologías: 5G, Radio AM, Radio FM, Televisión Digital Terrestre (DTT); bandas: 600 MHz, Frecuencias de radio AM, Frecuencias de radio FM, Canales de televisión digital terrestre.",10.0,3.0,13.0
Armonización del espectro radioeléctrico en la Unión Europea,"Conectividad satelital, NTN y D2D",Conectividad satelital,Nota técnica,Alta,1,1,Cullen International,"Wireless broadband, 5G, UMTS, LTE, WiMAX, IoT, RFID, GSM-R, FRMCS, Mobile Satellite Services, PMSE, PPDR, M2M","470–852 MHz, 800 MHz, 700 MHz, 694–790 MHz, 874–876 MHz, 915–921 MHz, 874.4–880 MHz, 919.4–925 MHz, 1900–1910 MHz, 900 MHz, 1800 MHz, 1.9 GHz, 2 GHz, 2.6 GHz, 1427–1517 MHz (L-band), 1.5 GHz (1452–1492 MHz), 1710–1785 MHz, 1805–1880 MHz, 1920–1980 MHz, 2110–2170 MHz, 2010–2025 MHz, 1980–2010 MHz (S-band), 2170–2200 MHz (S-band), 2.3 GHz, 2500–2690 MHz, 3400–3800 MHz","Conectividad satelital, NTN y D2D; tecnologías: Wireless broadband, 5G, UMTS, LTE; bandas: 470–852 MHz, 800 MHz, 700 MHz, 694–790 MHz.",10.0,3.0,13.0
Asignación de espectro 3.5 GHz para 5G en Perú,Disponibilidad de espectro para IMT,Disponibilidad de espectro,Ajuste a iniciativa existente,Alta,1,1,Cullen International,"5G, LTE, 4G, 3G, 2G, Fixed Satellite Service (FSS)","3.5 GHz, 3.3–3.8 GHz, 6 GHz, 3.6–3.8 GHz, banda Ku, 11.7–12.2 GHz, 14.0–14.5 GHz, 10.95–11.2 GHz, 11.45–11.7 GHz, 13.75–14.0 GHz, C band, 3.8–4.2 GHz","Disponibilidad de espectro para IMT; tecnologías: 5G, LTE, 4G, 3G; bandas: 3.5 GHz, 3.3–3.8 GHz, 6 GHz, 3.6–3.8 GHz.",10.0,3.0,13.0
Asignación de espectro en la banda de 900 MHz para redes comunitarias y ISPs en Colombia,Armonización y gestión internacional,Gestión internacional del espectro,Seguimiento,Alta,1,1,Cullen International,"Internet fijo, Redes inalámbricas","900 MHz, 897–902 MHz, 942–947 MHz, 902–912 MHz, 947–957 MHz, 902–907 MHz, 947–952 MHz","Armonización y gestión internacional; tecnologías: Internet fijo, Redes inalámbricas; bandas: 900 MHz, 897–902 MHz, 942–947 MHz, 902–912 MHz.",10.0,3.0,13.0
Asignación de licencias locales de espectro en Eslovenia,Disponibilidad de espectro para IMT,Disponibilidad de espectro,Ajuste a iniciativa existente,Alta,1,1,Cullen International,Redes privadas,"2.3 GHz, 3.5 GHz","Disponibilidad de espectro para IMT; tecnologías: Redes privadas; bandas: 2.3 GHz, 3.5 GHz.",10.0,3.0,13.0
Asignación de espectro para redes privadas en Argentina,Disponibilidad de espectro para IMT,Disponibilidad de espectro,Ajuste a iniciativa existente,Alta,1,1,Cullen International,"4G, 5G, IoT, Redes privadas","2.3-2.4 GHz, 2300-2340 MHz, 2340-2360 MHz, 2360-2400 MHz","Disponibilidad de espectro para IMT; tecnologías: 4G, 5G, IoT, Redes privadas; bandas: 2.3-2.4 GHz, 2300-2340 MHz, 2340-2360 MHz, 2360-2400 MHz.",10.0,3.0,13.0
Asignación de espectro regional en Brasil para servicios móviles,Disponibilidad de espectro para IMT,Disponibilidad de espectro,Ajuste a iniciativa existente,Alta,1,1,Cullen International,"Redes móviles, 5G","700 MHz, 3.5 GHz","Disponibilidad de espectro para IMT; tecnologías: Redes móviles, 5G; bandas: 700 MHz, 3.5 GHz.",10.0,3.0,13.0
Asignación de espectro y bandas IMT para 5G en las Américas,Disponibilidad de espectro para IMT,Disponibilidad de espectro,Ajuste a iniciativa existente,Alta,1,1,Cullen International,"5G, IMT, Redes móviles, Conectividad inalámbrica","2.3 GHz, 3.5 GHz, AWS-3 band, 28 GHz, 38 GHz, 2 GHz, 600 MHz, 3.3–3.4 GHz, 3.6–3.7 GHz, 3.7–3.8 GHz, 4800–4990 MHz, 6425–7125 MHz, 10.0–10.5 GHz, 24 GHz band, 614–698 MHz, 1427–1518 MHz, 6 GHz","Disponibilidad de espectro para IMT; tecnologías: 5G, IMT, Redes móviles, Conectividad inalámbrica; bandas: 2.3 GHz, 3.5 GHz, AWS-3 band, 28 GHz.",10.0,3.0,13.0
Asignación y planificación de espectro para IMT y 5G,Disponibilidad de espectro para IMT,Disponibilidad de espectro,Ajuste a iniciativa existente,Alta,1,1,Cullen International,"5G, IMT, Redes móviles","2.3 GHz, 3.5 GHz, AWS-3 band, 28 GHz, 38 GHz, 2 GHz, 3.3–3.4 GHz, 3.6–3.7 GHz, 3.7–3.8 GHz, 4800–4990 MHz, 6425–7125 MHz, 10.0–10.5 GHz, 24 GHz band, 614–698 MHz, 1427–1518 MHz, 6 GHz, 600 MHz, Banda milimétrica","Disponibilidad de espectro para IMT; tecnologías: 5G, IMT, Redes móviles; bandas: 2.3 GHz, 3.5 GHz, AWS-3 band, 28 GHz.",10.0,3.0,13.0
Asignación y licenciamiento de espectro para enlaces de microondas en América,"Conectividad satelital, NTN y D2D",Conectividad satelital,Nota técnica,Alta,1,1,Cullen International,"Enlaces de microondas (punto a punto, punto a multipunto), Redes de fibra, IMT (International Mobile Telecommunications), Servicios satelitales, Redes privadas","1 GHz a 100 GHz, 300 MHz a 300 GHz, 6 GHz, Banda de 60 GHz, 10.7–11.7 GHz, 14.5–15.35 GHz, 17.7–19.7 GHz, 24.25–27.5 GHz, 37–40.5 GHz, 71–76 GHz, 81–86 GHz, Bandas por encima de 95 GHz","Conectividad satelital, NTN y D2D; tecnologías: Enlaces de microondas (punto a punto, punto a multipunto), Redes de fibra, IMT (International Mobile Telecommunications), Servicios satelitales; bandas: 1 GHz a 100 GHz, 300 MHz a 300 GHz, 6 GHz, Banda de 60 GHz.",10.0,3.0,13.0
Asignación y reordenamiento de la banda de 3.5 GHz en Perú,"Conectividad satelital, NTN y D2D",Conectividad satelital,Nota técnica,Alta,1,1,Cullen International,"5G, 4G, Servicios satelitales fijos (FSS), Telecomunicaciones públicas","3.5 GHz, 3.3–3.7 GHz, 3.7–3.8 GHz, 3.6–3.8 GHz, banda Ku, C band (3.8–4.2 GHz)","Conectividad satelital, NTN y D2D; tecnologías: 5G, 4G, Servicios satelitales fijos (FSS), Telecomunicaciones públicas; bandas: 3.5 GHz, 3.3–3.7 GHz, 3.7–3.8 GHz, 3.6–3.8 GHz.",10.0,3.0,13.0
Asignación y reordenamiento de la banda de 3.5 GHz para servicios 5G en Perú,"Conectividad satelital, NTN y D2D",Conectividad satelital,Nota técnica,Alta,1,1,Cullen International,"5G, 4G/LTE, Servicios Satelitales","3.5 GHz, banda Ku, Banda C","Conectividad satelital, NTN y D2D; tecnologías: 5G, 4G/LTE, Servicios Satelitales; bandas: 3.5 GHz, banda Ku, Banda C.",10.0,3.0,13.0
Consulta sobre el uso de la banda de 900 MHz para internet fijo local en áreas rurales de Colombia,Disponibilidad de espectro para IMT,Disponibilidad de espectro,Ajuste a iniciativa existente,Alta,1,1,Cullen International,"Internet fijo, Redes inalámbricas, Estaciones base móviles",900 MHz,"Disponibilidad de espectro para IMT; tecnologías: Internet fijo, Redes inalámbricas, Estaciones base móviles; bandas: 900 MHz.",10.0,3.0,13.0
Cambio del plan de banda de 2.6 GHz en Canadá a bloques TDD no pareados,Disponibilidad de espectro para IMT,Disponibilidad de espectro,Ajuste a iniciativa existente,Alta,1,1,Cullen International,"5G, 6G, FDD, TDD, Redes inalámbricas","2.6 GHz, 2500–2690 MHz, 2500–2570 MHz","Disponibilidad de espectro para IMT; tecnologías: 5G, 6G, FDD, TDD; bandas: 2.6 GHz, 2500–2690 MHz, 2500–2570 MHz.",10.0,3.0,13.0
Comercialización y arrendamiento de espectro radioeléctrico (Spectrum Trading),Disponibilidad de espectro para IMT,Disponibilidad de espectro,Ajuste a iniciativa existente,Alta,1,1,Cullen International,"Redes móviles, Acceso inalámbrico fijo (FWA), Wimax, 5G","3.5 GHz, 700 MHz, 1900 MHz, 2.5 GHz, Banda AWS, PCS-G","Disponibilidad de espectro para IMT; tecnologías: Redes móviles, Acceso inalámbrico fijo (FWA), Wimax, 5G; bandas: 3.5 GHz, 700 MHz, 1900 MHz, 2.5 GHz.",10.0,3.0,13.0
Compartición de espectro entre servicios móviles y otros servicios,"Conectividad satelital, NTN y D2D",Conectividad satelital,Nota técnica,Alta,1,1,Cullen International,"Spectrum sharing, Wi-Fi, 5G, Redes móviles, D2D, Radio cognitiva, Redes privadas","2.3 GHz, 2.4 GHz, 5 GHz, 6 GHz, 1800 MHz, 3.8-4.2 GHz, 26 GHz, UHF, 800 MHz, 700 MHz, 1427-1518 MHz, 3.5 GHz","Conectividad satelital, NTN y D2D; tecnologías: Spectrum sharing, Wi-Fi, 5G, Redes móviles; bandas: 2.3 GHz, 2.4 GHz, 5 GHz, 6 GHz.",10.0,3.0,13.0
Compartición de espectro radioeléctrico y sus modelos regulatorios,"Conectividad satelital, NTN y D2D",Conectividad satelital,Nota técnica,Alta,1,1,Cullen International,"5G, LTE, 2G/3G/4G, Redes de acceso radio (RAN sharing), Redes de núcleo multi-operador (MOCN), Radio cognitiva, Banda ancha inalámbrica","700 MHz, 800 MHz, 900 MHz, 1427–1518 MHz, 1800 MHz, 2.1 GHz, 2.3–2.4 GHz, 2.6 GHz, 3.5 GHz, 3.8–4.2 GHz, 5 GHz, 5.8 GHz, 24.25–26.5 GHz, 26 GHz, 57–66 GHz, UHF","Conectividad satelital, NTN y D2D; tecnologías: 5G, LTE, 2G/3G/4G, Redes de acceso radio (RAN sharing); bandas: 700 MHz, 800 MHz, 900 MHz, 1427–1518 MHz.",10.0,3.0,13.0
Concesión de espectro adicional en Panamá para Tigo,Disponibilidad de espectro para IMT,Disponibilidad de espectro,Ajuste a iniciativa existente,Alta,1,1,Cullen International,"Telefonía inalámbrica, Datos móviles, IMT, Redes móviles","1900 MHz, 1900–1905 MHz, 1980–1985 MHz, Espectro de banda media","Disponibilidad de espectro para IMT; tecnologías: Telefonía inalámbrica, Datos móviles, IMT, Redes móviles; bandas: 1900 MHz, 1900–1905 MHz, 1980–1985 MHz, Espectro de banda media.",10.0,3.0,13.0
Consulta de la FCC sobre la expansión del espectro de alta frecuencia para uso satelital,"Conectividad satelital, NTN y D2D",Conectividad satelital,Nota técnica,Alta,1,1,Cullen International,"Satélites (GSO, NGSO, FSS, alta capacidad), NTN, ESIMs (Earth Stations in Motion), Hardware de alta frecuencia","12.7–13.25 GHz, 42–42.5 GHz, 51.4–52.4 GHz, 92–114.25 GHz (W band), 42.5–43.5 GHz","Conectividad satelital, NTN y D2D; tecnologías: Satélites (GSO, NGSO, FSS, alta capacidad), NTN, ESIMs (Earth Stations in Motion), Hardware de alta frecuencia; bandas: 12.7–13.25 GHz, 42–42.5 GHz, 51.4–52.4 GHz, 92–114.25 GHz (W band).",10.0,3.0,13.0
Consulta de Anatel sobre la subasta de espectro de 700 MHz en Brasil,"Conectividad satelital, NTN y D2D",Conectividad satelital,Nota técnica,Alta,1,1,Cullen International,"4G, Comunicación inalámbrica","700 MHz, 3.5 GHz, Bandas bajo 1 GHz, 708–718 MHz, 763–773 MHz","Conectividad satelital, NTN y D2D; tecnologías: 4G, Comunicación inalámbrica; bandas: 700 MHz, 3.5 GHz, Bandas bajo 1 GHz, 708–718 MHz.",10.0,3.0,13.0
Consulta sobre la adjudicación de espectro 5G en Paraguay,"Conectividad satelital, NTN y D2D",Conectividad satelital,Nota técnica,Alta,1,1,Cullen International,"5G, Fixed Wireless Access (FWA), Dense Wavelength Division Multiplexing (DWDM), Optical Line Amplifiers (OLA), Gigabit Passive Optical Network (GPON), Redes seguras, Carrier Aggregation, Mobile telephony, Internet access and data transmission","2.3 GHz, 2.3-2.4 GHz, 3.5 GHz, 3.3-3.7 GHz, 3.7-3.8 GHz, 3.7-4.2 GHz (Fixed Satellite Service), 4.2-4.4 GHz (Aeronautical Radionavigation Service)","Conectividad satelital, NTN y D2D; tecnologías: 5G, Fixed Wireless Access (FWA), Dense Wavelength Division Multiplexing (DWDM), Optical Line Amplifiers (OLA); bandas: 2.3 GHz, 2.3-2.4 GHz, 3.5 GHz, 3.3-3.7 GHz.",10.0,3.0,13.0
Consulta sobre la Política Nacional del Espectro de Colombia 2026-2029,"Conectividad satelital, NTN y D2D",Conectividad satelital,Nota técnica,Alta,1,1,Cullen International,"5G, 6G, IoT, NTN, LEO, IMT, Servicios móviles, Servicios fijos, Radiodifusión de TV, Radio digital, D2D, Redes industriales, Acceso inalámbrico fijo (FWA)","UHF, VHF, banda Ka, banda Ku","Conectividad satelital, NTN y D2D; tecnologías: 5G, 6G, IoT, NTN; bandas: UHF, VHF, banda Ka, banda Ku.",10.0,3.0,13.0
Consulta de la FCC sobre licencias de EchoStar en la banda de 2 GHz para servicios móviles por satélite,"Conectividad satelital, NTN y D2D",Conectividad satelital,Nota técnica,Alta,1,1,Cullen International,"Mobile-satellite services (MSS), Advanced Wireless Service (AWS-4), Satélites, NTN","2 GHz band, 2000–2020 MHz, 2180–2200 MHz, AWS-4 bands, 1980–2010 MHz, 2170–2200 MHz","Conectividad satelital, NTN y D2D; tecnologías: Mobile-satellite services (MSS), Advanced Wireless Service (AWS-4), Satélites, NTN; bandas: 2 GHz band, 2000–2020 MHz, 2180–2200 MHz, AWS-4 bands.",10.0,3.0,13.0
Consulta para la adjudicación de espectro 3.5 GHz en Paraguay para 5G,"Conectividad satelital, NTN y D2D",Conectividad satelital,Nota técnica,Alta,1,1,Cullen International,"5G, Acceso inalámbrico fijo (FWA), IMT (International Mobile Telecommunications), Agregación de portadoras (Carrier aggregation), Telefonía móvil","3.5 GHz, 700 MHz, AWS (1700/2100 MHz), 450 MHz, 850 MHz, 900 MHz, 1500 MHz, 1900 MHz, 2.3 GHz, 2.6 GHz, 4.8–4.9 GHz, 24.25–27.5 GHz, 3.7–4.2 GHz (FSS), 4.2–4.4 GHz (Aeronautical Radionavigation Service)","Conectividad satelital, NTN y D2D; tecnologías: 5G, Acceso inalámbrico fijo (FWA), IMT (International Mobile Telecommunications), Agregación de portadoras (Carrier aggregation); bandas: 3.5 GHz, 700 MHz, AWS (1700/2100 MHz), 450 MHz.",10.0,3.0,13.0
Consulta sobre la banda de 600 MHz para IMT en Chile,Disponibilidad de espectro para IMT,Disponibilidad de espectro,Ajuste a iniciativa existente,Alta,1,1,Cullen International,"4G, 5G, IMT, Banda ancha móvil",600 MHz,"Disponibilidad de espectro para IMT; tecnologías: 4G, 5G, IMT, Banda ancha móvil; bandas: 600 MHz.",10.0,3.0,13.0
Despliegue de 5G y asignación de espectro en América Latina,Disponibilidad de espectro para IMT,Disponibilidad de espectro,Ajuste a iniciativa existente,Alta,1,1,Cullen International,"5G, 4G, IoT, Robótica, Redes móviles","3.5 GHz, 600 MHz, 700 MHz, 24 GHz, 26 GHz, 28 GHz, 2.3 GHz, 2.5 GHz, 6 GHz, 3.45-4 GHz, 3.65-3.9 GHz, mmWave, 3400-3600 MHz, AWS, 1427-1518 MHz, 2.3-2.4 GHz, 2.5-2.69 MHz, 3.3-3.4 GHz, 4.8-4.9 GHz, 24.25-27.5 GHz, 3.4-3.7 GHz, 800 MHz, 850 MHz, 2.1 GHz, 1.9 GHz, Bajo 1 GHz","Disponibilidad de espectro para IMT; tecnologías: 5G, 4G, IoT, Robótica; bandas: 3.5 GHz, 600 MHz, 700 MHz, 24 GHz.",10.0,3.0,13.0
Determinación y pago de tasas únicas por licencias de espectro móvil en Europa,Disponibilidad de espectro para IMT,Disponibilidad de espectro,Ajuste a iniciativa existente,Alta,1,1,Cullen International,"LTE, 5G, GSM, UMTS, WLL","800 MHz, 2.6 GHz, 700 MHz, 3.5 GHz, 900 MHz, 1800 MHz, 2.1 GHz, 2.3 GHz, 26 GHz, 3.6-3.8 GHz, 3.4-3.8 GHz, 1500 MHz","Disponibilidad de espectro para IMT; tecnologías: LTE, 5G, GSM, UMTS; bandas: 800 MHz, 2.6 GHz, 700 MHz, 3.5 GHz.",10.0,3.0,13.0
Consulta sobre licitación de espectro 5G en Chile,Disponibilidad de espectro para IMT,Disponibilidad de espectro,Ajuste a iniciativa existente,Alta,1,1,Cullen International,"5G, Redes privadas, Servicios móviles avanzados","3.5 GHz, 3450-3500 MHz, 3650-3800 MHz","Disponibilidad de espectro para IMT; tecnologías: 5G, Redes privadas, Servicios móviles avanzados; bandas: 3.5 GHz, 3450-3500 MHz, 3650-3800 MHz.",10.0,3.0,13.0
Futuro uso y regulación de la banda sub-700 MHz en la UE,Disponibilidad de espectro para IMT,Disponibilidad de espectro,Ajuste a iniciativa existente,Alta,1,1,Cullen International,"Digital Terrestrial Television (DTT), Wireless audio microphones (PMSE), Wireless electronic communications networks (ECNs), High efficiency video coding (HEVC), Ultra-high definition (UHD), 5G, IMT, Mobile applications, Wind profiler radars, Radio astronomy","700 MHz, 800 MHz, 600 MHz, UHF","Disponibilidad de espectro para IMT; tecnologías: Digital Terrestrial Television (DTT), Wireless audio microphones (PMSE), Wireless electronic communications networks (ECNs), High efficiency video coding (HEVC); bandas: 700 MHz, 800 MHz, 600 MHz, UHF.",10.0,3.0,13.0
Gestión del espectro y despliegue 5G en la Unión Europea,Disponibilidad de espectro para IMT,Disponibilidad de espectro,Ajuste a iniciativa existente,Alta,1,1,Cullen International,"5G, Redes de acceso inalámbrico de área pequeña (SAWAPs), Small cells, Banda ancha inalámbrica, Máquina a máquina (M2M), Sistemas de antena activa (AAS), Servicios de comunicaciones electrónicas (ECS)","470–790 MHz, 700 MHz, 800 MHz, 900 MHz, 1800 MHz, 2 GHz, 2.6 GHz, 3.4–3.8 GHz, 26 GHz, 66–71 GHz","Disponibilidad de espectro para IMT; tecnologías: 5G, Redes de acceso inalámbrico de área pequeña (SAWAPs), Small cells, Banda ancha inalámbrica; bandas: 470–790 MHz, 700 MHz, 800 MHz, 900 MHz.",10.0,3.0,13.0
Gestión del espectro para redes 5G locales y privadas,Disponibilidad de espectro para IMT,Disponibilidad de espectro,Ajuste a iniciativa existente,Alta,1,1,Cullen International,"5G, Wi-Fi, Wireless Broadband (WBB LMP), Radio altímetros, Network slicing, Drones","3.4–3.8 GHz, 26 GHz, 3.8–4.2 GHz, 2.3 GHz, 1800 MHz, 40 GHz, 2.6 GHz, 3.3–4.2 GHz, 4.2–4.4 GHz, Rango de banda media (2–7 GHz), Por debajo de 1 GHz","Disponibilidad de espectro para IMT; tecnologías: 5G, Wi-Fi, Wireless Broadband (WBB LMP), Radio altímetros; bandas: 3.4–3.8 GHz, 26 GHz, 3.8–4.2 GHz, 2.3 GHz.",10.0,3.0,13.0
Desarrollo de la hoja de ruta del espectro de Nigeria para 2025-2030,"Conectividad satelital, NTN y D2D",Conectividad satelital,Nota técnica,Alta,1,1,Cullen International,"5G, 6G, NTN, Satélites, IoT, Wi-Fi, WiGig, IA, Redes privadas, Fixed Wireless Access (FWA), 4G","6 GHz, 60 GHz, 700 MHz, 800 MHz, 900 MHz, 1.8 GHz, 2.1 GHz, 2.3 GHz, 2.6 GHz, 3.5 GHz, Banda L, Banda S, Banda C, Banda E, banda Ka, banda Ku, 450 MHz, 600 MHz, 1.5 GHz, mmWave, Banda Q, Banda V","Conectividad satelital, NTN y D2D; tecnologías: 5G, 6G, NTN, Satélites; bandas: 6 GHz, 60 GHz, 700 MHz, 800 MHz.",10.0,3.0,13.0
Disponibilidad y uso de LTE y 5G en bandas de baja frecuencia (410-430 MHz y 450-470 MHz) en Europa,Disponibilidad de espectro para IMT,Disponibilidad de espectro,Ajuste a iniciativa existente,Alta,1,1,Cullen International,"LTE, 5G, 3GPP, 4G, CDMA, TETRA, PMR, PAMR, M2M, Redes privadas","410–430 MHz, 450–470 MHz, 380–470 MHz, 452.5–457.5 MHz, 462.5–467.5 MHz, 451–456 MHz, 461–466 MHz, 450–455 MHz, 460–465 MHz, 410–415 MHz, 420–425 MHz, 412–417 MHz, 422–427 MHz","Disponibilidad de espectro para IMT; tecnologías: LTE, 5G, 3GPP, 4G; bandas: 410–430 MHz, 450–470 MHz, 380–470 MHz, 452.5–457.5 MHz.",10.0,3.0,13.0
Estado de la banda de 6 GHz en las Américas para Wi-Fi y 5G,"Conectividad satelital, NTN y D2D",Conectividad satelital,Nota técnica,Alta,1,1,Cullen International,"Wi-Fi, Wi-Fi 6E, 5G, IMT, Servicios satelitales, Enlaces de microondas, Sistemas de backhaul, RLANs, Sistemas de Coordinación Automática de Frecuencia (AFC), Spectrum sharing","6 GHz, 5925–6425 MHz, 6425–7125 MHz, 2.4 GHz (2400–2483.5 MHz), 5 GHz (5150–5850 MHz), 5945–6425 MHz, 6525–6875 MHz, 7110–7725 MHz","Conectividad satelital, NTN y D2D; tecnologías: Wi-Fi, Wi-Fi 6E, 5G, IMT; bandas: 6 GHz, 5925–6425 MHz, 6425–7125 MHz, 2.4 GHz (2400–2483.5 MHz).",10.0,3.0,13.0
Espectro y conectividad rural,Disponibilidad de espectro para IMT,Disponibilidad de espectro,Ajuste a iniciativa existente,Alta,1,1,GSMA,"4G, 5G, IMT, Internet móvil, Redes móviles","Sub-1 GHz, 700 MHz, 2.6 GHz, 3.5–3.8 GHz, 600 MHz, Bandas bajas, Bandas medias","Disponibilidad de espectro para IMT; tecnologías: 4G, 5G, IMT, Internet móvil; bandas: Sub-1 GHz, 700 MHz, 2.6 GHz, 3.5–3.8 GHz.",10.0,3.0,13.0
Espectro para redes 5G industriales y privadas,Disponibilidad de espectro para IMT,Disponibilidad de espectro,Ajuste a iniciativa existente,Alta,1,1,Cullen International,"5G, Redes privadas, Redes móviles, Redes fijas, Broadband, CBRS (Citizens Broadband Radio Service), IoT","900 MHz, 410 MHz, 3.5 GHz, 26 GHz, 3.75-3.8 GHz, 28 GHz, 3.7 GHz, 3.9 GHz, 2.3-2.4 GHz, 410-415 MHz, 420-425 MHz, 806-809 MHz, 851-854 MHz, 2390-2400 MHz, 2485-2495 MHz, 27.5-27.9 GHz, 3900-3980 MHz, 27.5-28.35 GHz, 3.55-3.65 GHz, 896-901 MHz, 935-940 MHz","Disponibilidad de espectro para IMT; tecnologías: 5G, Redes privadas, Redes móviles, Redes fijas; bandas: 900 MHz, 410 MHz, 3.5 GHz, 26 GHz.",10.0,3.0,13.0
Estado y asignación de la banda de 600 MHz para servicios móviles IMT/5G en las Américas,Disponibilidad de espectro para IMT,Disponibilidad de espectro,Ajuste a iniciativa existente,Alta,1,1,Cullen International,"IMT, 5G, Servicios de banda ancha inalámbrica, Televisión Digital Terrestre (DTT), TV analógica","600 MHz, UHF, 614–698 MHz, 470–608 MHz, 608–614 MHz, 512–698 MHz, 12.2–12.7 GHz, VHF","Disponibilidad de espectro para IMT; tecnologías: IMT, 5G, Servicios de banda ancha inalámbrica, Televisión Digital Terrestre (DTT); bandas: 600 MHz, UHF, 614–698 MHz, 470–608 MHz.",10.0,3.0,13.0
Estimación de necesidades de espectro mmWave para 5G hasta 2030,Disponibilidad de espectro para IMT,Disponibilidad de espectro,Ajuste a iniciativa existente,Alta,1,1,GSMA,"5G, FWA, EMBB, Industry 4.0, IoT, AR/VR, AGVs","mmWave, 26 GHz, 28 GHz, 40 GHz, 66 GHz, Banda baja, Banda media, Sub-7 GHz","Disponibilidad de espectro para IMT; tecnologías: 5G, FWA, EMBB, Industry 4.0; bandas: mmWave, 26 GHz, 28 GHz, 40 GHz.",10.0,3.0,13.0
Estrategia de conectividad satelital de la Unión Europea y gestión del espectro,"Conectividad satelital, NTN y D2D",Conectividad satelital,Nota técnica,Alta,1,1,Cullen International,"MEO, Servicios Satelitales Móviles (MSS), Servicios Satelitales Fijos (FSS), D2D, IoT, Infraestructura Europea de Comunicaciones Cuánticas (EuroQCI), Sistemas de comunicación híbridos (satélite y componentes terrestres complementarios)","Banda de 2 GHz (1980–2010 MHz, 2170–2200 MHz), Banda L (1–2 GHz), Banda S (2–4 GHz), banda Ku, Banda K (18–27 GHz), banda Ka, Banda V (37.5–43.5 GHz, 47.2–50.2 GHz, 50.4–52.4 GHz)","Conectividad satelital, NTN y D2D; tecnologías: MEO, Servicios Satelitales Móviles (MSS), Servicios Satelitales Fijos (FSS), D2D; bandas: Banda de 2 GHz (1980–2010 MHz, 2170–2200 MHz), Banda L (1–2 GHz), Banda S (2–4 GHz), banda Ku.",10.0,3.0,13.0
Estado del espectro 5G por encima de 24 GHz en las Américas,Disponibilidad de espectro para IMT,Disponibilidad de espectro,Ajuste a iniciativa existente,Alta,1,1,Cullen International,"5G, IMT, Redes móviles, Redes fijas","26 GHz, 28 GHz, 37 GHz, 66–71 GHz (66 GHz), 45.5–47 GHz (47 GHz), 47.2–48.2 GHz, 24 GHz, 39 GHz, 40 GHz, 3.5 GHz, 410 MHz, 900 MHz, 6 GHz, mmWave","Disponibilidad de espectro para IMT; tecnologías: 5G, IMT, Redes móviles, Redes fijas; bandas: 26 GHz, 28 GHz, 37 GHz, 66–71 GHz (66 GHz).",10.0,3.0,13.0
Expansión del uso de la banda de 900 MHz para redes privadas en EE. UU.,Disponibilidad de espectro para IMT,Disponibilidad de espectro,Ajuste a iniciativa existente,Alta,1,1,Cullen International,"LTE, 5G, GSM, Narrowband, Broadband, SMR, B/ILT, Wireless networks","900 MHz, 896–901 MHz, 935–940 MHz, 2x5 MHz, 2x3 MHz, Band 106, Band n106, 880–915 MHz, 925–960 MHz, 902–928 MHz, Band 8, Band n8, 2x12.5 kHz","Disponibilidad de espectro para IMT; tecnologías: LTE, 5G, GSM, Narrowband; bandas: 900 MHz, 896–901 MHz, 935–940 MHz, 2x5 MHz.",10.0,3.0,13.0
Extensión de licencias móviles y obligaciones de cobertura en Alemania,"6 GHz, Wi-Fi e IMT",Disponibilidad de espectro,Seguimiento,Alta,1,1,Cullen International,"Redes móviles, Tecnologías inalámbricas","800 MHz, 1800 MHz, 2.6 GHz, Bajo 1 GHz","6 GHz, Wi-Fi e IMT; tecnologías: Redes móviles, Tecnologías inalámbricas; bandas: 800 MHz, 1800 MHz, 2.6 GHz, Bajo 1 GHz.",10.0,3.0,13.0
Estrategias y políticas de espectro para 5G y 6G en Europa,Disponibilidad de espectro para IMT,Disponibilidad de espectro,Ajuste a iniciativa existente,Alta,1,1,Cullen International,"5G, 6G, Redes Gigabit, FTTH, Redes inalámbricas de alta velocidad de próxima generación, 4G, 3G","700 MHz, 3.4–3.8 GHz, 6 GHz, 2.1 GHz, 3.5 GHz, 470-694 MHz","Disponibilidad de espectro para IMT; tecnologías: 5G, 6G, Redes Gigabit, FTTH; bandas: 700 MHz, 3.4–3.8 GHz, 6 GHz, 2.1 GHz.",10.0,3.0,13.0
Estrategias y bandas pioneras para el despliegue de 5G en América,Disponibilidad de espectro para IMT,Disponibilidad de espectro,Ajuste a iniciativa existente,Alta,1,1,Cullen International,"5G, 4G, IoT, Robótica","3.5 GHz, Below 1 GHz, 6 GHz, 600 MHz, 700 MHz, Above 24 GHz, 3.45–4 GHz, 3.65–3.9 GHz, 3.45–3.65 GHz, 3400–3600 MHz, AWS, 26 GHz, 2.3 GHz, 28 GHz, 2.5 GHz, 800 MHz, 850 MHz, 1427–1517 MHz, 2.1 GHz, 1.9 GHz, 1427–1518 MHz, 2.3–2.4 GHz, 2.5–2.69 GHz, 3.3–3.4 GHz, 4.8–4.9 GHz, 24.25–27.5 GHz, 3.4–3.7 GHz, 3.3–3.8 GHz, mmWave","Disponibilidad de espectro para IMT; tecnologías: 5G, 4G, IoT, Robótica; bandas: 3.5 GHz, Below 1 GHz, 6 GHz, 600 MHz.",10.0,3.0,13.0
Gestión del dividendo digital y reasignación de espectro para servicios móviles,Disponibilidad de espectro para IMT,Disponibilidad de espectro,Ajuste a iniciativa existente,Alta,1,1,Cullen International,"Digital Terrestrial Television (DTT), Mobile Broadband, 4G, Wireless Local Area Networks (WLAN), Wireless Metropolitan Area Networks (WMAN), IMT (International Mobile Telecommunications)","700 MHz, 600 MHz, UHF, 800 MHz, 12 GHz (12.2–12.7 GHz)","Disponibilidad de espectro para IMT; tecnologías: Digital Terrestrial Television (DTT), Mobile Broadband, 4G, Wireless Local Area Networks (WLAN); bandas: 700 MHz, 600 MHz, UHF, 800 MHz.",10.0,3.0,13.0
Panorama global de bandas de espectro para 4G y 5G,Disponibilidad de espectro para IMT,Disponibilidad de espectro,Ajuste a iniciativa existente,Alta,1,1,Cullen International,"LTE, 5G, Wi-Fi, GSM, UMTS, Intelligent Transport Systems (ITS), DVB-T, DAB radio, Radio enlaces","450 MHz, 600 MHz, 700 MHz, 800 MHz, SMR, 850 MHz, 900 MHz, 1500 MHz, 1800 MHz, 1900 MHz, AWS band, 2.1 GHz, 2.3 GHz, 2.4 GHz, 2.6 GHz, 3.5 GHz, 4.4–5.0 GHz, 5 GHz, 5.9 GHz, 6 GHz, >24 GHz, 26 GHz, 40 GHz, 47.2–48.2 GHz, HF, VHF, UHF, L-band, S-band, C-band, X-band, banda Ku, K-band, banda Ka, V-band, W-band, G-band, E-band, T-Band","Disponibilidad de espectro para IMT; tecnologías: LTE, 5G, Wi-Fi, GSM; bandas: 450 MHz, 600 MHz, 700 MHz, 800 MHz.",10.0,3.0,13.0
Panorama de bandas de espectro para tecnologías móviles y Wi-Fi en Europa y América,"Conectividad satelital, NTN y D2D",Conectividad satelital,Nota técnica,Alta,1,1,Cullen International,"LTE, 5G, Wi-Fi, GSM, UMTS, NTN, Satélites (MSS), Intelligent Transport Systems (ITS), DVB-T, DAB radio","450 MHz, 600 MHz, 700 MHz, 800 MHz, 850 MHz, 900 MHz, 1500 MHz, 1600/2400 MHz, 1800 MHz, 1900 MHz, AWS band, 2.1 GHz, 2 GHz MSS, 2.3 GHz, 2.4 GHz, 2.6 GHz, 3.5 GHz, 4.4–5.0 GHz, 5 GHz, 5.9 GHz, 6 GHz, 10–30 GHz, >24 GHz, mmWave, 26 GHz, 37 GHz, 47 GHz, 57-71 GHz, HF, VHF, UHF, L-band, S-band, C-band, X-band, banda Ku, K-band, banda Ka, V-band, W-band, G-band, E-band, D-Band, T-Band","Conectividad satelital, NTN y D2D; tecnologías: LTE, 5G, Wi-Fi, GSM; bandas: 450 MHz, 600 MHz, 700 MHz, 800 MHz.",10.0,3.0,13.0
Oposición a la centralización de la gestión del espectro y autorización satelital en la UE,"Conectividad satelital, NTN y D2D",Conectividad satelital,Nota técnica,Alta,1,1,Cullen International,"NTN, Satélites, D2D",Mobile bands,"Conectividad satelital, NTN y D2D; tecnologías: NTN, Satélites, D2D; bandas: Mobile bands.",10.0,3.0,13.0
Marco de renovación de licencias de espectro en América,Disponibilidad de espectro para IMT,Disponibilidad de espectro,Ajuste a iniciativa existente,Alta,1,1,Cullen International,"Servicios móviles comerciales, Servicios de comunicación inalámbrica, Banda ancha móvil","850 MHz, 1900 MHz, 700 MHz, AWS, 3.5 GHz, 900 MHz, 1800 MHz, 2100 MHz, 2.3 GHz, 2500-2690 MHz, 2600 MHz, 3400 MHz, 800 MHz","Disponibilidad de espectro para IMT; tecnologías: Servicios móviles comerciales, Servicios de comunicación inalámbrica, Banda ancha móvil; bandas: 850 MHz, 1900 MHz, 700 MHz, AWS.",10.0,3.0,13.0
Medidas regulatorias para fomentar la entrada de nuevos operadores en subastas de espectro,Disponibilidad de espectro para IMT,Disponibilidad de espectro,Ajuste a iniciativa existente,Alta,1,1,Cullen International,"Redes móviles, 5G, Banda ancha inalámbrica, WiMAX, RAN sharing, WLL","700 MHz, 800 MHz, 900 MHz, 1500 MHz, 1800 MHz, 2.1 GHz, 2.3 GHz, 2.6 GHz, 6 GHz, 3.4-3.8 GHz, 3.5 GHz, 3.6-3.8 GHz, 1452-1492 MHz, 26 GHz, Bandas por debajo de 1 GHz","Disponibilidad de espectro para IMT; tecnologías: Redes móviles, 5G, Banda ancha inalámbrica, WiMAX; bandas: 700 MHz, 800 MHz, 900 MHz, 1500 MHz.",10.0,3.0,13.0
Marco regulatorio armonizado de la UE para el espectro y servicios satelitales,"Conectividad satelital, NTN y D2D",Conectividad satelital,Nota técnica,Alta,1,1,Cullen International,"Redes satelitales, Servicios de comunicación satelital, Redes terrestres, D2D","Bandas de espectro satelital, Bandas móviles","Conectividad satelital, NTN y D2D; tecnologías: Redes satelitales, Servicios de comunicación satelital, Redes terrestres, D2D; bandas: Bandas de espectro satelital, Bandas móviles.",10.0,3.0,13.0
Marco legal y regulatorio de la gestión del espectro radioeléctrico en Europa,Armonización y gestión internacional,Gestión internacional del espectro,Seguimiento,Alta,1,1,Cullen International,"Espectro radioeléctrico, Comunicaciones electrónicas, Radiotelegrafía","UHF, 470–790 MHz","Armonización y gestión internacional; tecnologías: Espectro radioeléctrico, Comunicaciones electrónicas, Radiotelegrafía; bandas: UHF, 470–790 MHz.",10.0,3.0,13.0
Límites de espectro (spectrum caps) y su aplicación regulatoria,Disponibilidad de espectro para IMT,Disponibilidad de espectro,Ajuste a iniciativa existente,Alta,1,1,Cullen International,"5G, Servicios móviles, Broadband Radio Service (BRS)","<1 GHz, 1-3 GHz, 6 GHz, >24 GHz, 700 MHz, 1800 MHz, 2.1 GHz, 2.3 GHz, 2.5 GHz, 3.5 GHz, 3.8 GHz, 600 MHz, AWS (1700-2100 MHz), AWS-1 (1710-1755/2110-2155 MHz), 800 MHz, 850 MHz, PCS, 1.7 GHz, 1.9 GHz, 2.6 GHz, 28 GHz, 37 GHz, 39 GHz, mmWave","Disponibilidad de espectro para IMT; tecnologías: 5G, Servicios móviles, Broadband Radio Service (BRS); bandas: <1 GHz, 1-3 GHz, 6 GHz, >24 GHz.",10.0,3.0,13.0
Límites de exposición a campos electromagnéticos (EMF) y su regulación,Disponibilidad de espectro para IMT,Disponibilidad de espectro,Ajuste a iniciativa existente,Alta,1,1,Cullen International,"Redes móviles, 5G, Sistemas de antenas activas, Dispositivos portátiles","100 kHz a 300 GHz, 3 kHz a 300 GHz, 400 MHz a 2 GHz, 2 GHz a 300 GHz, 6 GHz, 9 KHz a 2700 MHz, 2700 MHz a 300 GHz","Disponibilidad de espectro para IMT; tecnologías: Redes móviles, 5G, Sistemas de antenas activas, Dispositivos portátiles; bandas: 100 kHz a 300 GHz, 3 kHz a 300 GHz, 400 MHz a 2 GHz, 2 GHz a 300 GHz.",10.0,3.0,13.0
Límites de exposición a campos electromagnéticos y su regulación,Disponibilidad de espectro para IMT,Disponibilidad de espectro,Ajuste a iniciativa existente,Alta,1,1,Cullen International,"Redes móviles, Sistemas de antenas activas, Teléfonos móviles","Hasta 300 GHz, 100 kHz a 300 GHz, 3.5 GHz, 2 a 300 GHz, Menos de 2 GHz, 400 MHz a 300 GHz, 400 MHz a 2 GHz, 900 MHz, 6 GHz, 6 a 300 GHz","Disponibilidad de espectro para IMT; tecnologías: Redes móviles, Sistemas de antenas activas, Teléfonos móviles; bandas: Hasta 300 GHz, 100 kHz a 300 GHz, 3.5 GHz, 2 a 300 GHz.",10.0,3.0,13.0
Licenciamiento de bandas móviles tradicionales en Europa,Disponibilidad de espectro para IMT,Disponibilidad de espectro,Ajuste a iniciativa existente,Alta,1,1,Cullen International,"GSM, UMTS, LTE, WiMAX, 5G, DECT","800 MHz, 900 MHz, 1800 MHz, 2.1 GHz, 2.6 GHz, 3.4-3.8 GHz","Disponibilidad de espectro para IMT; tecnologías: GSM, UMTS, LTE, WiMAX; bandas: 800 MHz, 900 MHz, 1800 MHz, 2.1 GHz.",10.0,3.0,13.0
Implementación y armonización de bandas pioneras 5G en la UE,Disponibilidad de espectro para IMT,Disponibilidad de espectro,Ajuste a iniciativa existente,Alta,1,1,Cullen International,"5G, Banda ancha inalámbrica, Redes móviles, TDD","3.4–3.8 GHz, 700 MHz, 26 GHz, 24.25–27.5 GHz, 66–71 GHz, Por debajo de 1 GHz, Por encima de 24 GHz","Disponibilidad de espectro para IMT; tecnologías: 5G, Banda ancha inalámbrica, Redes móviles, TDD; bandas: 3.4–3.8 GHz, 700 MHz, 26 GHz, 24.25–27.5 GHz.",10.0,3.0,13.0
Liberación de la banda de 3.5 GHz en Brasil para 5G,"Conectividad satelital, NTN y D2D",Conectividad satelital,Nota técnica,Alta,1,1,Cullen International,"5G, Televisión satelital (FTA), Televisión digital, Redes móviles","3.5 GHz, 3625–3700 MHz, 3700–4200 MHz, banda Ku","Conectividad satelital, NTN y D2D; tecnologías: 5G, Televisión satelital (FTA), Televisión digital, Redes móviles; bandas: 3.5 GHz, 3625–3700 MHz, 3700–4200 MHz, banda Ku.",10.0,3.0,13.0
Hoja de ruta del espectro 6G en Europa y su regulación,"Conectividad satelital, NTN y D2D",Conectividad satelital,Nota técnica,Alta,1,1,Cullen International,"6G, 5G, NTN, D2D, Sensing y comunicaciones integradas","6 GHz, 700 MHz, 800 MHz, 900 MHz, 1500 MHz, 1800 MHz, 2.1 GHz, 2.6 GHz, 3.5 GHz, 26 GHz, 42 GHz, 3.8–4.2 GHz, 7125–7250 MHz, Bandas Sub-THz","Conectividad satelital, NTN y D2D; tecnologías: 6G, 5G, NTN, D2D; bandas: 6 GHz, 700 MHz, 800 MHz, 900 MHz.",10.0,3.0,13.0
Hoja de ruta 6G de Finlandia para 2025-2030,"Conectividad satelital, NTN y D2D",Conectividad satelital,Nota técnica,Alta,1,1,Cullen International,"6G, 5G, 5G-Advanced, Open RAN, IA, Quantum, Satélites, Cloud, Edge services, Wi-Fi, 4G","6 GHz, 700 MHz","Conectividad satelital, NTN y D2D; tecnologías: 6G, 5G, 5G-Advanced, Open RAN; bandas: 6 GHz, 700 MHz.",10.0,3.0,13.0
Subasta multibanda de espectro en Eslovaquia,Disponibilidad de espectro para IMT,Disponibilidad de espectro,Ajuste a iniciativa existente,Alta,1,1,Cullen International,"4G/LTE, 5G, FDD, TDD, Banda ancha móvil","800 MHz, 900 MHz, 1500 MHz SDL, 2.1 GHz, 2.6 GHz, Banda por debajo de 1 GHz","Disponibilidad de espectro para IMT; tecnologías: 4G/LTE, 5G, FDD, TDD; bandas: 800 MHz, 900 MHz, 1500 MHz SDL, 2.1 GHz.",10.0,3.0,13.0
Uso eficiente del espectro radioeléctrico y su regulación,Otros temas de seguimiento,Necesidades transversales,Seguimiento,Alta,1,1,Cullen International,"Telecomunicaciones, Redes inalámbricas, Redes móviles",3.7-4.2 GHz,"Otros temas de seguimiento; tecnologías: Telecomunicaciones, Redes inalámbricas, Redes móviles; bandas: 3.7-4.2 GHz.",10.0,3.0,13.0
Uso de TV White Spaces para banda ancha,Armonización y gestión internacional,Gestión internacional del espectro,Seguimiento,Alta,1,1,Cullen International,"TVWS, Radio cognitiva, Banda ancha inalámbrica, Servicios de Internet, Servicios fijos de voz y datos, Modem-router, CPE (Customer Premises Equipment), Sistema de televisión digital terrestre","54–72 MHz, 174–216 MHz, 470–608 MHz, 614–698 MHz, 512–608 MHz, 76–88 MHz, 657–663 MHz, 470–698 MHz, 470–488 MHz, 614–644 MHz, 644–698 MHz, 470–692 MHz, VHF, UHF, 600 MHz","Armonización y gestión internacional; tecnologías: TVWS, Radio cognitiva, Banda ancha inalámbrica, Servicios de Internet; bandas: 54–72 MHz, 174–216 MHz, 470–608 MHz, 614–698 MHz.",10.0,3.0,13.0
Subasta de espectro 5G y extensión de licencias en Turquía,Disponibilidad de espectro para IMT,Disponibilidad de espectro,Ajuste a iniciativa existente,Alta,1,1,Cullen International,"5G, Redes móviles, GSM","700 MHz, 3.5 GHz, 900 MHz, 1800 MHz","Disponibilidad de espectro para IMT; tecnologías: 5G, Redes móviles, GSM; bandas: 700 MHz, 3.5 GHz, 900 MHz, 1800 MHz.",10.0,3.0,13.0
Subasta de espectro AWS-3 en Estados Unidos,"Conectividad satelital, NTN y D2D",Conectividad satelital,Nota técnica,Alta,1,1,Cullen International,"5G, IoT, Servicios móviles, Servicios inalámbricos fijos, Banda ancha móvil, Servicios avanzados basados en espectro","1695–1710 MHz, 1755–1780 MHz, 2155–2180 MHz, Banda AWS-3","Conectividad satelital, NTN y D2D; tecnologías: 5G, IoT, Servicios móviles, Servicios inalámbricos fijos; bandas: 1695–1710 MHz, 1755–1780 MHz, 2155–2180 MHz, Banda AWS-3.",10.0,3.0,13.0
Subasta de espectro AWS-3 en Estados Unidos para 5G e IoT,Disponibilidad de espectro para IMT,Disponibilidad de espectro,Ajuste a iniciativa existente,Alta,1,1,Cullen International,"5G, IoT, Advanced Wireless Services (AWS-3), Servicios inalámbricos avanzados, Redes móviles, Estaciones base","AWS-3 band, 1695–1710 MHz, 1755–1780 MHz, 2155–2180 MHz, Bandas medias","Disponibilidad de espectro para IMT; tecnologías: 5G, IoT, Advanced Wireless Services (AWS-3), Servicios inalámbricos avanzados; bandas: AWS-3 band, 1695–1710 MHz, 1755–1780 MHz, 2155–2180 MHz.",10.0,3.0,13.0
Subasta de espectro de 700 MHz en Brasil y obligaciones de cobertura,Disponibilidad de espectro para IMT,Disponibilidad de espectro,Ajuste a iniciativa existente,Alta,1,1,Cullen International,"4G, 5G, Redes móviles","700 MHz, 3.5 GHz, Bandas bajo 1 GHz","Disponibilidad de espectro para IMT; tecnologías: 4G, 5G, Redes móviles; bandas: 700 MHz, 3.5 GHz, Bandas bajo 1 GHz.",10.0,3.0,13.0
Subasta de espectro en Austria para bandas 2.3 GHz y 2.6 GHz,Disponibilidad de espectro para IMT,Disponibilidad de espectro,Ajuste a iniciativa existente,Alta,1,1,Cullen International,"Redes móviles, 4G, 5G","2.3 GHz, 2.6 GHz","Disponibilidad de espectro para IMT; tecnologías: Redes móviles, 4G, 5G; bandas: 2.3 GHz, 2.6 GHz.",10.0,3.0,13.0
Subasta de espectro en Austria para bandas 2.3 GHz y 2.6 GHz y migración a TDD,Disponibilidad de espectro para IMT,Disponibilidad de espectro,Ajuste a iniciativa existente,Alta,1,1,Cullen International,"5G, LTE, FDD, TDD, Redes móviles","2.3 GHz, 2.6 GHz, 900 MHz, 1800 MHz, 2.1 GHz, 3.5 GHz, Band n41","Disponibilidad de espectro para IMT; tecnologías: 5G, LTE, FDD, TDD; bandas: 2.3 GHz, 2.6 GHz, 900 MHz, 1800 MHz.",10.0,3.0,13.0
Subasta de espectro en la banda de 1800 MHz en Suecia,Otros temas de seguimiento,Necesidades transversales,Seguimiento,Alta,1,1,Cullen International,Telecomunicaciones móviles,"1800 MHz, 1755–1780 MHz, 1850–1875 MHz, 1710–1720 MHz, 1805–1815 MHz","Otros temas de seguimiento; tecnologías: Telecomunicaciones móviles; bandas: 1800 MHz, 1755–1780 MHz, 1850–1875 MHz, 1710–1720 MHz.",10.0,3.0,13.0
Subasta de espectro en la banda de 1800 MHz en Suecia,Spectrum sharing y mecanismos flexibles,Innovación en gestión y uso del espectro,Nueva iniciativa,Alta,1,1,Cullen International,"Comunicaciones móviles, Banda ancha móvil","1800 MHz, 1710–1720 MHz, 1805–1815 MHz, 1755–1780 MHz, 1850–1875 MHz","Spectrum sharing y mecanismos flexibles; tecnologías: Comunicaciones móviles, Banda ancha móvil; bandas: 1800 MHz, 1710–1720 MHz, 1805–1815 MHz, 1755–1780 MHz.",10.0,3.0,13.0
Subasta de espectro mmWave en el Reino Unido,Disponibilidad de espectro para IMT,Disponibilidad de espectro,Ajuste a iniciativa existente,Alta,2,1,Cullen International,"mmWave, 5G, Wireless Telegraphy, Redes móviles","26 GHz, 40 GHz, 25.1–27.5 GHz, 40.5–43.5 GHz, 24.45–25.1 GHz, 25.1-27.5 GHz, 40.5-43.5 GHz, 24.45-25.1 GHz, mmWave","Disponibilidad de espectro para IMT; tecnologías: mmWave, 5G, Wireless Telegraphy; bandas: 26 GHz, 40 GHz, 25.1–27.5 GHz, 40.5–43.5 GHz., Disponibilidad de espectro para IMT; tecnologías: mmWave, 5G, Redes móviles; bandas: 26 GHz, 40 GHz, 25.1-27.5 GHz, 40.5-43.5 GHz.",10.0,3.0,13.0
Subasta de espectro móvil de 700 MHz en Bangladesh y desafíos regulatorios,Disponibilidad de espectro para IMT,Disponibilidad de espectro,Ajuste a iniciativa existente,Alta,1,1,Cullen International,"4G, 5G, 2G, Mobile broadband","700 MHz, 1800 MHz, 2100 MHz, 2300 MHz, 2600 MHz, 800 MHz, 900 MHz, 3.5 GHz","Disponibilidad de espectro para IMT; tecnologías: 4G, 5G, 2G, Mobile broadband; bandas: 700 MHz, 1800 MHz, 2100 MHz, 2300 MHz.",10.0,3.0,13.0
Subasta de espectro radioeléctrico en Brasil para servicios móviles y fijos,Disponibilidad de espectro para IMT,Disponibilidad de espectro,Ajuste a iniciativa existente,Alta,1,1,Cullen International,"Servicios móviles, Servicios fijos, Conectividad","700 MHz, 3.5 GHz","Disponibilidad de espectro para IMT; tecnologías: Servicios móviles, Servicios fijos, Conectividad; bandas: 700 MHz, 3.5 GHz.",10.0,3.0,13.0
Subasta de espectro residual y regulación en Canadá,Disponibilidad de espectro para IMT,Disponibilidad de espectro,Ajuste a iniciativa existente,Alta,1,1,Cullen International,"PCS, Tecnologías móviles","1900 MHz (PCS), 2.3 GHz, 3.5 GHz, 3.8 GHz","Disponibilidad de espectro para IMT; tecnologías: PCS, Tecnologías móviles; bandas: 1900 MHz (PCS), 2.3 GHz, 3.5 GHz, 3.8 GHz.",10.0,3.0,13.0
Modificación de asignación de espectro en Chile para conectividad satelital directa a dispositivo (D2D),"Conectividad satelital, NTN y D2D",Conectividad satelital,Nota técnica,Alta,1,1,Cullen International,"D2D, Mobile Satellite Service (MSS), Conectividad satelital","703–748 MHz, 758–803 MHz, 824–849 MHz, 869–894 MHz, 1710–1770 MHz, 1850–1990 MHz, 2110–2160 MHz, 2500–2690 MHz","Conectividad satelital, NTN y D2D; tecnologías: D2D, Mobile Satellite Service (MSS), Conectividad satelital; bandas: 703–748 MHz, 758–803 MHz, 824–849 MHz, 869–894 MHz.",10.0,3.0,13.0
Paraguay aumenta el espectro disponible para 5G en la banda de 3.5 GHz,"Conectividad satelital, NTN y D2D",Conectividad satelital,Nota técnica,Alta,1,1,Cullen International,"5G, IMT, Fixed-Satellite Service (FSS)","3.5 GHz, 3.7–3.8 GHz, 3.3–3.7 GHz, 3.8–4.2 GHz, 3.3–3.8 GHz, 3.4–3.7 GHz, 3.3–3.4 GHz, Below 1 GHz, 6 GHz","Conectividad satelital, NTN y D2D; tecnologías: 5G, IMT, Fixed-Satellite Service (FSS); bandas: 3.5 GHz, 3.7–3.8 GHz, 3.3–3.7 GHz, 3.8–4.2 GHz.",10.0,3.0,13.0
Obligaciones de cobertura y otras condiciones asociadas a los derechos de espectro,"Conectividad satelital, NTN y D2D",Conectividad satelital,Nota técnica,Alta,1,1,Cullen International,"4G, 5G, 3G, 2G, Conectividad móvil, Banda ancha fija y móvil, LTE","700 MHz, 2.6 GHz, 3.5 GHz, 2.5 GHz, 450 MHz, 2.3 GHz, 26 GHz, AWS-3 (1700-2100 MHz), 2500 MHz, 600 MHz, 3.8 GHz","Conectividad satelital, NTN y D2D; tecnologías: 4G, 5G, 3G, 2G; bandas: 700 MHz, 2.6 GHz, 3.5 GHz, 2.5 GHz.",10.0,3.0,13.0
Obligaciones de cobertura móvil más complejas en Europa,Disponibilidad de espectro para IMT,Disponibilidad de espectro,Ajuste a iniciativa existente,Alta,1,1,Cullen International,"Redes móviles, GSM, 5G","700 MHz, 800 MHz","Disponibilidad de espectro para IMT; tecnologías: Redes móviles, GSM, 5G; bandas: 700 MHz, 800 MHz.",10.0,3.0,13.0
Obligaciones de cobertura en la asignación de espectro,Disponibilidad de espectro para IMT,Disponibilidad de espectro,Ajuste a iniciativa existente,Alta,1,1,Cullen International,"GSM, Banda ancha móvil, 5G, 4G, 2G, 3G","800 MHz, 700 MHz, 3.6-3.8 GHz, 450 MHz, 900 MHz, 1800 MHz, 2.1 GHz, 3.5 GHz, 26 GHz, 2.3 GHz, 2.6 GHz","Disponibilidad de espectro para IMT; tecnologías: GSM, Banda ancha móvil, 5G, 4G; bandas: 800 MHz, 700 MHz, 3.6-3.8 GHz, 450 MHz.",10.0,3.0,13.0
Obligaciones de cobertura y otras condiciones en derechos de espectro,Disponibilidad de espectro para IMT,Disponibilidad de espectro,Ajuste a iniciativa existente,Alta,1,1,Cullen International,"4G, 5G, 2G, 3G, Redes móviles, Fibra óptica, MVNO, Compartición de infraestructura, Roaming nacional","700 MHz, 2.6 GHz, 3.5 GHz, 450 MHz, 2.3 GHz, 26 GHz, AWS-3 (1700–2100 MHz), 600 MHz, 3.8 GHz","Disponibilidad de espectro para IMT; tecnologías: 4G, 5G, 2G, 3G; bandas: 700 MHz, 2.6 GHz, 3.5 GHz, 450 MHz.",10.0,3.0,13.0
Preparación de la posición común de la UE para la CMR-27 sobre espectro móvil y D2D,"Conectividad satelital, NTN y D2D",Conectividad satelital,Nota técnica,Alta,1,1,Cullen International,"IMT, D2D, Mobile Satellite Service (MSS), 3G, 4G, 5G, 6G, Digital Terrestrial Television (DTT), Radio altimeters, Satellite services, Air traffic systems, Weather radar, Terrestrial IMT networks, Satellite systems/networks","4400–4800 MHz, 7125–8400 MHz, 14.8–15.35 GHz, 7125–7250 MHz, 700 MHz, 614–694 MHz, 608–614 MHz, 470–694 MHz, 1427–1432 MHz, 1645.5–1646.5 MHz, 1880–1920 MHz, 2010–2025 MHz, 694/698–960 MHz, 1427–1518 MHz, 1710–2200 MHz, 2300–2400 MHz, 2500–2690 MHz, 2120–2160 MHz, 2160–2170 MHz, 2110–2120 MHz, Below 2.7 GHz","Conectividad satelital, NTN y D2D; tecnologías: IMT, D2D, Mobile Satellite Service (MSS), 3G; bandas: 4400–4800 MHz, 7125–8400 MHz, 14.8–15.35 GHz, 7125–7250 MHz.",10.0,3.0,13.0
Propuesta de la FCC para reasignar y subastar la banda 3.98-4.2 GHz en EE. UU.,Disponibilidad de espectro para IMT,Disponibilidad de espectro,Ajuste a iniciativa existente,Alta,1,1,Cullen International,"5G, 6G, Fixed Wireless Access (FWA), Servicios móviles terrestres, Fixed Satellite Service (FSS), Radio altímetros","3.98–4.2 GHz, 3.7–3.98 GHz, 4.2–4.4 GHz, C-band, Mid-band spectrum, 3.98–4.16 GHz, 3.98–4.08 GHz, 4–8 GHz","Disponibilidad de espectro para IMT; tecnologías: 5G, 6G, Fixed Wireless Access (FWA), Servicios móviles terrestres; bandas: 3.98–4.2 GHz, 3.7–3.98 GHz, 4.2–4.4 GHz, C-band.",10.0,3.0,13.0
Propuesta de la UE para la regulación de la banda de 2 GHz para servicios móviles por satélite,"Conectividad satelital, NTN y D2D",Conectividad satelital,Nota técnica,Alta,1,1,Cullen International,"Mobile Satellite Services (MSS), NB-IoT, D2D, IRIS², EU Critical Communication System (EUCCS), Sistemas híbridos",Banda de 2 GHz (1980–2010/2170–2200 MHz),"Conectividad satelital, NTN y D2D; tecnologías: Mobile Satellite Services (MSS), NB-IoT, D2D, IRIS²; bandas: Banda de 2 GHz (1980–2010/2170–2200 MHz).",10.0,3.0,13.0
Políticas de extensión y renovación de licencias de espectro en la UE,Disponibilidad de espectro para IMT,Disponibilidad de espectro,Ajuste a iniciativa existente,Alta,1,1,Cullen International,"Banda ancha móvil, 5G","700 MHz, 3.5 GHz, 900 MHz, 1800 MHz, 2.6 GHz, 2 GHz, 800 MHz, 2.1 GHz, 6 GHz, 3.6-3.8 GHz, 26 GHz","Disponibilidad de espectro para IMT; tecnologías: Banda ancha móvil, 5G; bandas: 700 MHz, 3.5 GHz, 900 MHz, 1800 MHz.",10.0,3.0,13.0
Posición común de la UE para la Conferencia Mundial de Radiocomunicaciones (WRC-27),"Conectividad satelital, NTN y D2D",Conectividad satelital,Nota técnica,Alta,1,1,Cullen International,"5G, 6G, IMT (International Mobile Telecommunications), D2D, NGSO (Non-Geostationary) systems, Satélites, FSS (Fixed Satellite Service), MSS (Mobile Satellite Service), EESS (Earth Exploration Satellite Service), Comunicaciones móviles a bordo (aeronáuticas y marítimas), Radio altimeters, UWB (Ultra-Wide Band)","6 GHz, 47.2–50.2 GHz, 50.4–51.4 GHz, 13.75–14 GHz, 4400–4800 MHz, 7125–8400 MHz, 14.8–15.35 GHz, 1427–1432 MHz, 1645.5–1646.5 MHz, 1880–1920 MHz, 2010–2025 MHz, 694/698–960 MHz, 1427–1518 MHz, 1710–2200 MHz, 2300–2400 MHz, 2500–2690 MHz, 2120–2160 MHz, 2160–2170 MHz, Above 76 GHz, Above 86 GHz, 4200–4400 MHz, 8400–8500 MHz, 614–694 MHz, 608–614 MHz, 470–694 MHz, 700 MHz, UHF","Conectividad satelital, NTN y D2D; tecnologías: 5G, 6G, IMT (International Mobile Telecommunications), D2D; bandas: 6 GHz, 47.2–50.2 GHz, 50.4–51.4 GHz, 13.75–14 GHz.",10.0,3.0,13.0
Políticas de espectro para la digitalización y redes locales,Disponibilidad de espectro para IMT,Disponibilidad de espectro,Ajuste a iniciativa existente,Alta,1,1,GSMA,"5G, 5G-Advanced, 6G, IoT, NB-IoT, Redes privadas, Redes no públicas, Network Slicing, IA, Cloud storage, Cloud computing, Conectividad inalámbrica, Redes locales","Mid-bands, mmWave, High-band spectrum, Low bands (<1 GHz), Coverage bands","Disponibilidad de espectro para IMT; tecnologías: 5G, 5G-Advanced, 6G, IoT; bandas: Mid-bands, mmWave, High-band spectrum, Low bands (<1 GHz).",10.0,3.0,13.0
Políticas de espectro y objetivos nacionales de 5G en Europa,Disponibilidad de espectro para IMT,Disponibilidad de espectro,Ajuste a iniciativa existente,Alta,1,1,Cullen International,"5G, 6G, FTTH, Gigabit network, Mobile broadband, 3G, 4G, DTT, Next-generation wireless high-speed networks","700 MHz, 3.4–3.8 GHz, 26 GHz, 470–694 MHz, 2.1 GHz, Low bands, Mid bands, High bands","Disponibilidad de espectro para IMT; tecnologías: 5G, 6G, FTTH, Gigabit network; bandas: 700 MHz, 3.4–3.8 GHz, 26 GHz, 470–694 MHz.",10.0,3.0,13.0
Planificación y asignación de espectro móvil en Brasil para 2026-2036,Disponibilidad de espectro para IMT,Disponibilidad de espectro,Ajuste a iniciativa existente,Alta,1,1,Cullen International,"International Mobile Telecommunications (IMT), 5G, Future Railway Mobile Communication Systems (FRMCS)","6 GHz, 850 MHz, 2.3 GHz, 2.6 GHz, 3.5 GHz, 26 GHz, 900 MHz, 1800 MHz, 1500 MHz, 1900 MHz (TDD), 4.9 GHz, 2.1 GHz, 10.5 GHz, 450 MHz, Bandas bajas, Bandas medias, Bandas altas","Disponibilidad de espectro para IMT; tecnologías: International Mobile Telecommunications (IMT), 5G, Future Railway Mobile Communication Systems (FRMCS); bandas: 6 GHz, 850 MHz, 2.3 GHz, 2.6 GHz.",10.0,3.0,13.0
Plan de gestión del espectro y agenda regulatoria de Colombia 2026-2030,"Conectividad satelital, NTN y D2D",Conectividad satelital,Nota técnica,Alta,1,1,Cullen International,"IMT, D2D, Redes satelitales, Enlaces de microondas, Redes privadas, 5G, Spectrum sharing","7/8 GHz, 440-470 MHz, 450 MHz, 600 MHz","Conectividad satelital, NTN y D2D; tecnologías: IMT, D2D, Redes satelitales, Enlaces de microondas; bandas: 7/8 GHz, 440-470 MHz, 450 MHz, 600 MHz.",10.0,3.0,13.0
Plan de Subasta de Espectro en México para Banda Ancha Móvil y 5G,Disponibilidad de espectro para IMT,Disponibilidad de espectro,Ajuste a iniciativa existente,Alta,1,1,Cullen International,"5G, Banda Ancha Móvil, Redes inalámbricas","600 MHz, 800 MHz, 1.9 GHz PCS, 2.5 GHz, AWS, Band L","Disponibilidad de espectro para IMT; tecnologías: 5G, Banda Ancha Móvil, Redes inalámbricas; bandas: 600 MHz, 800 MHz, 1.9 GHz PCS, 2.5 GHz.",10.0,3.0,13.0
Plan Nacional de Espectro Radioeléctrico de México 2026-2030,Disponibilidad de espectro para IMT,Disponibilidad de espectro,Ajuste a iniciativa existente,Alta,1,1,Cullen International,"5G, 6G, IoT, IMT, Servicios móviles, Radiodifusión","600 MHz, 800 MHz, 1.9 GHz (PCS), 2.5 GHz, Bandas bajas","Disponibilidad de espectro para IMT; tecnologías: 5G, 6G, IoT, IMT; bandas: 600 MHz, 800 MHz, 1.9 GHz (PCS), 2.5 GHz.",10.0,3.0,13.0
Regulación de límites de espectro (spectrum caps) para preservar la competencia,Disponibilidad de espectro para IMT,Disponibilidad de espectro,Ajuste a iniciativa existente,Alta,1,1,Cullen International,"5G, 4G, Comunicaciones móviles, Wireless Local Loop (WLL)","700 MHz, 3.5 GHz, 3.4-3.8 GHz, 3.6-3.8 GHz, 6 GHz, 900 MHz, 1800 MHz, 2.1 GHz, 2.6 GHz, 2600 MHz, 26 GHz, 26.5-27.5 GHz, 2.3 GHz, 1427-1517 MHz, 1500 MHz, 1452-1492 MHz, 800 MHz, Sub-1 GHz, mmWave","Disponibilidad de espectro para IMT; tecnologías: 5G, 4G, Comunicaciones móviles, Wireless Local Loop (WLL); bandas: 700 MHz, 3.5 GHz, 3.4-3.8 GHz, 3.6-3.8 GHz.",10.0,3.0,13.0
Regulación de la banda de 6 GHz para Wi-Fi en Paraguay,"6 GHz, Wi-Fi e IMT",Disponibilidad de espectro,Seguimiento,Alta,1,1,Cullen International,"Wi-Fi, Aplicaciones de baja potencia (LPI), Aplicaciones de muy baja potencia (VLP)","6 GHz, 5925–6425 MHz, 5925–7125 MHz","6 GHz, Wi-Fi e IMT; tecnologías: Wi-Fi, Aplicaciones de baja potencia (LPI), Aplicaciones de muy baja potencia (VLP); bandas: 6 GHz, 5925–6425 MHz, 5925–7125 MHz.",10.0,3.0,13.0
Regulación de bandas milimétricas para 5G en Europa,"Conectividad satelital, NTN y D2D",Conectividad satelital,Nota técnica,Alta,1,1,Cullen International,"5G, Redes móviles, FWA, Industry 4.0, Campus solutions, Wi-Fi, SRD, Fixed links, Point-to-point, Point-to-multipoint, Radar, Telemetry, Servicios satelitales","26 GHz, 24.25–27.5 GHz, 700 MHz, 3.4–3.8 GHz, 40.5–43.5 GHz, 66–71 GHz, 57–71 GHz, 57–66 GHz, 60 GHz, 37–43.5 GHz, 45.5–47.0 GHz, 47.2–48.2 GHz, 37.5–40.5 GHz, 25.5–25.9 GHz, 26.5–27.5 GHz, 24.3–24.9 GHz, 25,081–25,445 MHz, 26,089–26,453 MHz, 24.65–27.5 GHz, 24.25–24.65 GHz, 57–59 GHz, 59–71 GHz, 25.1–27.5 GHz, 24.25–25.1 GHz, 24.65–25.25 GHz, 24.5–26.45 GHz, 24.5–26.5 GHz, 24.7–27.1 GHz, 24.3–24.7 GHz, 27.1–27.5 GHz","Conectividad satelital, NTN y D2D; tecnologías: 5G, Redes móviles, FWA, Industry 4.0; bandas: 26 GHz, 24.25–27.5 GHz, 700 MHz, 3.4–3.8 GHz.",10.0,3.0,13.0
Regulación de comunicaciones satelitales Direct-to-Device (D2D) en bandas IMT en Chile,"Conectividad satelital, NTN y D2D",Conectividad satelital,Nota técnica,Alta,1,1,Cullen International,"D2D, IMT (International Mobile Telecommunications), Redes satelitales, Redes móviles terrestres, Roaming móvil",Bandas IMT,"Conectividad satelital, NTN y D2D; tecnologías: D2D, IMT (International Mobile Telecommunications), Redes satelitales, Redes móviles terrestres; bandas: Bandas IMT.",10.0,3.0,13.0
Reforma regulatoria europea y gestión del espectro para el futuro de las telecomunicaciones,"6 GHz, Wi-Fi e IMT",Disponibilidad de espectro,Seguimiento,Alta,1,1,Cullen International,"6G, Redes móviles",6 GHz,"6 GHz, Wi-Fi e IMT; tecnologías: 6G, Redes móviles; bandas: 6 GHz.",10.0,3.0,13.0
Reducción del límite de espectro 5G en Argentina,Disponibilidad de espectro para IMT,Disponibilidad de espectro,Ajuste a iniciativa existente,Alta,1,1,Cullen International,"5G, IMT","1427–1518 MHz, 3.5 GHz","Disponibilidad de espectro para IMT; tecnologías: 5G, IMT; bandas: 1427–1518 MHz, 3.5 GHz.",10.0,3.0,13.0
Regulación de bandas Wi-Fi en Europa,Disponibilidad de espectro para IMT,Disponibilidad de espectro,Ajuste a iniciativa existente,Alta,1,1,Cullen International,"Wi-Fi, IEEE 802.11, Bluetooth, Zigbee, LTE, 5G, WAS/RLANs, SRD","2.4 GHz, 5 GHz, 6 GHz, 60 GHz, 863–868 MHz, 902–928 MHz, 3655–3695 MHz, 4900–5000 MHz, 5725–5875 MHz, 5875–5935 MHz","Disponibilidad de espectro para IMT; tecnologías: Wi-Fi, IEEE 802.11, Bluetooth, Zigbee; bandas: 2.4 GHz, 5 GHz, 6 GHz, 60 GHz.",10.0,3.0,13.0
Regulación complementaria para asignación directa de espectro 5G en Perú,Disponibilidad de espectro para IMT,Disponibilidad de espectro,Ajuste a iniciativa existente,Alta,1,1,Cullen International,"5G, Telecomunicaciones","3.5 GHz, 26 GHz, 3400–3600 MHz, Bandas altas","Disponibilidad de espectro para IMT; tecnologías: 5G, Telecomunicaciones; bandas: 3.5 GHz, 26 GHz, 3400–3600 MHz, Bandas altas.",10.0,3.0,13.0
Reducción de ancho de banda para servicios satelitales móviles en 2 GHz,"Conectividad satelital, NTN y D2D",Conectividad satelital,Nota técnica,Alta,1,1,Cullen International,"Servicios satelitales móviles (MSS), IMT, Satélites","2 GHz band, 1990–2025/2170–2200 MHz, 1980–2025 MHz, 2170–2200 MHz, 1850–1910/930–1990 MHz","Conectividad satelital, NTN y D2D; tecnologías: Servicios satelitales móviles (MSS), IMT, Satélites; bandas: 2 GHz band, 1990–2025/2170–2200 MHz, 1980–2025 MHz, 2170–2200 MHz.",10.0,3.0,13.0
Reasignación masiva de espectro en EE. UU. por EchoStar a AT&T y SpaceX,"Conectividad satelital, NTN y D2D",Conectividad satelital,Nota técnica,Alta,1,1,Cullen International,"5G, Direct-to-Cell (D2C), Mobile Virtual Network Operator (MVNO), LTE, Starlink, NTN, Tecnología satelital","3.5 GHz, 600 MHz, AWS-4 (2000–2020/2180–2200 MHz), H block (1915–1920/1995–2000 MHz), 700 MHz, AWS (1710-1755/2110-2155 MHz, 1710-1780/2110-2200 MHz), 40 GHz, 47 GHz, 1900 MHz, 5G band n252, LTE band 25, LTE band 4, 5G band n4, LTE band 66, 5G band n66, LTE bands 2 and 25, 5G band n2 and n25","Conectividad satelital, NTN y D2D; tecnologías: 5G, Direct-to-Cell (D2C), Mobile Virtual Network Operator (MVNO), LTE; bandas: 3.5 GHz, 600 MHz, AWS-4 (2000–2020/2180–2200 MHz), H block (1915–1920/1995–2000 MHz).",10.0,3.0,13.0
Reasignación de licencias locales de espectro en Eslovenia,Disponibilidad de espectro para IMT,Disponibilidad de espectro,Ajuste a iniciativa existente,Alta,1,1,Cullen International,"Servicios de comunicación electrónica inalámbrica, PMSE, Redes privadas","2.3 GHz, 2300–2320 MHz, 2320–2330 MHz, 3.5 GHz, 3400–3420 MHz, 3400–3410 MHz, 3410–3420 MHz, 2390–2400 MHz","Disponibilidad de espectro para IMT; tecnologías: Servicios de comunicación electrónica inalámbrica, PMSE, Redes privadas; bandas: 2.3 GHz, 2300–2320 MHz, 2320–2330 MHz, 3.5 GHz.",10.0,3.0,13.0
Procesos de refarming y gestión del espectro radioeléctrico en América,"Conectividad satelital, NTN y D2D",Conectividad satelital,Nota técnica,Alta,1,1,Cullen International,"2G, 3G, 4G, 5G, IMT (International Mobile Telecommunications), Servicios móviles, Servicios satelitales, Banda ancha inalámbrica, Sistemas de radio troncalizado","600 MHz, 700 MHz, 6 GHz, 3.5 GHz, 3.3–3.4 GHz, 3.6–3.7 GHz, 3475–3650 MHz, 3625–3700 MHz, 900 MHz, 905–915 MHz, 950–960 MHz, 890–960 MHz, 902–940 MHz, 947–960 MHz, 2.6 GHz, 2.5 GHz, 3.8 GHz, 850 MHz, SMR 806–824 MHz, SMR 851–869 MHz, 2.3 GHz, 2300–2330 MHz, 3.7–4.2 GHz, 12–18 GHz, 410–4230 MHz","Conectividad satelital, NTN y D2D; tecnologías: 2G, 3G, 4G, 5G; bandas: 600 MHz, 700 MHz, 6 GHz, 3.5 GHz.",10.0,3.0,13.0
Propuesta regulatoria para redes privadas IMT en Colombia,"Conectividad satelital, NTN y D2D",Conectividad satelital,Nota técnica,Alta,1,1,Cullen International,"IMT, 5G, Redes privadas, FDD, TDD","410 MHz, 900 MHz, 3.5 GHz, 26 GHz","Conectividad satelital, NTN y D2D; tecnologías: IMT, 5G, Redes privadas, FDD; bandas: 410 MHz, 900 MHz, 3.5 GHz, 26 GHz.",10.0,3.0,13.0
Regulación y prácticas de 'spectrum trading' en Europa,Disponibilidad de espectro para IMT,Disponibilidad de espectro,Ajuste a iniciativa existente,Alta,1,1,Cullen International,"Broadband wireless access (BWA), 5G, Redes móviles","800 MHz, 900 MHz, 1800 MHz, 2.1 GHz, 2.6 GHz, 3.4–3.8 GHz, 3.5 GHz, 10.5 GHz, 700 MHz, 2.3 GHz, 24.5–26.5 GHz, 26 GHz","Disponibilidad de espectro para IMT; tecnologías: Broadband wireless access (BWA), 5G, Redes móviles; bandas: 800 MHz, 900 MHz, 1800 MHz, 2.1 GHz.",10.0,3.0,13.0
Regulación y práctica de la compartición de espectro entre redes móviles,"Conectividad satelital, NTN y D2D",Conectividad satelital,Nota técnica,Alta,1,1,Cullen International,"Redes móviles, 5G, LTE, Redes de Acceso Radio (RAN), D2D","3.5 GHz, 26 GHz, 700 MHz, 1800 MHz, 2.1 GHz, 2.3 GHz, 2.6 GHz, 900 MHz","Conectividad satelital, NTN y D2D; tecnologías: Redes móviles, 5G, LTE, Redes de Acceso Radio (RAN); bandas: 3.5 GHz, 26 GHz, 700 MHz, 1800 MHz.",10.0,3.0,13.0
Restablecimiento de las facultades de subasta de espectro de la FCC en EE. UU.,Otros temas de seguimiento,Necesidades transversales,Seguimiento,Alta,1,1,Cullen International,"Telecomunicaciones inalámbricas, Banda ancha móvil","1.3-10.5 GHz, 3.1-3.45 GHz, 7.4-8.4 GHz, AWS-3","Otros temas de seguimiento; tecnologías: Telecomunicaciones inalámbricas, Banda ancha móvil; bandas: 1.3-10.5 GHz, 3.1-3.45 GHz, 7.4-8.4 GHz, AWS-3.",10.0,3.0,13.0
Regulación y gestión del espectro radioeléctrico en Europa con miras a la Digital Networks Act,"Conectividad satelital, NTN y D2D",Conectividad satelital,Nota técnica,Alta,1,1,Cullen International,"Wi-Fi, 5G, 6G, Mobile Satellite Services (MSS), D2D, Digital Terrestrial Television (DTT), Programme Making and Special Events (PMSE), Sistemas de banda ancha inalámbrica terrestre","upper 6 GHz, 470–694 MHz, 3.8–4.2 GHz, 2 GHz MSS (1980–2010 / 2170–2200 MHz), 450 MHz, 700 MHz, 900 MHz, 1800 MHz, 2.1 GHz, 2.3 GHz, 2.6 GHz, 26 GHz, 42 GHz, 5945–6425 MHz, 3.4–4.2 GHz, 4.2–4.4 GHz","Conectividad satelital, NTN y D2D; tecnologías: Wi-Fi, 5G, 6G, Mobile Satellite Services (MSS); bandas: upper 6 GHz, 470–694 MHz, 3.8–4.2 GHz, 2 GHz MSS (1980–2010 / 2170–2200 MHz).",10.0,3.0,13.0
Regulación y gestión del espectro radioeléctrico en Europa,"Conectividad satelital, NTN y D2D",Conectividad satelital,Nota técnica,Alta,1,1,Cullen International,"5G, 6G, Wi-Fi, LTE, IMT, NTN, Fixed Wireless Access (FWA), Integrated Sensing and Communications (ISC)","6 GHz, 3.8-4.2 GHz, 1800 MHz, 26 GHz, 40.5-43.5 GHz, 700 MHz, 800 MHz, 900 MHz, 1500 MHz, 2.1 GHz, 2.6 GHz, 3.5 GHz, 42 GHz, 2.3 GHz, 400 MHz, 380 MHz, 600 MHz, Sub-THz","Conectividad satelital, NTN y D2D; tecnologías: 5G, 6G, Wi-Fi, LTE; bandas: 6 GHz, 3.8-4.2 GHz, 1800 MHz, 26 GHz.",10.0,3.0,13.0
Regulación y despliegue sin permiso de small cells para 5G en la Unión Europea,Disponibilidad de espectro para IMT,Disponibilidad de espectro,Ajuste a iniciativa existente,Alta,1,1,Cullen International,"Small cells (SAWAPs), 5G, 4G, Wi-Fi, Active Antenna Systems (AAS), Macro cells",26 GHz,"Disponibilidad de espectro para IMT; tecnologías: Small cells (SAWAPs), 5G, 4G, Wi-Fi; bandas: 26 GHz.",10.0,3.0,13.0
Regulación y gestión del espectro para servicios satelitales en las Américas,"Conectividad satelital, NTN y D2D",Conectividad satelital,Nota técnica,Alta,1,1,Cullen International,"Satélites, LEO, Geostacionarios, No geostacionarios (NGSO), NTN, 5G, Starlink, Kuiper, Oneweb","L-band (1-2 GHz), S-band (2-4 GHz), C-band (4-8 GHz), X-band (8-12 GHz), banda Ku, K-band (18-27 GHz), banda Ka, V-band (40-75 GHz), 3.5 GHz, 71-76 GHz, 81-86 GHz, 17.3-17.7 GHz, 6 GHz, 18.8-19.3 GHz, 19.7-20.2 GHz, 27.5-29.1 GHz, 29.5-30 GHz, 18.8-20.2 GHz, 27.5-30 GHz","Conectividad satelital, NTN y D2D; tecnologías: Satélites, LEO, Geostacionarios, No geostacionarios (NGSO); bandas: L-band (1-2 GHz), S-band (2-4 GHz), C-band (4-8 GHz), X-band (8-12 GHz).",10.0,3.0,13.0
Regulación y despliegue de la banda de 700 MHz (primer dividendo digital) en América,Disponibilidad de espectro para IMT,Disponibilidad de espectro,Ajuste a iniciativa existente,Alta,1,1,Cullen International,"Banda ancha móvil, Televisión Digital Terrestre (DTT), Televisión Analógica Terrestre, Redes de área local inalámbricas (WLAN), Redes de área metropolitana inalámbricas (WMAN), 5G","700 MHz, 698–806 MHz, UHF, 3.5 GHz, 12.2–12.7 GHz, Canal 69, Canales 52–69, Canales 14 y 15, Canal 51","Disponibilidad de espectro para IMT; tecnologías: Banda ancha móvil, Televisión Digital Terrestre (DTT), Televisión Analógica Terrestre, Redes de área local inalámbricas (WLAN); bandas: 700 MHz, 698–806 MHz, UHF, 3.5 GHz.",10.0,3.0,13.0
Regulación y asignación de recursos para servicios IoT en América,Otros temas de seguimiento,Necesidades transversales,Seguimiento,Alta,1,1,Cullen International,"IoT, M2M, Dispositivos inalámbricos, Servicios móviles, Dispositivos de corto alcance (SRD)","900 MHz, 2.4 GHz, 5.2–5.9 GHz, 433.05–434.79 MHz, 868.175–868.375 MHz, 915–928 MHz, 2400–2483.5 MHz, 5250–5350 MHz, 5470–5725 MHz, 5725–5850 MHz, 928–935 MHz, ISM","Otros temas de seguimiento; tecnologías: IoT, M2M, Dispositivos inalámbricos, Servicios móviles; bandas: 900 MHz, 2.4 GHz, 5.2–5.9 GHz, 433.05–434.79 MHz.",10.0,3.0,13.0
Regulación y asignación de la banda superior de 6 GHz en Europa,"Conectividad satelital, NTN y D2D",Conectividad satelital,Nota técnica,Alta,1,1,Cullen International,"Wi-Fi, 5G, 6G, Tecnologías móviles, Enlaces fijos, Servicio fijo por satélite, Cámaras inalámbricas, Sistemas de transporte inteligentes, Dispositivos de corto alcance (SRD), Sistemas de coordinación de frecuencia automatizada (AFC)","6 GHz, 5945–6425 MHz, 6585–7125 MHz, 6425–6585 MHz, 2.3 GHz, 2.6 GHz, 700 MHz, 800 MHz, 900 MHz, 1500 MHz, 1800 MHz, 2.1 GHz, 3.5 GHz","Conectividad satelital, NTN y D2D; tecnologías: Wi-Fi, 5G, 6G, Tecnologías móviles; bandas: 6 GHz, 5945–6425 MHz, 6585–7125 MHz, 6425–6585 MHz.",10.0,3.0,13.0
Regulación y despliegue de servicios satelitales Direct-to-Device (D2D) en bandas IMT terrestres.,"Conectividad satelital, NTN y D2D",Conectividad satelital,Nota técnica,Alta,1,1,Cullen International,"D2D, LEO, LTE, 5G, International Mobile Telecommunications (IMT), Mobile Satellite Services (MSS), Smartphones, Supplemental Coverage from Space (SCS), Text-to-911","600 MHz, 700 MHz, 850 MHz, AWS, 1800 MHz, 1900 MHz, 2.6 GHz","Conectividad satelital, NTN y D2D; tecnologías: D2D, LEO, LTE, 5G; bandas: 600 MHz, 700 MHz, 850 MHz, AWS.",10.0,3.0,13.0
Regulación y asignación de la banda de 700 MHz para 5G en Europa,Disponibilidad de espectro para IMT,Disponibilidad de espectro,Ajuste a iniciativa existente,Alta,1,1,Cullen International,"5G, Banda ancha inalámbrica, M2M, PPDR, Redes móviles, 4G","700 MHz, 3.4–3.8 GHz, 26 GHz, 703–733 MHz, 758–788 MHz, 694–703 MHz, 733–758 MHz, 698–703 MHz, 753–758 MHz, 733–736 MHz, 788–791 MHz, 738–758 MHz, 614–698 MHz, 736–753 MHz, 694–698 MHz, 736–738 MHz, 743–758 MHz","Disponibilidad de espectro para IMT; tecnologías: 5G, Banda ancha inalámbrica, M2M, PPDR; bandas: 700 MHz, 3.4–3.8 GHz, 26 GHz, 703–733 MHz.",10.0,3.0,13.0
"Regulación y armonización del espectro en Europa para 5G, 6G y nuevas tecnologías","Conectividad satelital, NTN y D2D",Conectividad satelital,Nota técnica,Alta,1,1,Cullen International,"5G, 6G, Wi-Fi, NTN, IoT, SRD, PMSE, Redes privadas","6 GHz, 3.8–4.2 GHz, 700 MHz, 800 MHz, 900 MHz, 1800 MHz, 2.1 GHz, 2.3 GHz, 2.6 GHz, 3.5 GHz, 26 GHz, 40 GHz, 169 MHz, 862–870 MHz, 874–876 MHz, 915–921 MHz, 116–260 GHz, 4400–4800 MHz, 7125–8400 MHz, 14.8–15.35 GHz","Conectividad satelital, NTN y D2D; tecnologías: 5G, 6G, Wi-Fi, NTN; bandas: 6 GHz, 3.8–4.2 GHz, 700 MHz, 800 MHz.",10.0,3.0,13.0
Regulación y acuerdos de compartición de infraestructura y red móvil en América,Disponibilidad de espectro para IMT,Disponibilidad de espectro,Ajuste a iniciativa existente,Alta,1,1,Cullen International,"Redes móviles, 3G, 4G, LTE, MOCN","2.3 GHz, 3.5 GHz, Espectro 4G","Disponibilidad de espectro para IMT; tecnologías: Redes móviles, 3G, 4G, LTE; bandas: 2.3 GHz, 3.5 GHz, Espectro 4G.",10.0,3.0,13.0
Regulación del espectro en la banda de 37 GHz para 5G e IoT en EE. UU.,Disponibilidad de espectro para IMT,Disponibilidad de espectro,Ajuste a iniciativa existente,Alta,1,1,Cullen International,"5G, IoT, Fixed Wireless Broadband, Redes inalámbricas avanzadas","37 GHz, 6 GHz, 37–37.2 GHz","Disponibilidad de espectro para IMT; tecnologías: 5G, IoT, Fixed Wireless Broadband, Redes inalámbricas avanzadas; bandas: 37 GHz, 6 GHz, 37–37.2 GHz.",10.0,3.0,13.0
Regulación de tarifas del espectro radioeléctrico en las Américas,Disponibilidad de espectro para IMT,Disponibilidad de espectro,Ajuste a iniciativa existente,Alta,1,1,Cullen International,"Servicios móviles, Redes IMT, 5G, Inalámbricas","700 MHz, AWS, 6 GHz, 2.5 GHz, 600 MHz, 3.5 GHz, 1.8 GHz, 2.1 GHz, 1900 MHz, 2.6 GHz, 10 GHz","Disponibilidad de espectro para IMT; tecnologías: Servicios móviles, Redes IMT, 5G, Inalámbricas; bandas: 700 MHz, AWS, 6 GHz, 2.5 GHz.",10.0,3.0,13.0
Regulación de servicios satelitales directos a dispositivos (D2D) en bandas IMT terrestres,"Conectividad satelital, NTN y D2D",Conectividad satelital,Nota técnica,Alta,1,1,Cullen International,"D2D, Direct-to-cell (D2C), Direct-to-handset (D2H), LTE (4G), 5G, LEO, NTN, Smartphones","Bandas IMT terrestres, Bandas de espectro MSS, 800 MHz, 900 MHz, 1800 MHz, 2.1 GHz, 2.6 GHz","Conectividad satelital, NTN y D2D; tecnologías: D2D, Direct-to-cell (D2C), Direct-to-handset (D2H), LTE (4G); bandas: Bandas IMT terrestres, Bandas de espectro MSS, 800 MHz, 900 MHz.",10.0,3.0,13.0
Regulación de servicios satelitales directos a dispositivos (D2D) en Canadá,"Conectividad satelital, NTN y D2D",Conectividad satelital,Nota técnica,Alta,1,1,Cullen International,"D2D, Satellite mobile coverage service (SMCS), IMT (International Mobile Telecommunications), NTN, Mobile Satellite Service (MSS), 3GPP Release 17, Redes móviles terrestres","600 MHz, 700 MHz, 850 MHz (824–849/869–894 MHz), AWS (1710–1755/2110–2155 MHz y 1755–1780/2155–2180 MHz), PCS (1850–1915/1930–1995 MHz), 694/698 MHz y 2.7 GHz","Conectividad satelital, NTN y D2D; tecnologías: D2D, Satellite mobile coverage service (SMCS), IMT (International Mobile Telecommunications), NTN; bandas: 600 MHz, 700 MHz, 850 MHz (824–849/869–894 MHz), AWS (1710–1755/2110–2155 MHz y 1755–1780/2155–2180 MHz).",10.0,3.0,13.0
Regulación de servicios directos a dispositivo (D2D) en el Reino Unido,"Conectividad satelital, NTN y D2D",Conectividad satelital,Nota técnica,Alta,1,1,Cullen International,"D2D, Servicios móviles satelitales (MSS), Smartphones, Dispositivos con SIM, Redes terrestres, Transmisiones satelitales, Radars (control de tráfico aéreo)","Bandas móviles por debajo de 3 GHz, 700 MHz, 800 MHz, 900 MHz, 1500 MHz, 1800 MHz, 2.1 GHz, 2.6 GHz, 2.7–3.1 GHz","Conectividad satelital, NTN y D2D; tecnologías: D2D, Servicios móviles satelitales (MSS), Smartphones, Dispositivos con SIM; bandas: Bandas móviles por debajo de 3 GHz, 700 MHz, 800 MHz, 900 MHz.",10.0,3.0,13.0
Transparencia y publicación de mapas de cobertura y sitios móviles,Disponibilidad de espectro para IMT,Disponibilidad de espectro,Ajuste a iniciativa existente,Alta,1,1,Cullen International,"Redes móviles, 2G, 3G, 4G, 5G, LTE, Radiodifusión, Enlaces de microondas, DVB-T",Bandas de frecuencia (mención general),"Disponibilidad de espectro para IMT; tecnologías: Redes móviles, 2G, 3G, 4G; bandas: Bandas de frecuencia (mención general).",10.0,3.0,13.0
Resultados de adjudicación de espectro en América,Disponibilidad de espectro para IMT,Disponibilidad de espectro,Ajuste a iniciativa existente,Alta,1,1,Cullen International,"IMT services, 5G, Redes móviles","700 MHz, 2.6 GHz, 3.5 GHz, 600 MHz, 28 GHz, 2.3 GHz, 900 MHz, Millimetre wave spectrum, AWS-3","Disponibilidad de espectro para IMT; tecnologías: IMT services, 5G, Redes móviles; bandas: 700 MHz, 2.6 GHz, 3.5 GHz, 600 MHz.",10.0,3.0,13.0
Reorganización de la banda de 1800 MHz en Polonia,Otros temas de seguimiento,Necesidades transversales,Seguimiento,Alta,1,1,Cullen International,Telecomunicaciones móviles,1800 MHz,Otros temas de seguimiento; tecnologías: Telecomunicaciones móviles; bandas: 1800 MHz.,10.0,3.0,13.0
Regulación y prácticas de trading de espectro radioeléctrico en América,Disponibilidad de espectro para IMT,Disponibilidad de espectro,Ajuste a iniciativa existente,Alta,1,1,Cullen International,"Conectividad móvil, Servicios inalámbricos, Acceso inalámbrico fijo (FWA)","3.5 GHz, 700 MHz, 1900 MHz, AWS band, 2.5 GHz, Todas las bandas de espectro","Disponibilidad de espectro para IMT; tecnologías: Conectividad móvil, Servicios inalámbricos, Acceso inalámbrico fijo (FWA); bandas: 3.5 GHz, 700 MHz, 1900 MHz, AWS band.",10.0,3.0,13.0
Regulación y uso de la banda de 2.3 GHz en Europa,Disponibilidad de espectro para IMT,Disponibilidad de espectro,Ajuste a iniciativa existente,Alta,1,1,Cullen International,"LTE, 5G, Banda ancha móvil, Redes privadas, Cámaras inalámbricas, Enlaces de video, Comunicaciones de drones, Radioaficionados, PMSE, SAP/SAB, ISM, RFID, AVI, PPDR, Telemetría, MMDS","2.3 GHz, 2.6 GHz","Disponibilidad de espectro para IMT; tecnologías: LTE, 5G, Banda ancha móvil, Redes privadas; bandas: 2.3 GHz, 2.6 GHz.",10.0,3.0,13.0
Regulación y uso de la banda 1427-1517 MHz para Supplemental Downlink (SDL) en Europa,Disponibilidad de espectro para IMT,Disponibilidad de espectro,Ajuste a iniciativa existente,Alta,1,1,Cullen International,"LTE, 5G, Carrier aggregation, Frequency-division duplex (FDD), Time-division duplex (TDD), Supplemental Downlink (SDL), Terrestrial digital audio broadcasting (T-DAB), IMT, Spectrum sharing","1427–1517 MHz, 1452–1492 MHz, 1427–1452 MHz, 1492–1517 MHz, 1492–1518 MHz, VHF, 6 GHz","Disponibilidad de espectro para IMT; tecnologías: LTE, 5G, Carrier aggregation, Frequency-division duplex (FDD); bandas: 1427–1517 MHz, 1452–1492 MHz, 1427–1452 MHz, 1492–1517 MHz.",10.0,3.0,13.0
Renovación de concesiones de espectro en 1900 MHz en México,Otros temas de seguimiento,Necesidades transversales,Seguimiento,Alta,1,1,Cullen International,"4G LTE, Redes móviles","1900 MHz, 1905–1910 MHz, 1985–1990 MHz, 1890–1895 MHz, 1970–1975 MHz","Otros temas de seguimiento; tecnologías: 4G LTE, Redes móviles; bandas: 1900 MHz, 1905–1910 MHz, 1985–1990 MHz, 1890–1895 MHz.",10.0,3.0,13.0
Regulación y uso de la banda superior de 6 GHz en la UE,Disponibilidad de espectro para IMT,Disponibilidad de espectro,Ajuste a iniciativa existente,Alta,1,1,Cullen International,"Wi-Fi, 5G, 6G, IMT, WAS, RLANs, IoT","6 GHz, upper 6 GHz, 3.5 GHz, 4400–4800 MHz, 7125–8400 MHz, 7125–7250 MHz, 14.8–15.35 GHz","Disponibilidad de espectro para IMT; tecnologías: Wi-Fi, 5G, 6G, IMT; bandas: 6 GHz, upper 6 GHz, 3.5 GHz, 4400–4800 MHz.",10.0,3.0,13.0
Resultados de la subasta de espectro mmWave en el Reino Unido,Disponibilidad de espectro para IMT,Disponibilidad de espectro,Ajuste a iniciativa existente,Alta,1,1,Cullen International,"mmWave, 5G, Comunicaciones inalámbricas","26 GHz, 40 GHz, 40.5–43.5 GHz, 26.7–27.5 GHz, 41.5–42.5 GHz, 25.1–25.9 GHz, 40.5–41.5 GHz, 25.9–26.7 GHz, 42.5–43.5 GHz","Disponibilidad de espectro para IMT; tecnologías: mmWave, 5G, Comunicaciones inalámbricas; bandas: 26 GHz, 40 GHz, 40.5–43.5 GHz, 26.7–27.5 GHz.",10.0,3.0,13.0
Subasta de espectro 5G en 3.5 GHz en Paraguay,"Conectividad satelital, NTN y D2D",Conectividad satelital,Nota técnica,Alta,1,1,Cullen International,"5G, Fixed Wireless Access (FWA), Telefonía móvil, 3GPP Release 15, Servicio Fijo por Satélite (FSS)","3.5 GHz, 6 GHz, 3.7–4.2 GHz, 4.2–4.4 GHz","Conectividad satelital, NTN y D2D; tecnologías: 5G, Fixed Wireless Access (FWA), Telefonía móvil, 3GPP Release 15; bandas: 3.5 GHz, 6 GHz, 3.7–4.2 GHz, 4.2–4.4 GHz.",10.0,3.0,13.0
Servicios satelitales directos a dispositivos (D2D),"Conectividad satelital, NTN y D2D",Conectividad satelital,Nota técnica,Alta,1,1,Cullen International,"LTE, 5G, LEO, Beamforming, Phased array antenna, Smartphones, Smartwatches, Chipsets, NTN","Bandas terrestres (IMT), Bandas satelitales (MSS), 6 GHz, Banda MSS de 2 GHz","Conectividad satelital, NTN y D2D; tecnologías: LTE, 5G, LEO, Beamforming; bandas: Bandas terrestres (IMT), Bandas satelitales (MSS), 6 GHz, Banda MSS de 2 GHz.",10.0,3.0,13.0
Reorganización y asignación de la banda 3.4-3.8 GHz para 5G en Europa.,"Conectividad satelital, NTN y D2D",Conectividad satelital,Nota técnica,Alta,1,1,Cullen International,"5G, Redes privadas, FWA, Radars, Amateur radio, Satélites","3.4-3.8 GHz, 3.5 GHz, 700 MHz, 26 GHz, 3.7-3.8 GHz","Conectividad satelital, NTN y D2D; tecnologías: 5G, Redes privadas, FWA, Radars; bandas: 3.4-3.8 GHz, 3.5 GHz, 700 MHz, 26 GHz.",10.0,3.0,13.0
Resultados de la subasta multibanda 5G en Costa Rica,Disponibilidad de espectro para IMT,Disponibilidad de espectro,Ajuste a iniciativa existente,Alta,1,1,Cullen International,"5G, Fixed broadband, Pay TV, VoIP","700 MHz, 2.3 GHz, 3.5 GHz, 26 GHz, 28 GHz, Bandas bajas, Bandas medias, mmWave","Disponibilidad de espectro para IMT; tecnologías: 5G, Fixed broadband, Pay TV, VoIP; bandas: 700 MHz, 2.3 GHz, 3.5 GHz, 26 GHz.",10.0,3.0,13.0
Revisión del plan nacional de frecuencias de Panamá,"Conectividad satelital, NTN y D2D",Conectividad satelital,Nota técnica,Alta,1,1,Cullen International,"IMT, FWA, 5G, Wi-Fi, Satélites","3600–3800 MHz, 2500–2690 MHz, 3300–3600 MHz, 6 GHz, 3500–3700 MHz, 3700–4200 MHz, 902–928 MHz, 2400–2483.5 MHz, 5250–5350 MHz, 24.05–24.25 GHz, 57–64 GHz, 700 MHz, 850 MHz, 1.5 GHz, AWS, 1900 MHz","Conectividad satelital, NTN y D2D; tecnologías: IMT, FWA, 5G, Wi-Fi; bandas: 3600–3800 MHz, 2500–2690 MHz, 3300–3600 MHz, 6 GHz.",10.0,3.0,13.0
Subasta multibanda de espectro IMT en República Dominicana,Disponibilidad de espectro para IMT,Disponibilidad de espectro,Ajuste a iniciativa existente,Alta,1,1,Cullen International,"IMT, 5G, Redes inalámbricas","700 MHz, AWS, 2.3 GHz, 3.5 GHz, 850 MHz, 26 GHz, Bandas bajas, Bandas medias","Disponibilidad de espectro para IMT; tecnologías: IMT, 5G, Redes inalámbricas; bandas: 700 MHz, AWS, 2.3 GHz, 3.5 GHz.",10.0,3.0,13.0
Expansión de conectividad satelital directa a dispositivo en Chile,"Conectividad satelital, NTN y D2D",Conectividad satelital,Nota técnica,Alta,1,1,Cullen International,"D2D, NTN, VoLTE, Redes móviles terrestres",,"Conectividad satelital, NTN y D2D; tecnologías: D2D, NTN, VoLTE, Redes móviles terrestres.",9.0,3.0,12.0
Modernización regulatoria para el despliegue de infraestructura de telecomunicaciones en Singapur,Disponibilidad de espectro para IMT,Disponibilidad de espectro,Ajuste a iniciativa existente,Alta,1,1,Cullen International,"Banda ancha fija (más de 10 Gbps), Redes móviles, 5G, Cables Ethernet Cat 6, Cables Ethernet Cat 7, Cables Ethernet Cat 8, Fibra oscura",,"Disponibilidad de espectro para IMT; tecnologías: Banda ancha fija (más de 10 Gbps), Redes móviles, 5G, Cables Ethernet Cat 6.",9.0,3.0,12.0
Regulación y licenciamiento de estaciones terrenas fijas para servicios satelitales,"Conectividad satelital, NTN y D2D",Conectividad satelital,Nota técnica,Alta,1,1,Cullen International,"Satélites, Estaciones terrenas fijas, Servicios de comunicación satelital, ESIMs (Earth Stations In Motion), NTN",,"Conectividad satelital, NTN y D2D; tecnologías: Satélites, Estaciones terrenas fijas, Servicios de comunicación satelital, ESIMs (Earth Stations In Motion).",9.0,3.0,12.0
Regulación del Servicio Universal y Conectividad en la Unión Europea,"Conectividad satelital, NTN y D2D",Conectividad satelital,Nota técnica,Alta,1,1,Cullen International,"Tecnología móvil, Tecnologías inalámbricas, Tecnologías cableadas, Conectividad satelital, Acceso a internet de banda ancha",,"Conectividad satelital, NTN y D2D; tecnologías: Tecnología móvil, Tecnologías inalámbricas, Tecnologías cableadas, Conectividad satelital.",9.0,3.0,12.0
Regulación y uso de jammers de radiofrecuencia en prisiones para seguridad pública,Otros temas de seguimiento,Necesidades transversales,Seguimiento,Alta,1,1,Cullen International,"Radiofrequency jamming, Wireless communication, Cell phones, Drones",,"Otros temas de seguimiento; tecnologías: Radiofrequency jamming, Wireless communication, Cell phones, Drones.",9.0,3.0,12.0
Venta de operaciones de Telefónica en México y estrategia de espectro,Otros temas de seguimiento,Necesidades transversales,Seguimiento,Alta,1,1,Cullen International,"Redes móviles, Operadores móviles (MNO)",,"Otros temas de seguimiento; tecnologías: Redes móviles, Operadores móviles (MNO).",9.0,3.0,12.0
Planes nacionales de banda ancha y conectividad,"Conectividad satelital, NTN y D2D",Conectividad satelital,Nota técnica,Alta,1,1,Cullen International,"Banda ancha, 4G, 5G, Fibra óptica, Satélites",,"Conectividad satelital, NTN y D2D; tecnologías: Banda ancha, 4G, 5G, Fibra óptica.",9.0,3.0,12.0
Evolución de los servicios de comunicación móvil hacia 6G y Realidad Extendida,Disponibilidad de espectro para IMT,Disponibilidad de espectro,Ajuste a iniciativa existente,Alta,1,1,GSMA,"VoLTE, ViLTE, IMS, 5G, 6G, RCS, SIP, IP, IA, AR, XR, OTT services, CS-fallback, VoNR, IMS Data Channel, Web technologies",,"Disponibilidad de espectro para IMT; tecnologías: VoLTE, ViLTE, IMS, 5G.",9.0,3.0,12.0
Críticas de estados miembros de la UE a la propuesta DNA sobre espectro y regulación,Otros temas de seguimiento,Necesidades transversales,Seguimiento,Alta,1,1,Cullen International,"Banda ancha inalámbrica, Fibra óptica, Redes de conectividad digital, Edge computing, Cloud computing, Servicios de distribución",,"Otros temas de seguimiento; tecnologías: Banda ancha inalámbrica, Fibra óptica, Redes de conectividad digital, Edge computing.",9.0,3.0,12.0
Decisiones regulatorias de Anatel sobre mercados mayoristas y roaming IoT en Brasil,Otros temas de seguimiento,Necesidades transversales,Seguimiento,Alta,1,1,Cullen International,"IoT, 2G, 3G, Redes de cobre fijas, Fibra óptica, Video-on-demand (VoD), MVNO, Líneas arrendadas, Transporte y transmisión de datos de alta capacidad",,"Otros temas de seguimiento; tecnologías: IoT, 2G, 3G, Redes de cobre fijas.",9.0,3.0,12.0
Armonización de la gestión del espectro en la UE a través de la Ley de Redes Digitales (DNA),"Conectividad satelital, NTN y D2D",Conectividad satelital,Nota técnica,Alta,1,1,Cullen International,"5G, 6G, NTN, Satélites, Wireless broadband, D2D",,"Conectividad satelital, NTN y D2D; tecnologías: 5G, 6G, NTN, Satélites.",9.0,3.0,12.0
Compromiso de operadores coreanos para acceso universal a datos móviles y planes 5G de bajo costo bajo la Ley de Inclusión Digital,Disponibilidad de espectro para IMT,Disponibilidad de espectro,Ajuste a iniciativa existente,Alta,1,1,Cullen International,"5G, Wi-Fi, LTE, Intelligent Information Technologies",,"Disponibilidad de espectro para IMT; tecnologías: 5G, Wi-Fi, LTE, Intelligent Information Technologies.",9.0,3.0,12.0
Estrategia de conectividad digital de la UE para 2030,"Conectividad satelital, NTN y D2D",Conectividad satelital,Nota técnica,Alta,1,1,Cullen International,"5G, 6G, Wi-Fi, Fibra óptica (FTTP), Satélites, Cable Docsis 3.1, Redes inalámbricas, Redes fijas, VHCN (Very High Capacity Networks)",,"Conectividad satelital, NTN y D2D; tecnologías: 5G, 6G, Wi-Fi, Fibra óptica (FTTP).",9.0,3.0,12.0
Definición y coinversión en Redes de Muy Alta Capacidad (VHCN) en la Unión Europea,"Conectividad satelital, NTN y D2D",Conectividad satelital,Nota técnica,Alta,1,1,Cullen International,"Redes de Muy Alta Capacidad (VHCN), 5G, Redes de fibra óptica (FTTB, FTTH), Redes inalámbricas, Redes móviles, Wi-Fi, Redes satelitales, DSL, DOCSIS, Ethernet, Acceso Fijo Inalámbrico (FWA)",,"Conectividad satelital, NTN y D2D; tecnologías: Redes de Muy Alta Capacidad (VHCN), 5G, Redes de fibra óptica (FTTB, FTTH), Redes inalámbricas.",9.0,3.0,12.0
Actualización de la regulación satelital en Argentina,"Conectividad satelital, NTN y D2D",Conectividad satelital,Nota técnica,Alta,1,1,Cullen International,"GEO, Satélites (NGSO), Servicios satelitales fijos (FSS), Servicios satelitales móviles (MSS), Servicios satelitales de radiodifusión (BSS), Estaciones terrenas, Estaciones terrenas en movimiento (ESIMs), Ciberseguridad, NTN",,"Conectividad satelital, NTN y D2D; tecnologías: GEO, Satélites (NGSO), Servicios satelitales fijos (FSS), Servicios satelitales móviles (MSS).",9.0,3.0,12.0
Marco regulatorio europeo para servicios de comunicaciones electrónicas,Otros temas de seguimiento,Necesidades transversales,Seguimiento,Alta,1,1,Cullen International,"Banda ancha fija y móvil, Servicios de voz, Servicios de comunicación interpersonal, M2M (Machine-to-Machine), Redes de comunicaciones electrónicas",,"Otros temas de seguimiento; tecnologías: Banda ancha fija y móvil, Servicios de voz, Servicios de comunicación interpersonal, M2M (Machine-to-Machine).",9.0,3.0,12.0
Modificación de tarifas de espectro para servicios satelitales en Perú,"Conectividad satelital, NTN y D2D",Conectividad satelital,Nota técnica,Alta,1,1,Cullen International,"Satélites, ESIM, Internet satelital, Redes móviles",,"Conectividad satelital, NTN y D2D; tecnologías: Satélites, ESIM, Internet satelital, Redes móviles.",9.0,3.0,12.0
Planificación y subastas de espectro radioeléctrico en Brasil,"6 GHz, Wi-Fi e IMT",Disponibilidad de espectro,Seguimiento,Alta,1,1,Cullen International,,"6 GHz, 450 MHz","6 GHz, Wi-Fi e IMT; bandas: 6 GHz, 450 MHz.",9.0,3.0,12.0
Regulación de obligaciones no-SMP y compartición de infraestructura en la UE,"Conectividad satelital, NTN y D2D",Conectividad satelital,Nota técnica,Alta,1,1,Cullen International,"5G, Redes de muy alta capacidad (VHCN), Redes móviles de banda ancha, Sistemas de alerta pública, Redes de cable",,"Conectividad satelital, NTN y D2D; tecnologías: 5G, Redes de muy alta capacidad (VHCN), Redes móviles de banda ancha, Sistemas de alerta pública.",9.0,3.0,12.0
Neutralidad de Red y Principios de Internet Abierta,Otros temas de seguimiento,Necesidades transversales,Seguimiento,Alta,1,1,Cullen International,"IPTV, Video on Demand (VoD), Over-the-top (OTT) services",,"Otros temas de seguimiento; tecnologías: IPTV, Video on Demand (VoD), Over-the-top (OTT) services.",9.0,3.0,12.0
Reforma regulatoria de telecomunicaciones y radiodifusión en México,"Conectividad satelital, NTN y D2D",Conectividad satelital,Nota técnica,Alta,1,1,Cullen International,"Servicios de telecomunicaciones, Servicios de radiodifusión, Sistemas satelitales, Plataformas de gran altitud (globos estratosféricos), Radiocomunicaciones espaciales, Acceso inalámbrico móvil, Spectrum sharing, NTN",,"Conectividad satelital, NTN y D2D; tecnologías: Servicios de telecomunicaciones, Servicios de radiodifusión, Sistemas satelitales, Plataformas de gran altitud (globos estratosféricos).",9.0,3.0,12.0
Recomendaciones de política para el espectro 5G,Disponibilidad de espectro para IMT,Disponibilidad de espectro,Ajuste a iniciativa existente,Alta,1,1,GSMA,"5G, 5G-Advanced, 4G, IoT, IA, Realidad Virtual, Vehículos conectados, Fixed Wireless Access (FWA), Network Slicing, Mobile Edge Computing","Low-band (below 1 GHz), Mid-band (1-8.4 GHz), High-band (above 24 GHz), mmWave, 600 MHz, 700 MHz, 800 MHz, 900 MHz, 1500 MHz, 1700 MHz, 1800 MHz, 2.1 GHz, 2.3 GHz, 2.6 GHz, 3.5 GHz, 4.8 GHz, 6 GHz, 26 GHz, 28 GHz","Disponibilidad de espectro para IMT; tecnologías: 5G, 5G-Advanced, 4G, IoT; bandas: Low-band (below 1 GHz), Mid-band (1-8.4 GHz), High-band (above 24 GHz), mmWave.",10.0,2.0,12.0
Comunicaciones satelitales y su regulación,"Conectividad satelital, NTN y D2D",Conectividad satelital,Nota técnica,Alta,1,1,Cullen International,"Satélites, NTN, Constelaciones satelitales, Banda ancha satelital, Sistemas de navegación por satélite, Inter-satellite links",,"Conectividad satelital, NTN y D2D; tecnologías: Satélites, NTN, Constelaciones satelitales, Banda ancha satelital.",9.0,2.0,11.0
Evaluación y priorización de temas para la Agenda Regulatoria de Espectro ANE 2027-2028,"Conectividad satelital, NTN y D2D",Conectividad satelital,Nota técnica,Alta,1,1,ejercicio preliminar,"IMT, Wi-Fi, AFC, D2D, NTN, MSS, NGSO, GSO, 6G, IMT-2030, 5G-Advanced, ISAC, DTT, DAB, 5G, Redes privadas, GNSS, PNT, IA, UAS/drones, C-V2X, ECall, 2G, 3G, FWA, Radioaltímetros, mmWave","6 GHz, 600 MHz, 700 MHz, Sub-THz, 7 GHz, UHF, 470-694 MHz, Upper C-band, 900 MHz, 26 GHz, 28 GHz, Banda Q, Banda V, Banda E, Banda S, banda Ka","Conectividad satelital, NTN y D2D; tecnologías: IMT, Wi-Fi, AFC, D2D; bandas: 6 GHz, 600 MHz, 700 MHz, Sub-THz.",9.0,2.0,11.0
Gestión del espectro para nuevas tecnologías y redes privadas en América Latina,"Conectividad satelital, NTN y D2D",Conectividad satelital,Nota técnica,Alta,1,1,ejercicio preliminar,"D2D, Conectividad satelital, 4G, 5G, 6G, LEO, Banda ancha satelital a celulares, IoT, Wi-Fi, Wi-Fi 7, IMT, NTN, IA","Banda L MSS, 1670-1675 MHz, 2300-2400 MHz, 6425-7125 MHz, 2500-2690 MHz, 3300-3600 MHz, 5925-7125 MHz, 3.5 GHz, Bandas bajo estudio CMR-27","Conectividad satelital, NTN y D2D; tecnologías: D2D, Conectividad satelital, 4G, 5G; bandas: Banda L MSS, 1670-1675 MHz, 2300-2400 MHz, 6425-7125 MHz.",9.0,2.0,11.0
Tendencias regulatorias y tecnológicas en la gestión del espectro para la conectividad futura,"Conectividad satelital, NTN y D2D",Conectividad satelital,Nota técnica,Alta,1,1,ejercicio preliminar,"D2D, LEO, Banda ancha satelital a celulares, Redes privadas, IoT, IMT (International Mobile Telecommunications), 5G, 6G, Wi-Fi, Wi-Fi 7, NTN, IA","Banda L MSS, 1670-1675 MHz, 2300-2400 MHz, 6425-7125 MHz, 2500-2690 MHz, 3300-3600 MHz, 5925-7125 MHz, 3.5 GHz, Bandas bajo estudio CMR-27","Conectividad satelital, NTN y D2D; tecnologías: D2D, LEO, Banda ancha satelital a celulares, Redes privadas; bandas: Banda L MSS, 1670-1675 MHz, 2300-2400 MHz, 6425-7125 MHz.",9.0,2.0,11.0
Vigilancia tecnológica para la Agenda Regulatoria ANE 2027-2028,"Conectividad satelital, NTN y D2D",Conectividad satelital,Nota técnica,Alta,1,1,ejercicio preliminar,"IMT, Wi-Fi, D2D, NTN, 5G, 6G, LPWAN, IoT, FWA, TDT, PMSE, Edge computing, Small cells, TVWS, Automatización, IA","6 GHz, IMT/MSS, 3.7-4.2 GHz, 26 GHz, Multibanda, Bandas candidatas IMT-2030, 410-470 MHz, mmWave, 23 GHz, 37 GHz, 39.8-42 GHz, 3.3-3.8 GHz, Bandas satelitales (Q/V/E), UHF, 600 MHz, 700 MHz, Bandas licenciadas/no licenciadas, Bandas de microondas (E/W/D), Bandas 2G/3G/4G/5G","Conectividad satelital, NTN y D2D; tecnologías: IMT, Wi-Fi, D2D, NTN; bandas: 6 GHz, IMT/MSS, 3.7-4.2 GHz, 26 GHz.",9.0,2.0,11.0
Gestión y regulación del espectro para nuevas tecnologías y servicios,"Conectividad satelital, NTN y D2D",Conectividad satelital,Nota técnica,Alta,1,1,ejercicio preliminar,"Wi-Fi, IMT, D2D, NTN, HAPS, HIBS, C-V2X, ITS, Satélites, Redes privadas","6 GHz, 7/8 GHz, 14.8-15.35 GHz, Bandas Q/V/E, Bandas altas","Conectividad satelital, NTN y D2D; tecnologías: Wi-Fi, IMT, D2D, NTN; bandas: 6 GHz, 7/8 GHz, 14.8-15.35 GHz, Bandas Q/V/E.",9.0,2.0,11.0
Identificación de temas prioritarios para la Agenda Regulatoria ANE 2027-2028,"Conectividad satelital, NTN y D2D",Conectividad satelital,Nota técnica,Alta,1,1,ejercicio preliminar,"Wi-Fi, IMT, D2D, NTN, 5G-Advanced, 6G, IoT, Satélites, UAS/drones, C-V2X, ITS, HAPS, IA","6 GHz, mmWave, 70/80/90 GHz, 5030-5091 MHz, 5.9 GHz, Banda Q, Banda V, Banda E, Sub-THz, 3.98-4.2 GHz","Conectividad satelital, NTN y D2D; tecnologías: Wi-Fi, IMT, D2D, NTN; bandas: 6 GHz, mmWave, 70/80/90 GHz, 5030-5091 MHz.",9.0,2.0,11.0
Identificación y validación de tendencias regulatorias y tecnológicas clave para la gestión del espectro,"Conectividad satelital, NTN y D2D",Conectividad satelital,Nota técnica,Alta,1,1,ejercicio preliminar,"IMT, Wi-Fi, D2D, NTN, IA, Satélites, ISAC, 5G, 6G, PPDR","6 GHz, Bandas medias-altas, Bandas Q/V/E, Sub-THz","Conectividad satelital, NTN y D2D; tecnologías: IMT, Wi-Fi, D2D, NTN; bandas: 6 GHz, Bandas medias-altas, Bandas Q/V/E, Sub-THz.",9.0,2.0,11.0
Priorización de temas regulatorios para la gestión del espectro y nuevas tecnologías,"Conectividad satelital, NTN y D2D",Conectividad satelital,Nota técnica,Alta,1,1,ejercicio preliminar,"Wi-Fi, Wi-Fi 7, 5G, 6G, IMT-2030, D2D, NTN, Satélites, IoT, IMT, FWA","6 GHz, 6425-7125 MHz, 5925-7125 MHz, 2300-2400 MHz, 3.5 GHz, Banda L MSS, 1670-1675 MHz, 600 MHz, 700 MHz, 2.5 GHz, 27.5-28.35 GHz","Conectividad satelital, NTN y D2D; tecnologías: Wi-Fi, Wi-Fi 7, 5G, 6G; bandas: 6 GHz, 6425-7125 MHz, 5925-7125 MHz, 2300-2400 MHz.",9.0,2.0,11.0
Priorización de temas para la Agenda Regulatoria ANE 2027-2028,"Conectividad satelital, NTN y D2D",Conectividad satelital,Nota técnica,Alta,1,1,ejercicio preliminar,"IMT, Wi-Fi, AFC, D2D, NTN, MSS, NGSO, GSO, 6G, 5G-Advanced, ISAC, DTT, DAB, 5G, Redes privadas, GNSS, PNT, IA, C-V2X, ECall, UAS/drones, IoT, FWA, mmWave, VHF","2 GHz, 6 GHz, 942-947 MHz, 900 MHz, 947 MHz, 703-748 MHz, 758-803 MHz, 700 MHz, 748 MHz, 803 MHz, 850 MHz, 2100 MHz, 5925–6585 MHz, 6585 MHz, 6425-6585 MHz, 6585-7100 MHz, 515 MHz, 7100 MHz, L-band, 1710–1780 MHz, 2110–2200 MHz, 2.1 GHz, 1780 MHz, 2200 MHz, 1618–1626 MHz, 1626 MHz, 19.7-20.2 GHz, 20.2 GHz, 708-718 MHz, 763-773 MHz, 3.5 GHz, 6.425–7.125 GHz, 7.125-7.250 GHz, 7.250 GHz, 400 MHz, 7.125-7.225 GHz, 3.6-3.7 GHz, 7 GHz, 7.225 GHz, 3.7 GHz, 28 GHz, 26 GHz, 174–216 MHz, 470–608 MHz, 600 MHz, 216 MHz, 608 MHz, UHF, 470–614 MHz, 614 MHz, 3.8-4.2 GHz, 4.2 GHz, 24.25–26.5 GHz, 2.6 GHz, 3.4 GHz, 26.5 GHz, 2.3 GHz, 2.5 GHz, 1800 MHz, 935-944 MHz, 944-953 MHz, 953 MHz, 800 MHz, 226 MHz, 4.2-4.4 GHz, 8.4–8.5 GHz, 6.425-7.25 GHz, 4.4 GHz, 8.5 GHz, 6.9 GHz, C-band, 1430-1444 MHz, 4 GHz, 1444 MHz, 1.4 GHz, 5.9 GHz, 3.7–4.2 GHz, 3.98–4.2 GHz, 180 MHz, 3.7–3.98 GHz, 3.98–4.0 GHz, 4.0 GHz, 100 MHz, 3.89-4.2 GHz, 4.0-4.2 GHz, 7-8 GHz, 3600 MHz, 470–510 MHz, 510 MHz","Conectividad satelital, NTN y D2D; tecnologías: IMT, Wi-Fi, AFC, D2D; bandas: 2 GHz, 6 GHz, 942-947 MHz, 900 MHz.",9.0,2.0,11.0
Identificación de temas clave para la agenda regulatoria de espectro,"Conectividad satelital, NTN y D2D",Conectividad satelital,Nota técnica,Alta,1,1,ejercicio preliminar,"Wi-Fi, IMT, D2D, NTN, 5G, 6G, Satélite, IA","6 GHz, UHF, Sub-700, 410/450 MHz, 410-430 MHz, 450-470 MHz, 440-470 MHz","Conectividad satelital, NTN y D2D; tecnologías: Wi-Fi, IMT, D2D, NTN; bandas: 6 GHz, UHF, Sub-700, 410/450 MHz.",9.0,2.0,11.0
Vigilancia tecnológica y regulatoria para la planificación del espectro,"Conectividad satelital, NTN y D2D",Conectividad satelital,Nota técnica,Alta,1,1,ejercicio preliminar,"Wi-Fi, IMT, D2D, NTN, 5G, 6G, LTE, IA, Edge computing, Data centers, Radiodifusión, Satélites","6 GHz, 470-694 MHz, 450 MHz, 410-430 MHz, 450-470 MHz, Sub-700","Conectividad satelital, NTN y D2D; tecnologías: Wi-Fi, IMT, D2D, NTN; bandas: 6 GHz, 470-694 MHz, 450 MHz, 410-430 MHz.",9.0,2.0,11.0
Vigilancia tecnológica y regulatoria para la gestión del espectro y nuevas tecnologías,"Conectividad satelital, NTN y D2D",Conectividad satelital,Nota técnica,Alta,2,1,ejercicio preliminar,"Wi-Fi, IMT, 5G-Advanced, 6G, NTN, D2D, ISAC (Integrated Sensing and Communications), Satélites, HAPS, UAS, Backhaul, RedCap, IA, AFC (Automated Frequency Coordination), 5G, MRSS, FWA, Wi-Fi 7, MSS","6 GHz, 4400-4800 MHz, 7125-8400 MHz, 14.8-15.35 GHz, 694/698 MHz-2.7 GHz, Q/V-band, E-band, W-band, 12.7-13.25 GHz, 42 GHz, 51.4-52.4 GHz, 70/80/90 GHz, 40.5-43.5 GHz, 100-400 GHz (sub-THz), 7/8 GHz, 2.3 GHz, 3.5 GHz, 600 MHz, 2.5 GHz, 700 MHz","Conectividad satelital, NTN y D2D; tecnologías: Wi-Fi, IMT, 5G-Advanced, 6G; bandas: 6 GHz, 4400-4800 MHz, 7125-8400 MHz, 14.8-15.35 GHz., Conectividad satelital, NTN y D2D; tecnologías: IMT, D2D, 5G, 5G-Advanced; bandas: 6 GHz, 7/8 GHz, 2.3 GHz, 3.5 GHz.",9.0,2.0,11.0
Vigilancia tecnológica y regulatoria para la Agenda ANE 2027-2028,"Conectividad satelital, NTN y D2D",Conectividad satelital,Nota técnica,Alta,1,1,ejercicio preliminar,"D2D, NTN, 5G, 6G, Satélite, Small cells, IA","6 GHz, UHF, 410/450 MHz, Sub-700","Conectividad satelital, NTN y D2D; tecnologías: D2D, NTN, 5G, 6G; bandas: 6 GHz, UHF, 410/450 MHz, Sub-700.",9.0,2.0,11.0
Vigilancia tecnológica y regulatoria para la gestión del espectro,"Conectividad satelital, NTN y D2D",Conectividad satelital,Nota técnica,Alta,1,1,ejercicio preliminar,"Wi-Fi, IMT, IMT-2030, 6G, 5G-Advanced, NTN, Satélites, HAPS, UAS, D2D, C-V2X, DTT, FSS, IoT, IA","6 GHz, Sub-THz, Bandas por encima de 100 GHz, Banda Q, Banda V, Banda E, Banda W, 42 GHz, 52 GHz, 70 GHz, 80 GHz, 90 GHz, 40.5-43.5 GHz, 3.7-3.8 GHz, 26 GHz, 5.850-5.925 GHz, 5.9 GHz, UHF, 3.98-4.2 GHz","Conectividad satelital, NTN y D2D; tecnologías: Wi-Fi, IMT, IMT-2030, 6G; bandas: 6 GHz, Sub-THz, Bandas por encima de 100 GHz, Banda Q.",9.0,2.0,11.0
Vigilancia tecnológica y regulatoria para la gestión del espectro radioeléctrico,"Conectividad satelital, NTN y D2D",Conectividad satelital,Nota técnica,Alta,2,1,ejercicio preliminar,"5G, Wi-Fi, LTE, IMT, NTN, Satélites, Redes privadas, NFV/SDN, Automatización, Network slicing, Satélite integrado a redes móviles, MFCN, Edge computing, Caching, API, IMT-2030, 6G, D2D, IoT, Radiodifusión, PMSE","600 MHz, 6 GHz, 26 GHz, 2.3 GHz, 1427-1517 MHz, 700 MHz, 410-430 MHz, 450-470 MHz, 3.4-3.8 GHz, IMT, MSS, Bandas IMT existentes, Bandas IMT bajas, medias y altas, Bandas satelitales, 6425–7125 MHz, Bandas candidatas para 6G, Bandas futuras IMT, Bandas MSS, 470–694 MHz, Multibanda","Conectividad satelital, NTN y D2D; tecnologías: 5G, Wi-Fi, LTE, IMT; bandas: 600 MHz, 6 GHz, 26 GHz, 2.3 GHz., Conectividad satelital, NTN y D2D; tecnologías: 5G, NFV/SDN, Automatización, Network slicing; bandas: Bandas IMT existentes, Bandas IMT bajas, medias y altas, Bandas satelitales, 6425–7125 MHz.",9.0,2.0,11.0
Tendencias regulatorias y tecnológicas en gestión del espectro para nuevas aplicaciones,"Conectividad satelital, NTN y D2D",Conectividad satelital,Nota técnica,Alta,1,1,ejercicio preliminar,"D2D, 5G, 6G, NTN, IoT, Wi-Fi, Redes privadas, LEO, IA, IMT (International Mobile Telecommunications), Wi-Fi 7","Banda L MSS, 1670-1675 MHz, 2300-2400 MHz, 6 GHz, 6425-7125 MHz, 5925-7125 MHz, 2500-2690 MHz, 3300-3600 MHz, 3.5 GHz, Bandas bajo estudio CMR-27","Conectividad satelital, NTN y D2D; tecnologías: D2D, 5G, 6G, NTN; bandas: Banda L MSS, 1670-1675 MHz, 2300-2400 MHz, 6 GHz.",9.0,2.0,11.0
Temas recomendados para la Agenda Regulatoria ANE 2027-2028,"Conectividad satelital, NTN y D2D",Conectividad satelital,Nota técnica,Alta,1,1,ejercicio preliminar,"Redes privadas, GNSS/PNT, Wi-Fi, IMT, D2D, NTN, MSS, NGSO/GSO, IA, 6G, 5G-Advanced, ISAC, 2G/3G, DTT, DAB, 5G, FWA, PMSE, Guerra electrónica","6 GHz, Sub-THz, 7 GHz, Banda Q, Banda V, Banda E, Banda S, banda Ka, 600 MHz, 700 MHz, UHF, 900 MHz, 26 GHz, 28 GHz, mmWave, Upper C-band","Conectividad satelital, NTN y D2D; tecnologías: Redes privadas, GNSS/PNT, Wi-Fi, IMT; bandas: 6 GHz, Sub-THz, 7 GHz, Banda Q.",9.0,2.0,11.0
Tendencias globales en gestión del espectro y nuevas tecnologías inalámbricas,"Conectividad satelital, NTN y D2D",Conectividad satelital,Nota técnica,Alta,1,1,ejercicio preliminar,"D2D, Spectrum sharing, DTT, PMSE, Redes privadas, CBRS, 5G, IMT, NTN, MSS, LEO, Banda ancha satelital","6 GHz, 3.8-4.2 GHz, 4.2 GHz, 2 GHz, 2.3 GHz, 2.5 GHz, 3.4 GHz, 700 MHz, 850 MHz, 1800 MHz","Conectividad satelital, NTN y D2D; tecnologías: D2D, Spectrum sharing, DTT, PMSE; bandas: 6 GHz, 3.8-4.2 GHz, 4.2 GHz, 2 GHz.",9.0,2.0,11.0
Ajuste de la Agenda Regulatoria ANE 2027-2028 basado en tendencias de espectro y telecomunicaciones,"Conectividad satelital, NTN y D2D",Conectividad satelital,Nota técnica,Alta,1,1,ejercicio preliminar,"IMT, 6G, FWA, 5G, D2D, NTN, MSS, PNT/GNSS, CBRS, AFC, SAS, DTT, DAB, IA, ESIM, NGSO/GSO","6 GHz, 700 MHz, 3.8–4.2 GHz, 440–470 MHz, 900 MHz, 2 GHz MSS, 7 GHz, 8 GHz, E-band, banda Ka, UHF","Conectividad satelital, NTN y D2D; tecnologías: IMT, 6G, FWA, 5G; bandas: 6 GHz, 700 MHz, 3.8–4.2 GHz, 440–470 MHz.",9.0,1.0,10.0
Análisis de tendencias regulatorias y tecnológicas para la Agenda ANE 2027-2028,"Conectividad satelital, NTN y D2D",Conectividad satelital,Nota técnica,Alta,1,1,ejercicio preliminar,"5G, 6G, NTN, Satélites, IoT, Wi-Fi, IA, IMT, AFC, D2D, MSS, NGSO, GSO, IMT-2030, 5G-Advanced, ISAC, DTT, DAB, GNSS, PNT","6 GHz, 600 MHz, 700 MHz, Sub-THz, 7 GHz, UHF, mmWave","Conectividad satelital, NTN y D2D; tecnologías: 5G, 6G, NTN, Satélites; bandas: 6 GHz, 600 MHz, 700 MHz, Sub-THz.",9.0,1.0,10.0
Monitoreo de tendencias tecnológicas y regulatorias,"Conectividad satelital, NTN y D2D",Conectividad satelital,Nota técnica,Alta,1,1,CRC,"5G, 6G, Open RAN, NTN, Hyperscaler Cloud, IA, Drones Mensajeros, Realidad Aumentada, Brain-Computer Interfaces, GPS, GSM",,"Conectividad satelital, NTN y D2D; tecnologías: 5G, 6G, Open RAN, NTN.",8.0,2.0,10.0
Monitoreo de tendencias tecnológicas y de mercado en telecomunicaciones,"Conectividad satelital, NTN y D2D",Conectividad satelital,Nota técnica,Alta,1,1,CRC,"5G, Virtualización de funciones de red (NFV), Redes definidas por software (SDN), Edge Computing, Network Slicing, Acceso fijo inalámbrico (FWA), NTN, Taara Kightbridge, FTTx, Fibra óptica con núcleo hueco, Compartición de infraestructura, Redes neutras de fibra óptica, Redes privadas",,"Conectividad satelital, NTN y D2D; tecnologías: 5G, Virtualización de funciones de red (NFV), Redes definidas por software (SDN), Edge Computing.",8.0,2.0,10.0
Regulación de alertas de emergencia móvil en México,Otros temas de seguimiento,Necesidades transversales,No prioritario,Media,1,1,Cullen International,"Alertas de emergencia móvil, 3GPP, Teléfonos móviles",,"Otros temas de seguimiento; tecnologías: Alertas de emergencia móvil, 3GPP, Teléfonos móviles.",5.0,3.0,8.0
Metodología de vigilancia tecnológica para agenda regulatoria,"Conectividad satelital, NTN y D2D",Conectividad satelital,Nota técnica,Alta,1,1,ejercicio preliminar,,,"Conectividad satelital, NTN y D2D.",7.0,1.0,8.0
Metodología de vigilancia tecnológica para agenda regulatoria,Otros temas de seguimiento,Necesidades transversales,Seguimiento,Alta,1,1,ejercicio preliminar,,,Otros temas de seguimiento.,7.0,1.0,8.0
matriz_vigilancia_ampliada_Agenda_2027_2028.xlsx,Otros temas de seguimiento,Necesidades transversales,Seguimiento,Baja,1,1,ejercicio preliminar,,,Otros temas de seguimiento.,3.0,0.0,3.0
