codigo_proyecto,nombre_proyecto,id_actividad,linea_hoja_ruta,actividad,estado_relacion,justificacion
ED01,Actualización y soporte CNABF,A01,"Arquitectura, integración y almacenamiento de datos",Actualizar diagnóstico de la arquitectura de datos.,No cubre,"El proyecto actualiza un reglamento específico, no la arquitectura de datos general."
ED01,Actualización y soporte CNABF,A02,"Arquitectura, integración y almacenamiento de datos",Documentar el inventario de fuentes de información.,No cubre,"El proyecto se centra en la actualización de un reglamento, no en el inventario de fuentes de información."
ED01,Actualización y soporte CNABF,A03,"Arquitectura, integración y almacenamiento de datos",Flujograma de la integración de datos,No cubre,El proyecto actualiza un reglamento y no aborda flujogramas de integración de datos.
ED01,Actualización y soporte CNABF,A04,"Arquitectura, integración y almacenamiento de datos","Establecer interoperabilidad progresiva: APIs, flujos de integración con HORUS, ICC Manager, SGE y si es posible técnicamente con HECAa.",No cubre,El proyecto no aborda la interoperabilidad ni la integración con los sistemas mencionados.
ED01,Actualización y soporte CNABF,A05,"Arquitectura, integración y almacenamiento de datos","Implementar un repositorio maestro que integre CNABF, SGE, ICC Manager, HORUS).",Cubre parcialmente,"El proyecto actualiza el CNABF, que es un componente clave para el repositorio maestro."
ED01,Actualización y soporte CNABF,A06,"Arquitectura, integración y almacenamiento de datos",Migrar hacia un data warehouse institucional (Azure/Microsoft 365).,No cubre,"El proyecto se enfoca en la comparación de documentos técnicos, no en la migración a un data warehouse."
ED01,Actualización y soporte CNABF,A07,Gobernanza de datos,"Crear el comité de la Estrategia de Gestión de datos (Dirección y áreas, incluyendo TI), que tendrá la responsabilidad de definir la política de gobernanza y calidad de datos y su ejecución.",No cubre,"El proyecto es técnico de comparación de regulaciones, no sobre la creación de un comité de gobernanza de datos."
ED01,Actualización y soporte CNABF,A08,Gobernanza de datos,"Definir roles básicos (data owners y stewards) particularmente para los procesos más críticos, como, por ejemplo, el trámite de solicitudes de espectro.",No cubre,"El proyecto es técnico de comparación de regulaciones, no sobre la definición de roles de datos."
ED01,Actualización y soporte CNABF,A09,Gobernanza de datos,Socializar lineamientos mínimos de seguridad y acceso.,No cubre,"El proyecto es técnico de comparación de regulaciones, no sobre lineamientos de seguridad y acceso."
ED01,Actualización y soporte CNABF,A10,Gobernanza de datos,Estandarizar plantillas y procesos en Excel/SharePoint.,No cubre,"El proyecto es técnico de comparación de regulaciones, no sobre estandarización de plantillas."
ED01,Actualización y soporte CNABF,A11,Gobernanza de datos,Fortalecer controles unificados de seguridad y auditoría de accesos.,No cubre,"El proyecto se enfoca en la comparación de reglamentos, no en la seguridad de accesos."
ED01,Actualización y soporte CNABF,A12,Gobernanza de datos,Formalizar políticas de gestión documental con clasificación y versionamiento en SharePoint.,No cubre,"El proyecto se enfoca en la comparación de reglamentos, no en la gestión documental en SharePoint."
ED01,Actualización y soporte CNABF,A13,Gobernanza de datos,Implementar programa institucional de gobernanza de datos.,No cubre,"El proyecto es una actualización técnica específica, no un programa institucional de gobernanza de datos."
ED01,Actualización y soporte CNABF,A14,Gobernanza de datos,Establecer catálogo institucional de metadatos y glosario unificado.,No cubre,"El proyecto se enfoca en la comparación de reglamentos, no en el establecimiento de metadatos o glosarios."
ED01,Actualización y soporte CNABF,A15,Gobernanza de datos,Evaluar la posibilidad de interoperabilidad de la gestión documental con el Ministerio de TIC.,No cubre,"El proyecto se enfoca en la comparación de reglamentos, no en la interoperabilidad documental."
ED01,Actualización y soporte CNABF,A16,Gobernanza de datos,Desplegar un sistema integral de ciberseguridad para datos y aplicaciones críticas.,No cubre,"El proyecto se enfoca en la actualización regulatoria del CNABF, no en ciberseguridad."
ED01,Actualización y soporte CNABF,A17,Analítica de datos,"Tablero de PQR: Consolidado con los aspectos más relevantes en el tratamiento de PQRs, tanto de solicitudes de espectro como de PQR generales",No cubre,"El proyecto se enfoca en la actualización regulatoria del CNABF, no en tableros de PQR."
ED01,Actualización y soporte CNABF,A18,Analítica de datos,Dashboard en Power BI para indicadores IMT: Desarrollar un tablero de control integral para el seguimiento de indicadores económicos del sector de telecomunicaciones (HECAa).,No cubre,"El proyecto se enfoca en la actualización regulatoria del CNABF, no en indicadores IMT."
ED01,Actualización y soporte CNABF,A19,Analítica de datos,Seguimiento de Tiempos SGP y Entidades Externas. aplica para de forma transversal entre las 4 coordinaciones.,No cubre,"El proyecto se enfoca en la actualización regulatoria del CNABF, no en seguimiento de tiempos."
ED01,Actualización y soporte CNABF,A20,Analítica de datos,Visualización de Contactos,No cubre,"El proyecto se enfoca en la actualización regulatoria del CNABF, no en visualización de contactos."
ED01,Actualización y soporte CNABF,A21,Analítica de datos,Tablero Automatizado de Análisis Espectral: análisis de asignación espectral que centralice la información del SGE,No cubre,"El proyecto actualiza un reglamento, no desarrolla un tablero de análisis espectral."
ED01,Actualización y soporte CNABF,A22,Analítica de datos,"Implementar analítica avanzada (IA, ML) aplicada a la gestión del espectro.",Cubre parcialmente,El proyecto usa IA para generar un reporte analítico de cambios en el CNABF.
ED01,Actualización y soporte CNABF,A23,Analítica de datos,Definir líneas de innovación en gestión del espectro con big data e IA.,No cubre,"El proyecto aplica IA, pero no define líneas de innovación estratégicas en gestión del espectro."
ED01,Actualización y soporte CNABF,A24,Optimización,Automatizar completamente la atención de solicitudes de espectro con trazabilidad en línea.,No cubre,"El proyecto se enfoca en la actualización de un reglamento, no en la atención de solicitudes de espectro."
ED01,Actualización y soporte CNABF,A25,Optimización,"Automatizar procesos operativos críticos con Power Automate y Power Apps. Migrar procesos manuales (ej. carga de archivos F1/F3, seguimiento solicitudes, consultas CNABF/SGE) a flujos en Power Automate o scripts estandarizados.",No cubre,"El proyecto usa Python e IA para comparación de documentos, no Power Automate/Apps para procesos operativos."
ED01,Actualización y soporte CNABF,A26,Cultura organizacional en torno a la gestión de datos,Socialización y divulgación de acciones (a realizarse en 2024),No cubre,El proyecto se enfoca en la actualización técnica del CNABF y no en la socialización de acciones.
ED01,Actualización y soporte CNABF,A27,Cultura organizacional en torno a la gestión de datos,"Elaborar manuales de usuario y documentar rutinas críticas (Python, Power BI, procesos manuales).",Cubre parcialmente,"El proyecto implica desarrollo en Python, lo que podría generar rutinas críticas que requerirían documentación."
ED01,Actualización y soporte CNABF,A28,Cultura organizacional en torno a la gestión de datos,Realizar talleres de sensibilización en gestión de datos.,No cubre,El proyecto es técnico y no incluye talleres de sensibilización en gestión de datos.
ED01,Actualización y soporte CNABF,A29,Cultura organizacional en torno a la gestión de datos,"Programa de capacitación continua en Microsoft 365 y gestión de datos: Esto incluye entre otros, Power BI, Power Automate, SharePoint.",No cubre,El proyecto se centra en la actualización del CNABF y no en programas de capacitación en Microsoft 365 o gestión de datos.
ED02,Implementación de hoja de ruta de estrategia de datos de la subdirección y transferencia de conocimientos,A01,"Arquitectura, integración y almacenamiento de datos",Actualizar diagnóstico de la arquitectura de datos.,Cubre parcialmente,La definición de una estrategia de datos implica la revisión o diagnóstico de la arquitectura de datos.
ED02,Implementación de hoja de ruta de estrategia de datos de la subdirección y transferencia de conocimientos,A02,"Arquitectura, integración y almacenamiento de datos",Documentar el inventario de fuentes de información.,Cubre parcialmente,La estrategia de datos de la subdirección requerirá la identificación de fuentes de información.
ED02,Implementación de hoja de ruta de estrategia de datos de la subdirección y transferencia de conocimientos,A03,"Arquitectura, integración y almacenamiento de datos",Flujograma de la integración de datos,Cubre parcialmente,La estrategia de datos puede contemplar la definición de flujos de integración de datos.
ED02,Implementación de hoja de ruta de estrategia de datos de la subdirección y transferencia de conocimientos,A04,"Arquitectura, integración y almacenamiento de datos","Establecer interoperabilidad progresiva: APIs, flujos de integración con HORUS, ICC Manager, SGE y si es posible técnicamente con HECAa.",Cubre parcialmente,La estrategia de datos puede establecer directrices para la interoperabilidad y la integración de sistemas.
ED02,Implementación de hoja de ruta de estrategia de datos de la subdirección y transferencia de conocimientos,A05,"Arquitectura, integración y almacenamiento de datos","Implementar un repositorio maestro que integre CNABF, SGE, ICC Manager, HORUS).",Cubre parcialmente,La estrategia de datos puede definir la necesidad de implementar un repositorio maestro.
ED02,Implementación de hoja de ruta de estrategia de datos de la subdirección y transferencia de conocimientos,A06,"Arquitectura, integración y almacenamiento de datos",Migrar hacia un data warehouse institucional (Azure/Microsoft 365).,Cubre parcialmente,La definición de una hoja de ruta de estrategia de datos podría incluir la migración a un data warehouse.
ED02,Implementación de hoja de ruta de estrategia de datos de la subdirección y transferencia de conocimientos,A07,Gobernanza de datos,"Crear el comité de la Estrategia de Gestión de datos (Dirección y áreas, incluyendo TI), que tendrá la responsabilidad de definir la política de gobernanza y calidad de datos y su ejecución.",Cubre parcialmente,La definición de una hoja de ruta de estrategia de datos es un paso previo o complementario a la creación de un comité de gobernanza.
ED02,Implementación de hoja de ruta de estrategia de datos de la subdirección y transferencia de conocimientos,A08,Gobernanza de datos,"Definir roles básicos (data owners y stewards) particularmente para los procesos más críticos, como, por ejemplo, el trámite de solicitudes de espectro.",Cubre parcialmente,La definición de una hoja de ruta de estrategia de datos podría sentar las bases para definir roles de datos.
ED02,Implementación de hoja de ruta de estrategia de datos de la subdirección y transferencia de conocimientos,A09,Gobernanza de datos,Socializar lineamientos mínimos de seguridad y acceso.,Cubre parcialmente,La definición de una hoja de ruta de estrategia de datos podría incluir lineamientos de seguridad y acceso.
ED02,Implementación de hoja de ruta de estrategia de datos de la subdirección y transferencia de conocimientos,A10,Gobernanza de datos,Estandarizar plantillas y procesos en Excel/SharePoint.,Cubre parcialmente,La definición de una hoja de ruta de estrategia de datos podría incluir la estandarización de plantillas.
ED02,Implementación de hoja de ruta de estrategia de datos de la subdirección y transferencia de conocimientos,A11,Gobernanza de datos,Fortalecer controles unificados de seguridad y auditoría de accesos.,No cubre,"El proyecto define una hoja de ruta de datos, no implementa controles de seguridad de accesos."
ED02,Implementación de hoja de ruta de estrategia de datos de la subdirección y transferencia de conocimientos,A12,Gobernanza de datos,Formalizar políticas de gestión documental con clasificación y versionamiento en SharePoint.,Cubre parcialmente,"La estrategia de gestión de datos podría incluir políticas documentales, pero no se enfoca específicamente en SharePoint."
ED02,Implementación de hoja de ruta de estrategia de datos de la subdirección y transferencia de conocimientos,A13,Gobernanza de datos,Implementar programa institucional de gobernanza de datos.,Cubre,La definición de una hoja de ruta de estrategia de gestión de datos es un paso fundamental para un programa de gobernanza de datos.
ED02,Implementación de hoja de ruta de estrategia de datos de la subdirección y transferencia de conocimientos,A14,Gobernanza de datos,Establecer catálogo institucional de metadatos y glosario unificado.,Cubre parcialmente,"Una estrategia de datos podría contemplar un catálogo de metadatos, pero no es el objetivo principal del proyecto."
ED02,Implementación de hoja de ruta de estrategia de datos de la subdirección y transferencia de conocimientos,A15,Gobernanza de datos,Evaluar la posibilidad de interoperabilidad de la gestión documental con el Ministerio de TIC.,No cubre,"El proyecto define una hoja de ruta de datos, no evalúa la interoperabilidad documental con MinTIC."
ED02,Implementación de hoja de ruta de estrategia de datos de la subdirección y transferencia de conocimientos,A16,Gobernanza de datos,Desplegar un sistema integral de ciberseguridad para datos y aplicaciones críticas.,No cubre,"El proyecto define una hoja de ruta de estrategia de datos, no implementa ciberseguridad."
ED02,Implementación de hoja de ruta de estrategia de datos de la subdirección y transferencia de conocimientos,A17,Analítica de datos,"Tablero de PQR: Consolidado con los aspectos más relevantes en el tratamiento de PQRs, tanto de solicitudes de espectro como de PQR generales",No cubre,"El proyecto define una hoja de ruta de estrategia de datos, no en tableros de PQR."
ED02,Implementación de hoja de ruta de estrategia de datos de la subdirección y transferencia de conocimientos,A18,Analítica de datos,Dashboard en Power BI para indicadores IMT: Desarrollar un tablero de control integral para el seguimiento de indicadores económicos del sector de telecomunicaciones (HECAa).,No cubre,"El proyecto define una hoja de ruta de estrategia de datos, no en indicadores IMT."
ED02,Implementación de hoja de ruta de estrategia de datos de la subdirección y transferencia de conocimientos,A19,Analítica de datos,Seguimiento de Tiempos SGP y Entidades Externas. aplica para de forma transversal entre las 4 coordinaciones.,No cubre,"El proyecto define una hoja de ruta de estrategia de datos, no en seguimiento de tiempos."
ED02,Implementación de hoja de ruta de estrategia de datos de la subdirección y transferencia de conocimientos,A20,Analítica de datos,Visualización de Contactos,No cubre,"El proyecto define una hoja de ruta de estrategia de datos, no en visualización de contactos."
ED02,Implementación de hoja de ruta de estrategia de datos de la subdirección y transferencia de conocimientos,A21,Analítica de datos,Tablero Automatizado de Análisis Espectral: análisis de asignación espectral que centralice la información del SGE,No cubre,"El proyecto define una estrategia de datos, no un tablero específico de análisis espectral."
ED02,Implementación de hoja de ruta de estrategia de datos de la subdirección y transferencia de conocimientos,A22,Analítica de datos,"Implementar analítica avanzada (IA, ML) aplicada a la gestión del espectro.",Cubre parcialmente,La definición de una estrategia de datos es un paso fundamental para la implementación de analítica avanzada.
ED02,Implementación de hoja de ruta de estrategia de datos de la subdirección y transferencia de conocimientos,A23,Analítica de datos,Definir líneas de innovación en gestión del espectro con big data e IA.,Cubre,"El proyecto define una hoja de ruta de estrategia de gestión de datos, relevante para la innovación con big data e IA."
ED02,Implementación de hoja de ruta de estrategia de datos de la subdirección y transferencia de conocimientos,A24,Optimización,Automatizar completamente la atención de solicitudes de espectro con trazabilidad en línea.,No cubre,"El proyecto es estratégico sobre datos, no sobre la automatización de la atención de solicitudes."
ED02,Implementación de hoja de ruta de estrategia de datos de la subdirección y transferencia de conocimientos,A25,Optimización,"Automatizar procesos operativos críticos con Power Automate y Power Apps. Migrar procesos manuales (ej. carga de archivos F1/F3, seguimiento solicitudes, consultas CNABF/SGE) a flujos en Power Automate o scripts estandarizados.",No cubre,"El proyecto es estratégico sobre datos, no sobre la automatización de procesos operativos específicos."
ED02,Implementación de hoja de ruta de estrategia de datos de la subdirección y transferencia de conocimientos,A26,Cultura organizacional en torno a la gestión de datos,Socialización y divulgación de acciones (a realizarse en 2024),Cubre parcialmente,La definición de una hoja de ruta de datos podría implicar la socialización de sus acciones y resultados.
ED02,Implementación de hoja de ruta de estrategia de datos de la subdirección y transferencia de conocimientos,A27,Cultura organizacional en torno a la gestión de datos,"Elaborar manuales de usuario y documentar rutinas críticas (Python, Power BI, procesos manuales).",No cubre,"El proyecto se enfoca en la definición de una hoja de ruta, no en la elaboración de manuales o documentación de rutinas."
ED02,Implementación de hoja de ruta de estrategia de datos de la subdirección y transferencia de conocimientos,A28,Cultura organizacional en torno a la gestión de datos,Realizar talleres de sensibilización en gestión de datos.,Cubre parcialmente,La definición de una estrategia de datos podría requerir o conducir a talleres de sensibilización en gestión de datos.
ED02,Implementación de hoja de ruta de estrategia de datos de la subdirección y transferencia de conocimientos,A29,Cultura organizacional en torno a la gestión de datos,"Programa de capacitación continua en Microsoft 365 y gestión de datos: Esto incluye entre otros, Power BI, Power Automate, SharePoint.",Cubre parcialmente,La definición de una estrategia de datos podría incluir la identificación de necesidades de capacitación en gestión de datos.
ED03,Implementar acciones para ser 20% más eficientes en la ejecución de los procedimientos de radiodifusión,A01,"Arquitectura, integración y almacenamiento de datos",Actualizar diagnóstico de la arquitectura de datos.,No cubre,"El proyecto se centra en la eficiencia de procedimientos, no en el diagnóstico de la arquitectura de datos."
ED03,Implementar acciones para ser 20% más eficientes en la ejecución de los procedimientos de radiodifusión,A02,"Arquitectura, integración y almacenamiento de datos",Documentar el inventario de fuentes de información.,No cubre,El proyecto busca eficiencia en procedimientos y no documenta fuentes de información.
ED03,Implementar acciones para ser 20% más eficientes en la ejecución de los procedimientos de radiodifusión,A03,"Arquitectura, integración y almacenamiento de datos",Flujograma de la integración de datos,Cubre parcialmente,El modelado de datos para la eficiencia de procesos puede requerir flujogramas de integración.
ED03,Implementar acciones para ser 20% más eficientes en la ejecución de los procedimientos de radiodifusión,A04,"Arquitectura, integración y almacenamiento de datos","Establecer interoperabilidad progresiva: APIs, flujos de integración con HORUS, ICC Manager, SGE y si es posible técnicamente con HECAa.",Cubre parcialmente,La automatización de procesos para la eficiencia puede requerir integración con sistemas existentes.
ED03,Implementar acciones para ser 20% más eficientes en la ejecución de los procedimientos de radiodifusión,A05,"Arquitectura, integración y almacenamiento de datos","Implementar un repositorio maestro que integre CNABF, SGE, ICC Manager, HORUS).",No cubre,El proyecto se enfoca en la eficiencia de procedimientos y no en la implementación de un repositorio maestro.
ED03,Implementar acciones para ser 20% más eficientes en la ejecución de los procedimientos de radiodifusión,A06,"Arquitectura, integración y almacenamiento de datos",Migrar hacia un data warehouse institucional (Azure/Microsoft 365).,Cubre parcialmente,El modelado de datos para la eficiencia podría requerir o beneficiarse de un data warehouse.
ED03,Implementar acciones para ser 20% más eficientes en la ejecución de los procedimientos de radiodifusión,A07,Gobernanza de datos,"Crear el comité de la Estrategia de Gestión de datos (Dirección y áreas, incluyendo TI), que tendrá la responsabilidad de definir la política de gobernanza y calidad de datos y su ejecución.",No cubre,"El proyecto se enfoca en la eficiencia de procedimientos, no en la creación de un comité de gobernanza."
ED03,Implementar acciones para ser 20% más eficientes en la ejecución de los procedimientos de radiodifusión,A08,Gobernanza de datos,"Definir roles básicos (data owners y stewards) particularmente para los procesos más críticos, como, por ejemplo, el trámite de solicitudes de espectro.",Cubre parcialmente,La eficiencia en procedimientos de radiodifusión podría implicar la definición de roles de datos para procesos críticos.
ED03,Implementar acciones para ser 20% más eficientes en la ejecución de los procedimientos de radiodifusión,A09,Gobernanza de datos,Socializar lineamientos mínimos de seguridad y acceso.,No cubre,"El proyecto se enfoca en la eficiencia de procedimientos, no en la socialización de lineamientos de seguridad."
ED03,Implementar acciones para ser 20% más eficientes en la ejecución de los procedimientos de radiodifusión,A10,Gobernanza de datos,Estandarizar plantillas y procesos en Excel/SharePoint.,Cubre parcialmente,La estandarización de plantillas y procesos podría contribuir a la eficiencia en los procedimientos de radiodifusión.
ED03,Implementar acciones para ser 20% más eficientes en la ejecución de los procedimientos de radiodifusión,A11,Gobernanza de datos,Fortalecer controles unificados de seguridad y auditoría de accesos.,No cubre,"El proyecto busca eficiencia en procedimientos, no fortalecer controles de seguridad de accesos."
ED03,Implementar acciones para ser 20% más eficientes en la ejecución de los procedimientos de radiodifusión,A12,Gobernanza de datos,Formalizar políticas de gestión documental con clasificación y versionamiento en SharePoint.,No cubre,"El proyecto busca eficiencia en procedimientos, no formalizar políticas documentales en SharePoint."
ED03,Implementar acciones para ser 20% más eficientes en la ejecución de los procedimientos de radiodifusión,A13,Gobernanza de datos,Implementar programa institucional de gobernanza de datos.,No cubre,"El proyecto se enfoca en la eficiencia de procedimientos específicos, no en un programa institucional de gobernanza de datos."
ED03,Implementar acciones para ser 20% más eficientes en la ejecución de los procedimientos de radiodifusión,A14,Gobernanza de datos,Establecer catálogo institucional de metadatos y glosario unificado.,No cubre,"El proyecto busca eficiencia en procedimientos, no establecer un catálogo de metadatos."
ED03,Implementar acciones para ser 20% más eficientes en la ejecución de los procedimientos de radiodifusión,A15,Gobernanza de datos,Evaluar la posibilidad de interoperabilidad de la gestión documental con el Ministerio de TIC.,No cubre,"El proyecto busca eficiencia en procedimientos, no evaluar la interoperabilidad documental."
ED03,Implementar acciones para ser 20% más eficientes en la ejecución de los procedimientos de radiodifusión,A16,Gobernanza de datos,Desplegar un sistema integral de ciberseguridad para datos y aplicaciones críticas.,No cubre,"El proyecto busca eficiencia en procedimientos de radiodifusión, no ciberseguridad."
ED03,Implementar acciones para ser 20% más eficientes en la ejecución de los procedimientos de radiodifusión,A17,Analítica de datos,"Tablero de PQR: Consolidado con los aspectos más relevantes en el tratamiento de PQRs, tanto de solicitudes de espectro como de PQR generales",No cubre,"El proyecto busca eficiencia en procedimientos de radiodifusión, no en tableros de PQR."
ED03,Implementar acciones para ser 20% más eficientes en la ejecución de los procedimientos de radiodifusión,A18,Analítica de datos,Dashboard en Power BI para indicadores IMT: Desarrollar un tablero de control integral para el seguimiento de indicadores económicos del sector de telecomunicaciones (HECAa).,No cubre,"El proyecto busca eficiencia en procedimientos de radiodifusión, no en indicadores IMT."
ED03,Implementar acciones para ser 20% más eficientes en la ejecución de los procedimientos de radiodifusión,A19,Analítica de datos,Seguimiento de Tiempos SGP y Entidades Externas. aplica para de forma transversal entre las 4 coordinaciones.,Cubre,"El proyecto busca reducir los tiempos de ejecución de procedimientos de radiodifusión mediante herramientas de seguimiento, lo que se alinea con el seguimiento de tiempos SGP."
ED03,Implementar acciones para ser 20% más eficientes en la ejecución de los procedimientos de radiodifusión,A20,Analítica de datos,Visualización de Contactos,No cubre,"El proyecto busca eficiencia en procedimientos de radiodifusión, no en visualización de contactos."
ED03,Implementar acciones para ser 20% más eficientes en la ejecución de los procedimientos de radiodifusión,A21,Analítica de datos,Tablero Automatizado de Análisis Espectral: análisis de asignación espectral que centralice la información del SGE,No cubre,"El proyecto busca eficiencia en procedimientos de radiodifusión, no un tablero de análisis espectral."
ED03,Implementar acciones para ser 20% más eficientes en la ejecución de los procedimientos de radiodifusión,A22,Analítica de datos,"Implementar analítica avanzada (IA, ML) aplicada a la gestión del espectro.",Cubre parcialmente,"El proyecto menciona modelado de datos y automatización para eficiencia, lo cual podría implicar analítica."
ED03,Implementar acciones para ser 20% más eficientes en la ejecución de los procedimientos de radiodifusión,A23,Analítica de datos,Definir líneas de innovación en gestión del espectro con big data e IA.,No cubre,"El proyecto se enfoca en eficiencia operativa, no en definir líneas de innovación estratégicas."
ED03,Implementar acciones para ser 20% más eficientes en la ejecución de los procedimientos de radiodifusión,A24,Optimización,Automatizar completamente la atención de solicitudes de espectro con trazabilidad en línea.,Cubre parcialmente,"El proyecto busca automatizar procedimientos de radiodifusión, lo cual podría incluir la atención de solicitudes."
ED03,Implementar acciones para ser 20% más eficientes en la ejecución de los procedimientos de radiodifusión,A25,Optimización,"Automatizar procesos operativos críticos con Power Automate y Power Apps. Migrar procesos manuales (ej. carga de archivos F1/F3, seguimiento solicitudes, consultas CNABF/SGE) a flujos en Power Automate o scripts estandarizados.",Cubre parcialmente,"El proyecto busca automatizar procesos para eficiencia, lo cual se alinea con la automatización de procesos operativos."
ED03,Implementar acciones para ser 20% más eficientes en la ejecución de los procedimientos de radiodifusión,A26,Cultura organizacional en torno a la gestión de datos,Socialización y divulgación de acciones (a realizarse en 2024),No cubre,El proyecto se centra en la eficiencia de procedimientos y no en la socialización de acciones de gestión de datos.
ED03,Implementar acciones para ser 20% más eficientes en la ejecución de los procedimientos de radiodifusión,A27,Cultura organizacional en torno a la gestión de datos,"Elaborar manuales de usuario y documentar rutinas críticas (Python, Power BI, procesos manuales).",Cubre parcialmente,La automatización de procesos y el modelado de datos podrían generar rutinas críticas que requerirán documentación.
ED03,Implementar acciones para ser 20% más eficientes en la ejecución de los procedimientos de radiodifusión,A28,Cultura organizacional en torno a la gestión de datos,Realizar talleres de sensibilización en gestión de datos.,No cubre,El proyecto se enfoca en la eficiencia operativa y no en talleres de sensibilización en gestión de datos.
ED03,Implementar acciones para ser 20% más eficientes en la ejecución de los procedimientos de radiodifusión,A29,Cultura organizacional en torno a la gestión de datos,"Programa de capacitación continua en Microsoft 365 y gestión de datos: Esto incluye entre otros, Power BI, Power Automate, SharePoint.",Cubre parcialmente,La automatización de procesos y el modelado de datos podrían requerir capacitación en herramientas de gestión de datos.
ED04,Fase 1. herramienta de análisis automático satelital vs. Fijo,A01,"Arquitectura, integración y almacenamiento de datos",Actualizar diagnóstico de la arquitectura de datos.,No cubre,El proyecto desarrolla una herramienta específica y no un diagnóstico de arquitectura de datos.
ED04,Fase 1. herramienta de análisis automático satelital vs. Fijo,A02,"Arquitectura, integración y almacenamiento de datos",Documentar el inventario de fuentes de información.,No cubre,El proyecto automatiza un análisis técnico y no documenta fuentes de información.
ED04,Fase 1. herramienta de análisis automático satelital vs. Fijo,A03,"Arquitectura, integración y almacenamiento de datos",Flujograma de la integración de datos,No cubre,El proyecto genera archivos para simulación y no un flujograma de integración de datos.
ED04,Fase 1. herramienta de análisis automático satelital vs. Fijo,A04,"Arquitectura, integración y almacenamiento de datos","Establecer interoperabilidad progresiva: APIs, flujos de integración con HORUS, ICC Manager, SGE y si es posible técnicamente con HECAa.",No cubre,El proyecto desarrolla una herramienta de análisis y no aborda la interoperabilidad con los sistemas mencionados.
ED04,Fase 1. herramienta de análisis automático satelital vs. Fijo,A05,"Arquitectura, integración y almacenamiento de datos","Implementar un repositorio maestro que integre CNABF, SGE, ICC Manager, HORUS).",No cubre,El proyecto desarrolla una herramienta de análisis y no implementa un repositorio maestro.
ED04,Fase 1. herramienta de análisis automático satelital vs. Fijo,A06,"Arquitectura, integración y almacenamiento de datos",Migrar hacia un data warehouse institucional (Azure/Microsoft 365).,No cubre,"El proyecto se enfoca en la automatización de análisis específicos, no en la migración a un data warehouse."
ED04,Fase 1. herramienta de análisis automático satelital vs. Fijo,A07,Gobernanza de datos,"Crear el comité de la Estrategia de Gestión de datos (Dirección y áreas, incluyendo TI), que tendrá la responsabilidad de definir la política de gobernanza y calidad de datos y su ejecución.",No cubre,"El proyecto es una herramienta técnica, no sobre la creación de un comité de gobernanza."
ED04,Fase 1. herramienta de análisis automático satelital vs. Fijo,A08,Gobernanza de datos,"Definir roles básicos (data owners y stewards) particularmente para los procesos más críticos, como, por ejemplo, el trámite de solicitudes de espectro.",No cubre,"El proyecto es una herramienta técnica, no sobre la definición de roles de datos."
ED04,Fase 1. herramienta de análisis automático satelital vs. Fijo,A09,Gobernanza de datos,Socializar lineamientos mínimos de seguridad y acceso.,No cubre,"El proyecto es una herramienta técnica, no sobre la socialización de lineamientos de seguridad."
ED04,Fase 1. herramienta de análisis automático satelital vs. Fijo,A10,Gobernanza de datos,Estandarizar plantillas y procesos en Excel/SharePoint.,No cubre,"El proyecto se enfoca en la generación de archivos .csv, no en la estandarización de plantillas."
ED04,Fase 1. herramienta de análisis automático satelital vs. Fijo,A11,Gobernanza de datos,Fortalecer controles unificados de seguridad y auditoría de accesos.,No cubre,"El proyecto es una herramienta de análisis técnico, no de seguridad de accesos."
ED04,Fase 1. herramienta de análisis automático satelital vs. Fijo,A12,Gobernanza de datos,Formalizar políticas de gestión documental con clasificación y versionamiento en SharePoint.,No cubre,"El proyecto es una herramienta de análisis técnico, no de gestión documental."
ED04,Fase 1. herramienta de análisis automático satelital vs. Fijo,A13,Gobernanza de datos,Implementar programa institucional de gobernanza de datos.,No cubre,"El proyecto es una herramienta específica, no un programa institucional de gobernanza de datos."
ED04,Fase 1. herramienta de análisis automático satelital vs. Fijo,A14,Gobernanza de datos,Establecer catálogo institucional de metadatos y glosario unificado.,Cubre parcialmente,"La validación de datos y clasificación de enlaces implica el uso de metadatos, pero no el establecimiento de un catálogo institucional."
ED04,Fase 1. herramienta de análisis automático satelital vs. Fijo,A15,Gobernanza de datos,Evaluar la posibilidad de interoperabilidad de la gestión documental con el Ministerio de TIC.,No cubre,"El proyecto es una herramienta de análisis técnico, no de interoperabilidad documental."
ED04,Fase 1. herramienta de análisis automático satelital vs. Fijo,A16,Gobernanza de datos,Desplegar un sistema integral de ciberseguridad para datos y aplicaciones críticas.,No cubre,"El proyecto desarrolla una herramienta de análisis de interferencias, no ciberseguridad."
ED04,Fase 1. herramienta de análisis automático satelital vs. Fijo,A17,Analítica de datos,"Tablero de PQR: Consolidado con los aspectos más relevantes en el tratamiento de PQRs, tanto de solicitudes de espectro como de PQR generales",No cubre,"El proyecto desarrolla una herramienta de análisis de interferencias, no en tableros de PQR."
ED04,Fase 1. herramienta de análisis automático satelital vs. Fijo,A18,Analítica de datos,Dashboard en Power BI para indicadores IMT: Desarrollar un tablero de control integral para el seguimiento de indicadores económicos del sector de telecomunicaciones (HECAa).,No cubre,"El proyecto desarrolla una herramienta de análisis de interferencias, no en indicadores IMT."
ED04,Fase 1. herramienta de análisis automático satelital vs. Fijo,A19,Analítica de datos,Seguimiento de Tiempos SGP y Entidades Externas. aplica para de forma transversal entre las 4 coordinaciones.,No cubre,"El proyecto desarrolla una herramienta de análisis de interferencias, no en seguimiento de tiempos."
ED04,Fase 1. herramienta de análisis automático satelital vs. Fijo,A20,Analítica de datos,Visualización de Contactos,No cubre,"El proyecto desarrolla una herramienta de análisis de interferencias, no en visualización de contactos."
ED04,Fase 1. herramienta de análisis automático satelital vs. Fijo,A21,Analítica de datos,Tablero Automatizado de Análisis Espectral: análisis de asignación espectral que centralice la información del SGE,Cubre parcialmente,"El proyecto automatiza el análisis de interferencias, un componente del análisis espectral."
ED04,Fase 1. herramienta de análisis automático satelital vs. Fijo,A22,Analítica de datos,"Implementar analítica avanzada (IA, ML) aplicada a la gestión del espectro.",No cubre,"El proyecto automatiza análisis, pero no menciona el uso de IA/ML."
ED04,Fase 1. herramienta de análisis automático satelital vs. Fijo,A23,Analítica de datos,Definir líneas de innovación en gestión del espectro con big data e IA.,No cubre,"El proyecto es una herramienta operativa, no una definición estratégica de innovación."
ED04,Fase 1. herramienta de análisis automático satelital vs. Fijo,A24,Optimización,Automatizar completamente la atención de solicitudes de espectro con trazabilidad en línea.,No cubre,"El proyecto es una herramienta de análisis técnico, no de atención de solicitudes."
ED04,Fase 1. herramienta de análisis automático satelital vs. Fijo,A25,Optimización,"Automatizar procesos operativos críticos con Power Automate y Power Apps. Migrar procesos manuales (ej. carga de archivos F1/F3, seguimiento solicitudes, consultas CNABF/SGE) a flujos en Power Automate o scripts estandarizados.",Cubre parcialmente,"El proyecto automatiza un proceso técnico crítico, alineándose con la automatización de procesos operativos."
ED04,Fase 1. herramienta de análisis automático satelital vs. Fijo,A26,Cultura organizacional en torno a la gestión de datos,Socialización y divulgación de acciones (a realizarse en 2024),No cubre,El proyecto es de desarrollo de una herramienta técnica y no de socialización de acciones.
ED04,Fase 1. herramienta de análisis automático satelital vs. Fijo,A27,Cultura organizacional en torno a la gestión de datos,"Elaborar manuales de usuario y documentar rutinas críticas (Python, Power BI, procesos manuales).",Cubre parcialmente,El desarrollo de una herramienta de automatización implica la creación de rutinas que requerirán documentación.
ED04,Fase 1. herramienta de análisis automático satelital vs. Fijo,A28,Cultura organizacional en torno a la gestión de datos,Realizar talleres de sensibilización en gestión de datos.,No cubre,El proyecto se enfoca en el desarrollo de una herramienta y no en talleres de sensibilización.
ED04,Fase 1. herramienta de análisis automático satelital vs. Fijo,A29,Cultura organizacional en torno a la gestión de datos,"Programa de capacitación continua en Microsoft 365 y gestión de datos: Esto incluye entre otros, Power BI, Power Automate, SharePoint.",No cubre,El proyecto se centra en una herramienta específica y no en un programa de capacitación general en gestión de datos.
ED05,Ajuste herramienta de notificaciones,A01,"Arquitectura, integración y almacenamiento de datos",Actualizar diagnóstico de la arquitectura de datos.,No cubre,El proyecto desarrolla una herramienta de generación de ficheros y no un diagnóstico de arquitectura de datos.
ED05,Ajuste herramienta de notificaciones,A02,"Arquitectura, integración y almacenamiento de datos",Documentar el inventario de fuentes de información.,No cubre,El proyecto genera ficheros de notificación y no documenta fuentes de información.
ED05,Ajuste herramienta de notificaciones,A03,"Arquitectura, integración y almacenamiento de datos",Flujograma de la integración de datos,No cubre,El proyecto genera ficheros de notificación y no un flujograma de integración de datos.
ED05,Ajuste herramienta de notificaciones,A04,"Arquitectura, integración y almacenamiento de datos","Establecer interoperabilidad progresiva: APIs, flujos de integración con HORUS, ICC Manager, SGE y si es posible técnicamente con HECAa.",No cubre,El proyecto desarrolla una herramienta de notificación y no aborda la interoperabilidad con los sistemas mencionados.
ED05,Ajuste herramienta de notificaciones,A05,"Arquitectura, integración y almacenamiento de datos","Implementar un repositorio maestro que integre CNABF, SGE, ICC Manager, HORUS).",No cubre,El proyecto genera ficheros de notificación y no implementa un repositorio maestro.
ED05,Ajuste herramienta de notificaciones,A06,"Arquitectura, integración y almacenamiento de datos",Migrar hacia un data warehouse institucional (Azure/Microsoft 365).,No cubre,"El proyecto se enfoca en la generación de ficheros de notificación, no en la migración a un data warehouse."
ED05,Ajuste herramienta de notificaciones,A07,Gobernanza de datos,"Crear el comité de la Estrategia de Gestión de datos (Dirección y áreas, incluyendo TI), que tendrá la responsabilidad de definir la política de gobernanza y calidad de datos y su ejecución.",No cubre,"El proyecto es una herramienta técnica, no sobre la creación de un comité de gobernanza."
ED05,Ajuste herramienta de notificaciones,A08,Gobernanza de datos,"Definir roles básicos (data owners y stewards) particularmente para los procesos más críticos, como, por ejemplo, el trámite de solicitudes de espectro.",No cubre,"El proyecto es una herramienta técnica, no sobre la definición de roles de datos."
ED05,Ajuste herramienta de notificaciones,A09,Gobernanza de datos,Socializar lineamientos mínimos de seguridad y acceso.,No cubre,"El proyecto es una herramienta técnica, no sobre la socialización de lineamientos de seguridad."
ED05,Ajuste herramienta de notificaciones,A10,Gobernanza de datos,Estandarizar plantillas y procesos en Excel/SharePoint.,No cubre,"El proyecto se enfoca en la generación de ficheros de notificación, no en la estandarización de plantillas."
ED05,Ajuste herramienta de notificaciones,A11,Gobernanza de datos,Fortalecer controles unificados de seguridad y auditoría de accesos.,No cubre,"El proyecto es una herramienta de generación de ficheros, no de seguridad de accesos."
ED05,Ajuste herramienta de notificaciones,A12,Gobernanza de datos,Formalizar políticas de gestión documental con clasificación y versionamiento en SharePoint.,No cubre,"El proyecto es una herramienta de generación de ficheros, no de gestión documental en SharePoint."
ED05,Ajuste herramienta de notificaciones,A13,Gobernanza de datos,Implementar programa institucional de gobernanza de datos.,No cubre,"El proyecto es una herramienta específica, no un programa institucional de gobernanza de datos."
ED05,Ajuste herramienta de notificaciones,A14,Gobernanza de datos,Establecer catálogo institucional de metadatos y glosario unificado.,Cubre parcialmente,La generación de ficheros conforme a especificaciones implica el uso de datos estructurados que podrían relacionarse con metadatos.
ED05,Ajuste herramienta de notificaciones,A15,Gobernanza de datos,Evaluar la posibilidad de interoperabilidad de la gestión documental con el Ministerio de TIC.,No cubre,"El proyecto es una herramienta de generación de ficheros, no de interoperabilidad documental."
ED05,Ajuste herramienta de notificaciones,A16,Gobernanza de datos,Desplegar un sistema integral de ciberseguridad para datos y aplicaciones críticas.,No cubre,"El proyecto ajusta una herramienta de notificaciones, no ciberseguridad."
ED05,Ajuste herramienta de notificaciones,A17,Analítica de datos,"Tablero de PQR: Consolidado con los aspectos más relevantes en el tratamiento de PQRs, tanto de solicitudes de espectro como de PQR generales",No cubre,"El proyecto ajusta una herramienta de notificaciones, no en tableros de PQR."
ED05,Ajuste herramienta de notificaciones,A18,Analítica de datos,Dashboard en Power BI para indicadores IMT: Desarrollar un tablero de control integral para el seguimiento de indicadores económicos del sector de telecomunicaciones (HECAa).,No cubre,"El proyecto ajusta una herramienta de notificaciones, no en indicadores IMT."
ED05,Ajuste herramienta de notificaciones,A19,Analítica de datos,Seguimiento de Tiempos SGP y Entidades Externas. aplica para de forma transversal entre las 4 coordinaciones.,No cubre,"El proyecto ajusta una herramienta de notificaciones, no en seguimiento de tiempos."
ED05,Ajuste herramienta de notificaciones,A20,Analítica de datos,Visualización de Contactos,No cubre,"El proyecto ajusta una herramienta de notificaciones, no en visualización de contactos."
ED05,Ajuste herramienta de notificaciones,A21,Analítica de datos,Tablero Automatizado de Análisis Espectral: análisis de asignación espectral que centralice la información del SGE,No cubre,"El proyecto genera ficheros de notificación, no un tablero de análisis espectral."
ED05,Ajuste herramienta de notificaciones,A22,Analítica de datos,"Implementar analítica avanzada (IA, ML) aplicada a la gestión del espectro.",No cubre,"El proyecto es una herramienta de generación de documentos, no de analítica avanzada."
ED05,Ajuste herramienta de notificaciones,A23,Analítica de datos,Definir líneas de innovación en gestión del espectro con big data e IA.,No cubre,"El proyecto es una herramienta operativa, no una definición estratégica de innovación."
ED05,Ajuste herramienta de notificaciones,A24,Optimización,Automatizar completamente la atención de solicitudes de espectro con trazabilidad en línea.,Cubre parcialmente,La generación de ficheros de notificación es un paso en la gestión de solicitudes de espectro.
ED05,Ajuste herramienta de notificaciones,A25,Optimización,"Automatizar procesos operativos críticos con Power Automate y Power Apps. Migrar procesos manuales (ej. carga de archivos F1/F3, seguimiento solicitudes, consultas CNABF/SGE) a flujos en Power Automate o scripts estandarizados.",Cubre parcialmente,La generación de ficheros de notificación es un proceso operativo que puede ser automatizado.
ED05,Ajuste herramienta de notificaciones,A26,Cultura organizacional en torno a la gestión de datos,Socialización y divulgación de acciones (a realizarse en 2024),No cubre,El proyecto es de desarrollo de una herramienta técnica y no de socialización de acciones.
ED05,Ajuste herramienta de notificaciones,A27,Cultura organizacional en torno a la gestión de datos,"Elaborar manuales de usuario y documentar rutinas críticas (Python, Power BI, procesos manuales).",Cubre parcialmente,El desarrollo de una herramienta de notificación implica la creación de rutinas que requerirán documentación.
ED05,Ajuste herramienta de notificaciones,A28,Cultura organizacional en torno a la gestión de datos,Realizar talleres de sensibilización en gestión de datos.,No cubre,El proyecto se enfoca en el desarrollo de una herramienta y no en talleres de sensibilización.
ED05,Ajuste herramienta de notificaciones,A29,Cultura organizacional en torno a la gestión de datos,"Programa de capacitación continua en Microsoft 365 y gestión de datos: Esto incluye entre otros, Power BI, Power Automate, SharePoint.",No cubre,El proyecto se centra en una herramienta específica y no en un programa de capacitación general en gestión de datos.
ED06,Desarrollos para herramienta de previabilidad satelital (Innovae),A01,"Arquitectura, integración y almacenamiento de datos",Actualizar diagnóstico de la arquitectura de datos.,No cubre,El proyecto desarrolla una plataforma específica y no un diagnóstico de la arquitectura de datos.
ED06,Desarrollos para herramienta de previabilidad satelital (Innovae),A02,"Arquitectura, integración y almacenamiento de datos",Documentar el inventario de fuentes de información.,No cubre,El proyecto desarrolla una plataforma y no documenta el inventario de fuentes de información.
ED06,Desarrollos para herramienta de previabilidad satelital (Innovae),A03,"Arquitectura, integración y almacenamiento de datos",Flujograma de la integración de datos,Cubre parcialmente,La integración automática con múltiples sistemas implica la definición de flujos de datos.
ED06,Desarrollos para herramienta de previabilidad satelital (Innovae),A04,"Arquitectura, integración y almacenamiento de datos","Establecer interoperabilidad progresiva: APIs, flujos de integración con HORUS, ICC Manager, SGE y si es posible técnicamente con HECAa.",Cubre parcialmente,"El proyecto busca la integración automática con ICS Manager y Front Office, lo que contribuye a la interoperabilidad."
ED06,Desarrollos para herramienta de previabilidad satelital (Innovae),A05,"Arquitectura, integración y almacenamiento de datos","Implementar un repositorio maestro que integre CNABF, SGE, ICC Manager, HORUS).",Cubre parcialmente,"El proyecto integra CNABF e ICS Manager, que son componentes clave para un repositorio maestro."
ED06,Desarrollos para herramienta de previabilidad satelital (Innovae),A06,"Arquitectura, integración y almacenamiento de datos",Migrar hacia un data warehouse institucional (Azure/Microsoft 365).,Cubre parcialmente,La integración de múltiples sistemas para una plataforma podría requerir o beneficiarse de un data warehouse.
ED06,Desarrollos para herramienta de previabilidad satelital (Innovae),A07,Gobernanza de datos,"Crear el comité de la Estrategia de Gestión de datos (Dirección y áreas, incluyendo TI), que tendrá la responsabilidad de definir la política de gobernanza y calidad de datos y su ejecución.",Cubre parcialmente,"La integración de sistemas y la gestión de solicitudes implican la gestión de datos, lo que se relaciona con la gobernanza."
ED06,Desarrollos para herramienta de previabilidad satelital (Innovae),A08,Gobernanza de datos,"Definir roles básicos (data owners y stewards) particularmente para los procesos más críticos, como, por ejemplo, el trámite de solicitudes de espectro.",Cubre parcialmente,La gestión de solicitudes y la integración de sistemas podría requerir la definición de roles de datos.
ED06,Desarrollos para herramienta de previabilidad satelital (Innovae),A09,Gobernanza de datos,Socializar lineamientos mínimos de seguridad y acceso.,Cubre parcialmente,Una plataforma que integra sistemas y maneja solicitudes debe considerar lineamientos de seguridad y acceso.
ED06,Desarrollos para herramienta de previabilidad satelital (Innovae),A10,Gobernanza de datos,Estandarizar plantillas y procesos en Excel/SharePoint.,No cubre,"El proyecto se enfoca en una plataforma web y la integración de sistemas, no en la estandarización de plantillas de oficina."
ED06,Desarrollos para herramienta de previabilidad satelital (Innovae),A11,Gobernanza de datos,Fortalecer controles unificados de seguridad y auditoría de accesos.,No cubre,"El proyecto es una plataforma de radicación y análisis, no de seguridad de accesos."
ED06,Desarrollos para herramienta de previabilidad satelital (Innovae),A12,Gobernanza de datos,Formalizar políticas de gestión documental con clasificación y versionamiento en SharePoint.,Cubre parcialmente,"Una plataforma de radicación de solicitudes podría implicar la gestión de documentos, pero no se enfoca en políticas específicas de SharePoint."
ED06,Desarrollos para herramienta de previabilidad satelital (Innovae),A13,Gobernanza de datos,Implementar programa institucional de gobernanza de datos.,Cubre parcialmente,"La integración de sistemas y la estructuración de solicitudes contribuyen a una mejor gestión de datos, pero no es un programa institucional completo."
ED06,Desarrollos para herramienta de previabilidad satelital (Innovae),A14,Gobernanza de datos,Establecer catálogo institucional de metadatos y glosario unificado.,Cubre parcialmente,"La estructuración de solicitudes y la integración de sistemas implican el manejo de metadatos, pero no el establecimiento de un catálogo institucional."
ED06,Desarrollos para herramienta de previabilidad satelital (Innovae),A15,Gobernanza de datos,Evaluar la posibilidad de interoperabilidad de la gestión documental con el Ministerio de TIC.,No cubre,"El proyecto es una plataforma de radicación, no evalúa la interoperabilidad documental con MinTIC."
ED06,Desarrollos para herramienta de previabilidad satelital (Innovae),A16,Gobernanza de datos,Desplegar un sistema integral de ciberseguridad para datos y aplicaciones críticas.,No cubre,"El proyecto desarrolla una plataforma de previabilidad satelital, no ciberseguridad."
ED06,Desarrollos para herramienta de previabilidad satelital (Innovae),A17,Analítica de datos,"Tablero de PQR: Consolidado con los aspectos más relevantes en el tratamiento de PQRs, tanto de solicitudes de espectro como de PQR generales",No cubre,"El proyecto desarrolla una plataforma de previabilidad satelital, no en tableros de PQR."
ED06,Desarrollos para herramienta de previabilidad satelital (Innovae),A18,Analítica de datos,Dashboard en Power BI para indicadores IMT: Desarrollar un tablero de control integral para el seguimiento de indicadores económicos del sector de telecomunicaciones (HECAa).,No cubre,"El proyecto desarrolla una plataforma de previabilidad satelital, no en indicadores IMT."
ED06,Desarrollos para herramienta de previabilidad satelital (Innovae),A19,Analítica de datos,Seguimiento de Tiempos SGP y Entidades Externas. aplica para de forma transversal entre las 4 coordinaciones.,No cubre,"El proyecto desarrolla una plataforma de previabilidad satelital, no en seguimiento de tiempos."
ED06,Desarrollos para herramienta de previabilidad satelital (Innovae),A20,Analítica de datos,Visualización de Contactos,No cubre,"El proyecto desarrolla una plataforma de previabilidad satelital, no en visualización de contactos."
ED06,Desarrollos para herramienta de previabilidad satelital (Innovae),A21,Analítica de datos,Tablero Automatizado de Análisis Espectral: análisis de asignación espectral que centralice la información del SGE,No cubre,"El proyecto es una plataforma de radicación y pre-viabilidad, no un tablero de análisis espectral."
ED06,Desarrollos para herramienta de previabilidad satelital (Innovae),A22,Analítica de datos,"Implementar analítica avanzada (IA, ML) aplicada a la gestión del espectro.",No cubre,"El proyecto automatiza radicación y análisis técnico, pero no menciona IA/ML."
ED06,Desarrollos para herramienta de previabilidad satelital (Innovae),A23,Analítica de datos,Definir líneas de innovación en gestión del espectro con big data e IA.,No cubre,"El proyecto es una herramienta operativa, no una definición estratégica de innovación."
ED06,Desarrollos para herramienta de previabilidad satelital (Innovae),A24,Optimización,Automatizar completamente la atención de solicitudes de espectro con trazabilidad en línea.,Cubre,El proyecto automatiza la radicación y análisis técnico de solicitudes de autorización de estaciones terrenas.
ED06,Desarrollos para herramienta de previabilidad satelital (Innovae),A25,Optimización,"Automatizar procesos operativos críticos con Power Automate y Power Apps. Migrar procesos manuales (ej. carga de archivos F1/F3, seguimiento solicitudes, consultas CNABF/SGE) a flujos en Power Automate o scripts estandarizados.",Cubre parcialmente,"El proyecto automatiza la radicación y análisis técnico de solicitudes, un proceso operativo crítico."
ED06,Desarrollos para herramienta de previabilidad satelital (Innovae),A26,Cultura organizacional en torno a la gestión de datos,Socialización y divulgación de acciones (a realizarse en 2024),No cubre,El proyecto se enfoca en el desarrollo de una plataforma y no en la socialización de acciones.
ED06,Desarrollos para herramienta de previabilidad satelital (Innovae),A27,Cultura organizacional en torno a la gestión de datos,"Elaborar manuales de usuario y documentar rutinas críticas (Python, Power BI, procesos manuales).",Cubre parcialmente,El desarrollo de una plataforma web y su integración con sistemas implica la creación de rutinas que requerirán documentación.
ED06,Desarrollos para herramienta de previabilidad satelital (Innovae),A28,Cultura organizacional en torno a la gestión de datos,Realizar talleres de sensibilización en gestión de datos.,No cubre,El proyecto se enfoca en el desarrollo de una plataforma y no en talleres de sensibilización.
ED06,Desarrollos para herramienta de previabilidad satelital (Innovae),A29,Cultura organizacional en torno a la gestión de datos,"Programa de capacitación continua en Microsoft 365 y gestión de datos: Esto incluye entre otros, Power BI, Power Automate, SharePoint.",No cubre,El proyecto se centra en una plataforma específica y no en un programa de capacitación general en gestión de datos.
ED07,Informe de ocupación,A01,"Arquitectura, integración y almacenamiento de datos",Actualizar diagnóstico de la arquitectura de datos.,No cubre,"El proyecto se centra en la automatización de un informe específico, no en la arquitectura de datos."
ED07,Informe de ocupación,A02,"Arquitectura, integración y almacenamiento de datos",Documentar el inventario de fuentes de información.,No cubre,El proyecto automatiza un informe y no documenta el inventario de fuentes de información.
ED07,Informe de ocupación,A03,"Arquitectura, integración y almacenamiento de datos",Flujograma de la integración de datos,Cubre parcialmente,La consolidación de datos de diferentes fuentes para el informe implica flujos de integración.
ED07,Informe de ocupación,A04,"Arquitectura, integración y almacenamiento de datos","Establecer interoperabilidad progresiva: APIs, flujos de integración con HORUS, ICC Manager, SGE y si es posible técnicamente con HECAa.",No cubre,El proyecto consolida herramientas internas y no aborda la interoperabilidad con los sistemas mencionados.
ED07,Informe de ocupación,A05,"Arquitectura, integración y almacenamiento de datos","Implementar un repositorio maestro que integre CNABF, SGE, ICC Manager, HORUS).",No cubre,El proyecto automatiza un informe y no implementa un repositorio maestro.
ED07,Informe de ocupación,A06,"Arquitectura, integración y almacenamiento de datos",Migrar hacia un data warehouse institucional (Azure/Microsoft 365).,Cubre parcialmente,La consolidación de datos de múltiples fuentes para un informe automatizado podría ser un paso hacia un data warehouse.
ED07,Informe de ocupación,A07,Gobernanza de datos,"Crear el comité de la Estrategia de Gestión de datos (Dirección y áreas, incluyendo TI), que tendrá la responsabilidad de definir la política de gobernanza y calidad de datos y su ejecución.",Cubre parcialmente,La mejora de la calidad del dato y la definición de métricas para un informe se relaciona con la gobernanza de datos.
ED07,Informe de ocupación,A08,Gobernanza de datos,"Definir roles básicos (data owners y stewards) particularmente para los procesos más críticos, como, por ejemplo, el trámite de solicitudes de espectro.",Cubre parcialmente,La mejora de la calidad del dato y las validaciones para el informe podrían requerir la definición de roles de datos.
ED07,Informe de ocupación,A09,Gobernanza de datos,Socializar lineamientos mínimos de seguridad y acceso.,Cubre parcialmente,La consolidación de información y la generación de informes gerenciales implican consideraciones de seguridad y acceso.
ED07,Informe de ocupación,A10,Gobernanza de datos,Estandarizar plantillas y procesos en Excel/SharePoint.,Cubre parcialmente,La consolidación de Microsoft Lists y la mejora de la calidad del dato para informes podría implicar la estandarización de plantillas.
ED07,Informe de ocupación,A11,Gobernanza de datos,Fortalecer controles unificados de seguridad y auditoría de accesos.,No cubre,"El proyecto es de automatización de informes, no de seguridad de accesos."
ED07,Informe de ocupación,A12,Gobernanza de datos,Formalizar políticas de gestión documental con clasificación y versionamiento en SharePoint.,Cubre parcialmente,"La consolidación de Microsoft Lists y Power BI para informes podría tocar aspectos de gestión documental, pero no formaliza políticas específicas de SharePoint."
ED07,Informe de ocupación,A13,Gobernanza de datos,Implementar programa institucional de gobernanza de datos.,Cubre parcialmente,"Mejorar la calidad del dato y consolidar herramientas para informes contribuye a la gobernanza de datos, pero no es un programa institucional completo."
ED07,Informe de ocupación,A14,Gobernanza de datos,Establecer catálogo institucional de metadatos y glosario unificado.,Cubre parcialmente,"La definición de métricas y validaciones para el informe implica el uso de metadatos, pero no el establecimiento de un catálogo institucional."
ED07,Informe de ocupación,A15,Gobernanza de datos,Evaluar la posibilidad de interoperabilidad de la gestión documental con el Ministerio de TIC.,No cubre,"El proyecto es de automatización de informes, no de interoperabilidad documental."
ED07,Informe de ocupación,A16,Gobernanza de datos,Desplegar un sistema integral de ciberseguridad para datos y aplicaciones críticas.,No cubre,"El proyecto automatiza la generación de un informe de ocupación, no ciberseguridad."
ED07,Informe de ocupación,A17,Analítica de datos,"Tablero de PQR: Consolidado con los aspectos más relevantes en el tratamiento de PQRs, tanto de solicitudes de espectro como de PQR generales",Cubre parcialmente,"El proyecto rediseña un informe de ocupación consolidando Power BI y visuales, lo que podría ser un componente de un tablero de PQR."
ED07,Informe de ocupación,A18,Analítica de datos,Dashboard en Power BI para indicadores IMT: Desarrollar un tablero de control integral para el seguimiento de indicadores económicos del sector de telecomunicaciones (HECAa).,Cubre parcialmente,"El proyecto rediseña un informe de ocupación consolidando Power BI y visuales, lo que podría ser un componente de un tablero de indicadores."
ED07,Informe de ocupación,A19,Analítica de datos,Seguimiento de Tiempos SGP y Entidades Externas. aplica para de forma transversal entre las 4 coordinaciones.,Cubre parcialmente,"El proyecto busca reducir tiempos de preparación de informes, lo que contribuye indirectamente al seguimiento de tiempos."
ED07,Informe de ocupación,A20,Analítica de datos,Visualización de Contactos,No cubre,"El proyecto automatiza la generación de un informe de ocupación, no en visualización de contactos."
ED07,Informe de ocupación,A21,Analítica de datos,Tablero Automatizado de Análisis Espectral: análisis de asignación espectral que centralice la información del SGE,Cubre parcialmente,"El proyecto automatiza un informe anual y consolida Power BI, relacionado con visualización de información."
ED07,Informe de ocupación,A22,Analítica de datos,"Implementar analítica avanzada (IA, ML) aplicada a la gestión del espectro.",No cubre,"El proyecto se enfoca en automatización de informes y consolidación de datos, no en analítica avanzada con IA/ML."
ED07,Informe de ocupación,A23,Analítica de datos,Definir líneas de innovación en gestión del espectro con big data e IA.,No cubre,"El proyecto es sobre un informe operativo, no sobre definición de líneas de innovación."
ED07,Informe de ocupación,A24,Optimización,Automatizar completamente la atención de solicitudes de espectro con trazabilidad en línea.,Cubre parcialmente,"El proyecto automatiza la generación de un informe de atención de solicitudes, un componente del seguimiento."
ED07,Informe de ocupación,A25,Optimización,"Automatizar procesos operativos críticos con Power Automate y Power Apps. Migrar procesos manuales (ej. carga de archivos F1/F3, seguimiento solicitudes, consultas CNABF/SGE) a flujos en Power Automate o scripts estandarizados.",Cubre parcialmente,"El proyecto automatiza la generación de un informe, un proceso operativo, usando herramientas del ecosistema Power Platform."
ED07,Informe de ocupación,A26,Cultura organizacional en torno a la gestión de datos,Socialización y divulgación de acciones (a realizarse en 2024),No cubre,El proyecto se enfoca en la automatización de un informe y no en la socialización de acciones de gestión de datos.
ED07,Informe de ocupación,A27,Cultura organizacional en torno a la gestión de datos,"Elaborar manuales de usuario y documentar rutinas críticas (Python, Power BI, procesos manuales).",Cubre parcialmente,La automatización de la generación de informes y el uso de Power BI implican rutinas que requerirán documentación.
ED07,Informe de ocupación,A28,Cultura organizacional en torno a la gestión de datos,Realizar talleres de sensibilización en gestión de datos.,No cubre,El proyecto se enfoca en la automatización de un informe y no en talleres de sensibilización.
ED07,Informe de ocupación,A29,Cultura organizacional en torno a la gestión de datos,"Programa de capacitación continua en Microsoft 365 y gestión de datos: Esto incluye entre otros, Power BI, Power Automate, SharePoint.",Cubre parcialmente,"El proyecto utiliza Power BI y Microsoft Lists, lo que se alinea con la capacitación en Microsoft 365 y gestión de datos."
ED08,"Asignación IMT (Carga de historial, repositorio de resoluciones, visualización de asignación a lo largo del tiempo)",A01,"Arquitectura, integración y almacenamiento de datos",Actualizar diagnóstico de la arquitectura de datos.,No cubre,No hay información suficiente del proyecto para establecer una relación con la actividad.
ED08,"Asignación IMT (Carga de historial, repositorio de resoluciones, visualización de asignación a lo largo del tiempo)",A02,"Arquitectura, integración y almacenamiento de datos",Documentar el inventario de fuentes de información.,No cubre,No hay información suficiente del proyecto para establecer una relación con la actividad.
ED08,"Asignación IMT (Carga de historial, repositorio de resoluciones, visualización de asignación a lo largo del tiempo)",A03,"Arquitectura, integración y almacenamiento de datos",Flujograma de la integración de datos,No cubre,No hay información suficiente del proyecto para establecer una relación con la actividad.
ED08,"Asignación IMT (Carga de historial, repositorio de resoluciones, visualización de asignación a lo largo del tiempo)",A04,"Arquitectura, integración y almacenamiento de datos","Establecer interoperabilidad progresiva: APIs, flujos de integración con HORUS, ICC Manager, SGE y si es posible técnicamente con HECAa.",No cubre,No hay información suficiente del proyecto para establecer una relación con la actividad.
ED08,"Asignación IMT (Carga de historial, repositorio de resoluciones, visualización de asignación a lo largo del tiempo)",A05,"Arquitectura, integración y almacenamiento de datos","Implementar un repositorio maestro que integre CNABF, SGE, ICC Manager, HORUS).",No cubre,No hay información suficiente del proyecto para establecer una relación con la actividad.
ED08,"Asignación IMT (Carga de historial, repositorio de resoluciones, visualización de asignación a lo largo del tiempo)",A06,"Arquitectura, integración y almacenamiento de datos",Migrar hacia un data warehouse institucional (Azure/Microsoft 365).,Cubre parcialmente,La carga de historial y la creación de un repositorio de resoluciones sugiere la necesidad de una solución de almacenamiento y arquitectura de datos.
ED08,"Asignación IMT (Carga de historial, repositorio de resoluciones, visualización de asignación a lo largo del tiempo)",A07,Gobernanza de datos,"Crear el comité de la Estrategia de Gestión de datos (Dirección y áreas, incluyendo TI), que tendrá la responsabilidad de definir la política de gobernanza y calidad de datos y su ejecución.",Cubre parcialmente,La gestión de un repositorio de resoluciones y el historial de asignaciones implica la gestión y gobernanza de datos.
ED08,"Asignación IMT (Carga de historial, repositorio de resoluciones, visualización de asignación a lo largo del tiempo)",A08,Gobernanza de datos,"Definir roles básicos (data owners y stewards) particularmente para los procesos más críticos, como, por ejemplo, el trámite de solicitudes de espectro.",Cubre parcialmente,La gestión de datos de asignación y resoluciones podría requerir la definición de roles de datos.
ED08,"Asignación IMT (Carga de historial, repositorio de resoluciones, visualización de asignación a lo largo del tiempo)",A09,Gobernanza de datos,Socializar lineamientos mínimos de seguridad y acceso.,Cubre parcialmente,La visualización de asignaciones y el acceso a un repositorio de resoluciones implican consideraciones de seguridad y acceso.
ED08,"Asignación IMT (Carga de historial, repositorio de resoluciones, visualización de asignación a lo largo del tiempo)",A10,Gobernanza de datos,Estandarizar plantillas y procesos en Excel/SharePoint.,Cubre parcialmente,La gestión de historial y resoluciones podría beneficiarse de la estandarización de plantillas o procesos de datos.
ED08,"Asignación IMT (Carga de historial, repositorio de resoluciones, visualización de asignación a lo largo del tiempo)",A11,Gobernanza de datos,Fortalecer controles unificados de seguridad y auditoría de accesos.,No cubre,La información disponible no sugiere relación con seguridad de accesos.
ED08,"Asignación IMT (Carga de historial, repositorio de resoluciones, visualización de asignación a lo largo del tiempo)",A12,Gobernanza de datos,Formalizar políticas de gestión documental con clasificación y versionamiento en SharePoint.,Cubre parcialmente,"Un repositorio de resoluciones se relaciona con la gestión documental, pero no especifica SharePoint ni formalización de políticas."
ED08,"Asignación IMT (Carga de historial, repositorio de resoluciones, visualización de asignación a lo largo del tiempo)",A13,Gobernanza de datos,Implementar programa institucional de gobernanza de datos.,Cubre parcialmente,"La gestión de historial y repositorio de resoluciones implica gestión de datos, pero no es un programa institucional completo."
ED08,"Asignación IMT (Carga de historial, repositorio de resoluciones, visualización de asignación a lo largo del tiempo)",A14,Gobernanza de datos,Establecer catálogo institucional de metadatos y glosario unificado.,Cubre parcialmente,"La gestión de historial y resoluciones podría implicar metadatos, pero no el establecimiento de un catálogo institucional."
ED08,"Asignación IMT (Carga de historial, repositorio de resoluciones, visualización de asignación a lo largo del tiempo)",A15,Gobernanza de datos,Evaluar la posibilidad de interoperabilidad de la gestión documental con el Ministerio de TIC.,No cubre,La información disponible no sugiere relación con interoperabilidad documental.
ED08,"Asignación IMT (Carga de historial, repositorio de resoluciones, visualización de asignación a lo largo del tiempo)",A16,Gobernanza de datos,Desplegar un sistema integral de ciberseguridad para datos y aplicaciones críticas.,No cubre,"El proyecto trata sobre la asignación y visualización de IMT, no ciberseguridad."
ED08,"Asignación IMT (Carga de historial, repositorio de resoluciones, visualización de asignación a lo largo del tiempo)",A17,Analítica de datos,"Tablero de PQR: Consolidado con los aspectos más relevantes en el tratamiento de PQRs, tanto de solicitudes de espectro como de PQR generales",No cubre,"El proyecto trata sobre la asignación y visualización de IMT, no en tableros de PQR."
ED08,"Asignación IMT (Carga de historial, repositorio de resoluciones, visualización de asignación a lo largo del tiempo)",A18,Analítica de datos,Dashboard en Power BI para indicadores IMT: Desarrollar un tablero de control integral para el seguimiento de indicadores económicos del sector de telecomunicaciones (HECAa).,Cubre,"El proyecto se enfoca en la visualización de asignación IMT a lo largo del tiempo, lo cual es un indicador clave para un dashboard IMT."
ED08,"Asignación IMT (Carga de historial, repositorio de resoluciones, visualización de asignación a lo largo del tiempo)",A19,Analítica de datos,Seguimiento de Tiempos SGP y Entidades Externas. aplica para de forma transversal entre las 4 coordinaciones.,No cubre,"El proyecto trata sobre la asignación y visualización de IMT, no en seguimiento de tiempos."
ED08,"Asignación IMT (Carga de historial, repositorio de resoluciones, visualización de asignación a lo largo del tiempo)",A20,Analítica de datos,Visualización de Contactos,No cubre,"El proyecto trata sobre la asignación y visualización de IMT, no en visualización de contactos."
ED08,"Asignación IMT (Carga de historial, repositorio de resoluciones, visualización de asignación a lo largo del tiempo)",A21,Analítica de datos,Tablero Automatizado de Análisis Espectral: análisis de asignación espectral que centralice la información del SGE,Cubre parcialmente,La visualización de asignación y carga de historial se relaciona con la centralización de información espectral.
ED08,"Asignación IMT (Carga de historial, repositorio de resoluciones, visualización de asignación a lo largo del tiempo)",A22,Analítica de datos,"Implementar analítica avanzada (IA, ML) aplicada a la gestión del espectro.",No cubre,No hay información suficiente para determinar el uso de IA/ML.
ED08,"Asignación IMT (Carga de historial, repositorio de resoluciones, visualización de asignación a lo largo del tiempo)",A23,Analítica de datos,Definir líneas de innovación en gestión del espectro con big data e IA.,No cubre,No hay información suficiente para determinar la relación con innovación o big data/IA.
ED08,"Asignación IMT (Carga de historial, repositorio de resoluciones, visualización de asignación a lo largo del tiempo)",A24,Optimización,Automatizar completamente la atención de solicitudes de espectro con trazabilidad en línea.,No cubre,"El proyecto trata sobre asignación y visualización, no atención de solicitudes."
ED08,"Asignación IMT (Carga de historial, repositorio de resoluciones, visualización de asignación a lo largo del tiempo)",A25,Optimización,"Automatizar procesos operativos críticos con Power Automate y Power Apps. Migrar procesos manuales (ej. carga de archivos F1/F3, seguimiento solicitudes, consultas CNABF/SGE) a flujos en Power Automate o scripts estandarizados.",No cubre,No hay información suficiente para determinar la automatización de procesos operativos.
ED08,"Asignación IMT (Carga de historial, repositorio de resoluciones, visualización de asignación a lo largo del tiempo)",A26,Cultura organizacional en torno a la gestión de datos,Socialización y divulgación de acciones (a realizarse en 2024),No cubre,La información disponible del proyecto es insuficiente para establecer una relación con la socialización de acciones.
ED08,"Asignación IMT (Carga de historial, repositorio de resoluciones, visualización de asignación a lo largo del tiempo)",A27,Cultura organizacional en torno a la gestión de datos,"Elaborar manuales de usuario y documentar rutinas críticas (Python, Power BI, procesos manuales).",No cubre,La información disponible del proyecto es insuficiente para establecer una relación con la elaboración de manuales.
ED08,"Asignación IMT (Carga de historial, repositorio de resoluciones, visualización de asignación a lo largo del tiempo)",A28,Cultura organizacional en torno a la gestión de datos,Realizar talleres de sensibilización en gestión de datos.,No cubre,La información disponible del proyecto es insuficiente para establecer una relación con talleres de sensibilización.
ED08,"Asignación IMT (Carga de historial, repositorio de resoluciones, visualización de asignación a lo largo del tiempo)",A29,Cultura organizacional en torno a la gestión de datos,"Programa de capacitación continua en Microsoft 365 y gestión de datos: Esto incluye entre otros, Power BI, Power Automate, SharePoint.",No cubre,La información disponible del proyecto es insuficiente para establecer una relación con programas de capacitación.
ED09,Indicadores de seguimiento,A01,"Arquitectura, integración y almacenamiento de datos",Actualizar diagnóstico de la arquitectura de datos.,No cubre,No hay información suficiente del proyecto para establecer una relación con la actividad.
ED09,Indicadores de seguimiento,A02,"Arquitectura, integración y almacenamiento de datos",Documentar el inventario de fuentes de información.,No cubre,No hay información suficiente del proyecto para establecer una relación con la actividad.
ED09,Indicadores de seguimiento,A03,"Arquitectura, integración y almacenamiento de datos",Flujograma de la integración de datos,No cubre,No hay información suficiente del proyecto para establecer una relación con la actividad.
ED09,Indicadores de seguimiento,A04,"Arquitectura, integración y almacenamiento de datos","Establecer interoperabilidad progresiva: APIs, flujos de integración con HORUS, ICC Manager, SGE y si es posible técnicamente con HECAa.",No cubre,No hay información suficiente del proyecto para establecer una relación con la actividad.
ED09,Indicadores de seguimiento,A05,"Arquitectura, integración y almacenamiento de datos","Implementar un repositorio maestro que integre CNABF, SGE, ICC Manager, HORUS).",No cubre,No hay información suficiente del proyecto para establecer una relación con la actividad.
ED09,Indicadores de seguimiento,A06,"Arquitectura, integración y almacenamiento de datos",Migrar hacia un data warehouse institucional (Azure/Microsoft 365).,Cubre parcialmente,La definición y seguimiento de indicadores a menudo requiere una base de datos consolidada o un data warehouse.
ED09,Indicadores de seguimiento,A07,Gobernanza de datos,"Crear el comité de la Estrategia de Gestión de datos (Dirección y áreas, incluyendo TI), que tendrá la responsabilidad de definir la política de gobernanza y calidad de datos y su ejecución.",Cubre parcialmente,La definición de indicadores de seguimiento se relaciona con la calidad y gobernanza de los datos que los alimentan.
ED09,Indicadores de seguimiento,A08,Gobernanza de datos,"Definir roles básicos (data owners y stewards) particularmente para los procesos más críticos, como, por ejemplo, el trámite de solicitudes de espectro.",Cubre parcialmente,La definición de indicadores de seguimiento podría requerir la asignación de responsabilidades sobre los datos que los generan.
ED09,Indicadores de seguimiento,A09,Gobernanza de datos,Socializar lineamientos mínimos de seguridad y acceso.,Cubre parcialmente,El acceso a los datos para generar indicadores de seguimiento implica consideraciones de seguridad y acceso.
ED09,Indicadores de seguimiento,A10,Gobernanza de datos,Estandarizar plantillas y procesos en Excel/SharePoint.,Cubre parcialmente,La recopilación de datos para indicadores de seguimiento podría beneficiarse de la estandarización de plantillas o procesos.
ED09,Indicadores de seguimiento,A11,Gobernanza de datos,Fortalecer controles unificados de seguridad y auditoría de accesos.,No cubre,La información disponible no sugiere relación con seguridad de accesos.
ED09,Indicadores de seguimiento,A12,Gobernanza de datos,Formalizar políticas de gestión documental con clasificación y versionamiento en SharePoint.,No cubre,La información disponible no sugiere relación con gestión documental.
ED09,Indicadores de seguimiento,A13,Gobernanza de datos,Implementar programa institucional de gobernanza de datos.,Cubre parcialmente,"Los indicadores de seguimiento son un componente importante de un programa de gobernanza de datos, pero el proyecto no define el programa completo."
ED09,Indicadores de seguimiento,A14,Gobernanza de datos,Establecer catálogo institucional de metadatos y glosario unificado.,Cubre parcialmente,"La definición de indicadores a menudo requiere metadatos, pero el proyecto no se enfoca en establecer un catálogo institucional."
ED09,Indicadores de seguimiento,A15,Gobernanza de datos,Evaluar la posibilidad de interoperabilidad de la gestión documental con el Ministerio de TIC.,No cubre,La información disponible no sugiere relación con interoperabilidad documental.
ED09,Indicadores de seguimiento,A16,Gobernanza de datos,Desplegar un sistema integral de ciberseguridad para datos y aplicaciones críticas.,No cubre,"El proyecto se enfoca en indicadores de seguimiento generales, no ciberseguridad."
ED09,Indicadores de seguimiento,A17,Analítica de datos,"Tablero de PQR: Consolidado con los aspectos más relevantes en el tratamiento de PQRs, tanto de solicitudes de espectro como de PQR generales",Cubre parcialmente,"El proyecto se enfoca en indicadores de seguimiento generales, que podrían incluir métricas de PQR."
ED09,Indicadores de seguimiento,A18,Analítica de datos,Dashboard en Power BI para indicadores IMT: Desarrollar un tablero de control integral para el seguimiento de indicadores económicos del sector de telecomunicaciones (HECAa).,Cubre parcialmente,"El proyecto se enfoca en indicadores de seguimiento generales, que podrían incluir indicadores IMT."
ED09,Indicadores de seguimiento,A19,Analítica de datos,Seguimiento de Tiempos SGP y Entidades Externas. aplica para de forma transversal entre las 4 coordinaciones.,Cubre,"El proyecto se enfoca en indicadores de seguimiento, lo cual es directamente relevante para el seguimiento de tiempos."
ED09,Indicadores de seguimiento,A20,Analítica de datos,Visualización de Contactos,No cubre,"El proyecto se enfoca en indicadores de seguimiento generales, no en visualización de contactos."
ED09,Indicadores de seguimiento,A21,Analítica de datos,Tablero Automatizado de Análisis Espectral: análisis de asignación espectral que centralice la información del SGE,Cubre parcialmente,La definición de indicadores de seguimiento es un componente clave para un tablero de análisis.
ED09,Indicadores de seguimiento,A22,Analítica de datos,"Implementar analítica avanzada (IA, ML) aplicada a la gestión del espectro.",No cubre,No hay información suficiente para determinar el uso de IA/ML.
ED09,Indicadores de seguimiento,A23,Analítica de datos,Definir líneas de innovación en gestión del espectro con big data e IA.,No cubre,No hay información suficiente para determinar la relación con innovación o big data/IA.
ED09,Indicadores de seguimiento,A24,Optimización,Automatizar completamente la atención de solicitudes de espectro con trazabilidad en línea.,Cubre parcialmente,Los indicadores de seguimiento son esenciales para la trazabilidad y gestión de solicitudes.
ED09,Indicadores de seguimiento,A25,Optimización,"Automatizar procesos operativos críticos con Power Automate y Power Apps. Migrar procesos manuales (ej. carga de archivos F1/F3, seguimiento solicitudes, consultas CNABF/SGE) a flujos en Power Automate o scripts estandarizados.",No cubre,No hay información suficiente para determinar la automatización de procesos operativos.
ED09,Indicadores de seguimiento,A26,Cultura organizacional en torno a la gestión de datos,Socialización y divulgación de acciones (a realizarse en 2024),No cubre,La información disponible del proyecto es insuficiente para establecer una relación con la socialización de acciones.
ED09,Indicadores de seguimiento,A27,Cultura organizacional en torno a la gestión de datos,"Elaborar manuales de usuario y documentar rutinas críticas (Python, Power BI, procesos manuales).",No cubre,La información disponible del proyecto es insuficiente para establecer una relación con la elaboración de manuales.
ED09,Indicadores de seguimiento,A28,Cultura organizacional en torno a la gestión de datos,Realizar talleres de sensibilización en gestión de datos.,No cubre,La información disponible del proyecto es insuficiente para establecer una relación con talleres de sensibilización.
ED09,Indicadores de seguimiento,A29,Cultura organizacional en torno a la gestión de datos,"Programa de capacitación continua en Microsoft 365 y gestión de datos: Esto incluye entre otros, Power BI, Power Automate, SharePoint.",No cubre,La información disponible del proyecto es insuficiente para establecer una relación con programas de capacitación.
ED10,"Otros reportes (Reporte semanal atención de solicitudes, consultas de políticos, informe de gestión anual. FURAG, UNGRD…)",A01,"Arquitectura, integración y almacenamiento de datos",Actualizar diagnóstico de la arquitectura de datos.,No cubre,No hay información suficiente del proyecto para establecer una relación con la actividad.
ED10,"Otros reportes (Reporte semanal atención de solicitudes, consultas de políticos, informe de gestión anual. FURAG, UNGRD…)",A02,"Arquitectura, integración y almacenamiento de datos",Documentar el inventario de fuentes de información.,No cubre,No hay información suficiente del proyecto para establecer una relación con la actividad.
ED10,"Otros reportes (Reporte semanal atención de solicitudes, consultas de políticos, informe de gestión anual. FURAG, UNGRD…)",A03,"Arquitectura, integración y almacenamiento de datos",Flujograma de la integración de datos,No cubre,No hay información suficiente del proyecto para establecer una relación con la actividad.
ED10,"Otros reportes (Reporte semanal atención de solicitudes, consultas de políticos, informe de gestión anual. FURAG, UNGRD…)",A04,"Arquitectura, integración y almacenamiento de datos","Establecer interoperabilidad progresiva: APIs, flujos de integración con HORUS, ICC Manager, SGE y si es posible técnicamente con HECAa.",No cubre,No hay información suficiente del proyecto para establecer una relación con la actividad.
ED10,"Otros reportes (Reporte semanal atención de solicitudes, consultas de políticos, informe de gestión anual. FURAG, UNGRD…)",A05,"Arquitectura, integración y almacenamiento de datos","Implementar un repositorio maestro que integre CNABF, SGE, ICC Manager, HORUS).",No cubre,No hay información suficiente del proyecto para establecer una relación con la actividad.
ED10,"Otros reportes (Reporte semanal atención de solicitudes, consultas de políticos, informe de gestión anual. FURAG, UNGRD…)",A06,"Arquitectura, integración y almacenamiento de datos",Migrar hacia un data warehouse institucional (Azure/Microsoft 365).,Cubre parcialmente,La generación de múltiples reportes consolidados sugiere la necesidad de una arquitectura de datos centralizada como un data warehouse.
ED10,"Otros reportes (Reporte semanal atención de solicitudes, consultas de políticos, informe de gestión anual. FURAG, UNGRD…)",A07,Gobernanza de datos,"Crear el comité de la Estrategia de Gestión de datos (Dirección y áreas, incluyendo TI), que tendrá la responsabilidad de definir la política de gobernanza y calidad de datos y su ejecución.",Cubre parcialmente,"La generación de reportes requiere datos de calidad, lo que se relaciona con la gobernanza de datos."
ED10,"Otros reportes (Reporte semanal atención de solicitudes, consultas de políticos, informe de gestión anual. FURAG, UNGRD…)",A08,Gobernanza de datos,"Definir roles básicos (data owners y stewards) particularmente para los procesos más críticos, como, por ejemplo, el trámite de solicitudes de espectro.",Cubre parcialmente,La generación de reportes podría requerir la definición de roles de datos para asegurar la calidad y el origen de la información.
ED10,"Otros reportes (Reporte semanal atención de solicitudes, consultas de políticos, informe de gestión anual. FURAG, UNGRD…)",A09,Gobernanza de datos,Socializar lineamientos mínimos de seguridad y acceso.,Cubre parcialmente,"La generación de reportes, especialmente para políticos o informes de gestión, implica consideraciones de seguridad y acceso a la información."
ED10,"Otros reportes (Reporte semanal atención de solicitudes, consultas de políticos, informe de gestión anual. FURAG, UNGRD…)",A10,Gobernanza de datos,Estandarizar plantillas y procesos en Excel/SharePoint.,Cubre parcialmente,La generación de reportes podría beneficiarse de la estandarización de plantillas o procesos para la recopilación y presentación de datos.
ED10,"Otros reportes (Reporte semanal atención de solicitudes, consultas de políticos, informe de gestión anual. FURAG, UNGRD…)",A11,Gobernanza de datos,Fortalecer controles unificados de seguridad y auditoría de accesos.,No cubre,La información disponible no sugiere relación con seguridad de accesos.
ED10,"Otros reportes (Reporte semanal atención de solicitudes, consultas de políticos, informe de gestión anual. FURAG, UNGRD…)",A12,Gobernanza de datos,Formalizar políticas de gestión documental con clasificación y versionamiento en SharePoint.,Cubre parcialmente,"La generación de informes de gestión anual y otros reportes implica la gestión de documentos, pero no formaliza políticas específicas de SharePoint."
ED10,"Otros reportes (Reporte semanal atención de solicitudes, consultas de políticos, informe de gestión anual. FURAG, UNGRD…)",A13,Gobernanza de datos,Implementar programa institucional de gobernanza de datos.,Cubre parcialmente,"La generación de diversos reportes requiere una buena gestión de datos, lo que contribuye a la gobernanza."
ED10,"Otros reportes (Reporte semanal atención de solicitudes, consultas de políticos, informe de gestión anual. FURAG, UNGRD…)",A14,Gobernanza de datos,Establecer catálogo institucional de metadatos y glosario unificado.,Cubre parcialmente,"La generación de reportes implica el uso de datos y sus metadatos, pero no el establecimiento de un catálogo institucional."
ED10,"Otros reportes (Reporte semanal atención de solicitudes, consultas de políticos, informe de gestión anual. FURAG, UNGRD…)",A15,Gobernanza de datos,Evaluar la posibilidad de interoperabilidad de la gestión documental con el Ministerio de TIC.,No cubre,La información disponible no sugiere relación con interoperabilidad documental.
ED10,"Otros reportes (Reporte semanal atención de solicitudes, consultas de políticos, informe de gestión anual. FURAG, UNGRD…)",A16,Gobernanza de datos,Desplegar un sistema integral de ciberseguridad para datos y aplicaciones críticas.,No cubre,"El proyecto aborda la generación de varios reportes, no ciberseguridad."
ED10,"Otros reportes (Reporte semanal atención de solicitudes, consultas de políticos, informe de gestión anual. FURAG, UNGRD…)",A17,Analítica de datos,"Tablero de PQR: Consolidado con los aspectos más relevantes en el tratamiento de PQRs, tanto de solicitudes de espectro como de PQR generales",No cubre,"El proyecto aborda la generación de varios reportes, no en tableros de PQR."
ED10,"Otros reportes (Reporte semanal atención de solicitudes, consultas de políticos, informe de gestión anual. FURAG, UNGRD…)",A18,Analítica de datos,Dashboard en Power BI para indicadores IMT: Desarrollar un tablero de control integral para el seguimiento de indicadores económicos del sector de telecomunicaciones (HECAa).,No cubre,"El proyecto aborda la generación de varios reportes, no en indicadores IMT."
ED10,"Otros reportes (Reporte semanal atención de solicitudes, consultas de políticos, informe de gestión anual. FURAG, UNGRD…)",A19,Analítica de datos,Seguimiento de Tiempos SGP y Entidades Externas. aplica para de forma transversal entre las 4 coordinaciones.,No cubre,"El proyecto aborda la generación de varios reportes, no en seguimiento de tiempos."
ED10,"Otros reportes (Reporte semanal atención de solicitudes, consultas de políticos, informe de gestión anual. FURAG, UNGRD…)",A20,Analítica de datos,Visualización de Contactos,No cubre,"El proyecto aborda la generación de varios reportes, no en visualización de contactos."
ED10,"Otros reportes (Reporte semanal atención de solicitudes, consultas de políticos, informe de gestión anual. FURAG, UNGRD…)",A21,Analítica de datos,Tablero Automatizado de Análisis Espectral: análisis de asignación espectral que centralice la información del SGE,Cubre parcialmente,"La generación de reportes, incluyendo uno de atención de solicitudes, se relaciona con la centralización de información."
ED10,"Otros reportes (Reporte semanal atención de solicitudes, consultas de políticos, informe de gestión anual. FURAG, UNGRD…)",A22,Analítica de datos,"Implementar analítica avanzada (IA, ML) aplicada a la gestión del espectro.",No cubre,No hay información suficiente para determinar el uso de IA/ML.
ED10,"Otros reportes (Reporte semanal atención de solicitudes, consultas de políticos, informe de gestión anual. FURAG, UNGRD…)",A23,Analítica de datos,Definir líneas de innovación en gestión del espectro con big data e IA.,No cubre,No hay información suficiente para determinar la relación con innovación o big data/IA.
ED10,"Otros reportes (Reporte semanal atención de solicitudes, consultas de políticos, informe de gestión anual. FURAG, UNGRD…)",A24,Optimización,Automatizar completamente la atención de solicitudes de espectro con trazabilidad en línea.,Cubre parcialmente,La generación de un reporte de atención de solicitudes es un componente del seguimiento de solicitudes.
ED10,"Otros reportes (Reporte semanal atención de solicitudes, consultas de políticos, informe de gestión anual. FURAG, UNGRD…)",A25,Optimización,"Automatizar procesos operativos críticos con Power Automate y Power Apps. Migrar procesos manuales (ej. carga de archivos F1/F3, seguimiento solicitudes, consultas CNABF/SGE) a flujos en Power Automate o scripts estandarizados.",Cubre parcialmente,La generación de reportes es un proceso operativo que puede ser automatizado.
ED10,"Otros reportes (Reporte semanal atención de solicitudes, consultas de políticos, informe de gestión anual. FURAG, UNGRD…)",A26,Cultura organizacional en torno a la gestión de datos,Socialización y divulgación de acciones (a realizarse en 2024),No cubre,La información disponible del proyecto es insuficiente para establecer una relación con la socialización de acciones.
ED10,"Otros reportes (Reporte semanal atención de solicitudes, consultas de políticos, informe de gestión anual. FURAG, UNGRD…)",A27,Cultura organizacional en torno a la gestión de datos,"Elaborar manuales de usuario y documentar rutinas críticas (Python, Power BI, procesos manuales).",No cubre,La información disponible del proyecto es insuficiente para establecer una relación con la elaboración de manuales.
ED10,"Otros reportes (Reporte semanal atención de solicitudes, consultas de políticos, informe de gestión anual. FURAG, UNGRD…)",A28,Cultura organizacional en torno a la gestión de datos,Realizar talleres de sensibilización en gestión de datos.,No cubre,La información disponible del proyecto es insuficiente para establecer una relación con talleres de sensibilización.
ED10,"Otros reportes (Reporte semanal atención de solicitudes, consultas de políticos, informe de gestión anual. FURAG, UNGRD…)",A29,Cultura organizacional en torno a la gestión de datos,"Programa de capacitación continua en Microsoft 365 y gestión de datos: Esto incluye entre otros, Power BI, Power Automate, SharePoint.",No cubre,La información disponible del proyecto es insuficiente para establecer una relación con programas de capacitación.
ED11,Seguimiento soportes de ICSM/HTZ/Visor,A01,"Arquitectura, integración y almacenamiento de datos",Actualizar diagnóstico de la arquitectura de datos.,No cubre,El proyecto automatiza el seguimiento de soportes y no un diagnóstico de arquitectura de datos.
ED11,Seguimiento soportes de ICSM/HTZ/Visor,A02,"Arquitectura, integración y almacenamiento de datos",Documentar el inventario de fuentes de información.,No cubre,El proyecto automatiza el registro de soportes y no documenta fuentes de información.
ED11,Seguimiento soportes de ICSM/HTZ/Visor,A03,"Arquitectura, integración y almacenamiento de datos",Flujograma de la integración de datos,Cubre parcialmente,La automatización del registro de soportes de múltiples sistemas implica la definición de flujos de datos.
ED11,Seguimiento soportes de ICSM/HTZ/Visor,A04,"Arquitectura, integración y almacenamiento de datos","Establecer interoperabilidad progresiva: APIs, flujos de integración con HORUS, ICC Manager, SGE y si es posible técnicamente con HECAa.",Cubre parcialmente,"El proyecto automatiza el registro de soportes de ICS Manager y SGE, lo que contribuye a la integración."
ED11,Seguimiento soportes de ICSM/HTZ/Visor,A05,"Arquitectura, integración y almacenamiento de datos","Implementar un repositorio maestro que integre CNABF, SGE, ICC Manager, HORUS).",Cubre parcialmente,"El proyecto interactúa con SGE e ICS Manager, que son componentes clave para un repositorio maestro."
ED11,Seguimiento soportes de ICSM/HTZ/Visor,A06,"Arquitectura, integración y almacenamiento de datos",Migrar hacia un data warehouse institucional (Azure/Microsoft 365).,No cubre,"El proyecto se enfoca en la automatización del registro de soportes en Excel, no en la migración a un data warehouse."
ED11,Seguimiento soportes de ICSM/HTZ/Visor,A07,Gobernanza de datos,"Crear el comité de la Estrategia de Gestión de datos (Dirección y áreas, incluyendo TI), que tendrá la responsabilidad de definir la política de gobernanza y calidad de datos y su ejecución.",Cubre parcialmente,La estandarización de correos y el registro automatizado de soportes contribuyen a la calidad y gestión de los datos.
ED11,Seguimiento soportes de ICSM/HTZ/Visor,A08,Gobernanza de datos,"Definir roles básicos (data owners y stewards) particularmente para los procesos más críticos, como, por ejemplo, el trámite de solicitudes de espectro.",No cubre,"El proyecto se enfoca en la automatización del registro, no en la definición de roles de datos."
ED11,Seguimiento soportes de ICSM/HTZ/Visor,A09,Gobernanza de datos,Socializar lineamientos mínimos de seguridad y acceso.,No cubre,"El proyecto se enfoca en la automatización del registro, no en la socialización de lineamientos de seguridad."
ED11,Seguimiento soportes de ICSM/HTZ/Visor,A10,Gobernanza de datos,Estandarizar plantillas y procesos en Excel/SharePoint.,Cubre,"El proyecto busca estandarizar correos y automatizar el registro en Excel, lo que se alinea con la estandarización de plantillas y procesos."
ED11,Seguimiento soportes de ICSM/HTZ/Visor,A11,Gobernanza de datos,Fortalecer controles unificados de seguridad y auditoría de accesos.,No cubre,"El proyecto es de automatización de seguimiento de soportes, no de seguridad de accesos."
ED11,Seguimiento soportes de ICSM/HTZ/Visor,A12,Gobernanza de datos,Formalizar políticas de gestión documental con clasificación y versionamiento en SharePoint.,No cubre,"El proyecto es de automatización de seguimiento de soportes, no de gestión documental en SharePoint."
ED11,Seguimiento soportes de ICSM/HTZ/Visor,A13,Gobernanza de datos,Implementar programa institucional de gobernanza de datos.,Cubre parcialmente,La estandarización de correos y el registro automatizado de soportes contribuyen a una mejor gestión de datos.
ED11,Seguimiento soportes de ICSM/HTZ/Visor,A14,Gobernanza de datos,Establecer catálogo institucional de metadatos y glosario unificado.,Cubre parcialmente,"La estandarización de la información de soportes implica el uso de metadatos, pero no el establecimiento de un catálogo institucional."
ED11,Seguimiento soportes de ICSM/HTZ/Visor,A15,Gobernanza de datos,Evaluar la posibilidad de interoperabilidad de la gestión documental con el Ministerio de TIC.,No cubre,"El proyecto es de automatización de seguimiento de soportes, no de interoperabilidad documental."
ED11,Seguimiento soportes de ICSM/HTZ/Visor,A16,Gobernanza de datos,Desplegar un sistema integral de ciberseguridad para datos y aplicaciones críticas.,No cubre,"El proyecto implementa el seguimiento automatizado de soportes técnicos, no ciberseguridad."
ED11,Seguimiento soportes de ICSM/HTZ/Visor,A17,Analítica de datos,"Tablero de PQR: Consolidado con los aspectos más relevantes en el tratamiento de PQRs, tanto de solicitudes de espectro como de PQR generales",No cubre,"El proyecto implementa el seguimiento automatizado de soportes técnicos, no en tableros de PQR."
ED11,Seguimiento soportes de ICSM/HTZ/Visor,A18,Analítica de datos,Dashboard en Power BI para indicadores IMT: Desarrollar un tablero de control integral para el seguimiento de indicadores económicos del sector de telecomunicaciones (HECAa).,No cubre,"El proyecto implementa el seguimiento automatizado de soportes técnicos, no en indicadores IMT."
ED11,Seguimiento soportes de ICSM/HTZ/Visor,A19,Analítica de datos,Seguimiento de Tiempos SGP y Entidades Externas. aplica para de forma transversal entre las 4 coordinaciones.,Cubre,"El proyecto implementa el seguimiento automatizado de soportes técnicos, lo que implica el monitoreo de tiempos de gestión."
ED11,Seguimiento soportes de ICSM/HTZ/Visor,A20,Analítica de datos,Visualización de Contactos,No cubre,"El proyecto implementa el seguimiento automatizado de soportes técnicos, no en visualización de contactos."
ED11,Seguimiento soportes de ICSM/HTZ/Visor,A21,Analítica de datos,Tablero Automatizado de Análisis Espectral: análisis de asignación espectral que centralice la información del SGE,No cubre,"El proyecto automatiza el registro de soportes técnicos, no un tablero de análisis espectral."
ED11,Seguimiento soportes de ICSM/HTZ/Visor,A22,Analítica de datos,"Implementar analítica avanzada (IA, ML) aplicada a la gestión del espectro.",No cubre,"El proyecto usa reglas lógicas para automatización, no IA/ML."
ED11,Seguimiento soportes de ICSM/HTZ/Visor,A23,Analítica de datos,Definir líneas de innovación en gestión del espectro con big data e IA.,No cubre,"El proyecto es una automatización operativa, no una definición estratégica de innovación."
ED11,Seguimiento soportes de ICSM/HTZ/Visor,A24,Optimización,Automatizar completamente la atención de solicitudes de espectro con trazabilidad en línea.,No cubre,"El proyecto automatiza el seguimiento de soportes técnicos, no la atención de solicitudes de espectro."
ED11,Seguimiento soportes de ICSM/HTZ/Visor,A25,Optimización,"Automatizar procesos operativos críticos con Power Automate y Power Apps. Migrar procesos manuales (ej. carga de archivos F1/F3, seguimiento solicitudes, consultas CNABF/SGE) a flujos en Power Automate o scripts estandarizados.",Cubre,"El proyecto automatiza el seguimiento de soportes técnicos usando Power Automate, un proceso operativo crítico."
ED11,Seguimiento soportes de ICSM/HTZ/Visor,A26,Cultura organizacional en torno a la gestión de datos,Socialización y divulgación de acciones (a realizarse en 2024),No cubre,El proyecto se enfoca en la automatización de un seguimiento técnico y no en la socialización de acciones.
ED11,Seguimiento soportes de ICSM/HTZ/Visor,A27,Cultura organizacional en torno a la gestión de datos,"Elaborar manuales de usuario y documentar rutinas críticas (Python, Power BI, procesos manuales).",Cubre parcialmente,La implementación de flujos automatizados en Power Automate implica la creación de rutinas que requerirán documentación.
ED11,Seguimiento soportes de ICSM/HTZ/Visor,A28,Cultura organizacional en torno a la gestión de datos,Realizar talleres de sensibilización en gestión de datos.,No cubre,El proyecto se enfoca en la automatización de un seguimiento y no en talleres de sensibilización.
ED11,Seguimiento soportes de ICSM/HTZ/Visor,A29,Cultura organizacional en torno a la gestión de datos,"Programa de capacitación continua en Microsoft 365 y gestión de datos: Esto incluye entre otros, Power BI, Power Automate, SharePoint.",Cubre parcialmente,"El proyecto utiliza Power Automate y Teams, lo que se alinea con la capacitación en Microsoft 365 y gestión de datos."
ED12,Webscraping temas internacionales,A01,"Arquitectura, integración y almacenamiento de datos",Actualizar diagnóstico de la arquitectura de datos.,No cubre,El proyecto desarrolla una herramienta de web scraping y no un diagnóstico de arquitectura de datos.
ED12,Webscraping temas internacionales,A02,"Arquitectura, integración y almacenamiento de datos",Documentar el inventario de fuentes de información.,No cubre,El proyecto consulta fuentes externas y no documenta el inventario interno de fuentes de información.
ED12,Webscraping temas internacionales,A03,"Arquitectura, integración y almacenamiento de datos",Flujograma de la integración de datos,No cubre,El proyecto consolida información externa y no un flujograma de integración de datos internos.
ED12,Webscraping temas internacionales,A04,"Arquitectura, integración y almacenamiento de datos","Establecer interoperabilidad progresiva: APIs, flujos de integración con HORUS, ICC Manager, SGE y si es posible técnicamente con HECAa.",No cubre,El proyecto realiza web scraping y no aborda la interoperabilidad con los sistemas mencionados.
ED12,Webscraping temas internacionales,A05,"Arquitectura, integración y almacenamiento de datos","Implementar un repositorio maestro que integre CNABF, SGE, ICC Manager, HORUS).",No cubre,El proyecto realiza web scraping y no implementa un repositorio maestro.
ED12,Webscraping temas internacionales,A06,"Arquitectura, integración y almacenamiento de datos",Migrar hacia un data warehouse institucional (Azure/Microsoft 365).,Cubre parcialmente,La centralización de información de múltiples fuentes internacionales podría ser un componente de una estrategia de data warehouse.
ED12,Webscraping temas internacionales,A07,Gobernanza de datos,"Crear el comité de la Estrategia de Gestión de datos (Dirección y áreas, incluyendo TI), que tendrá la responsabilidad de definir la política de gobernanza y calidad de datos y su ejecución.",Cubre parcialmente,La centralización y consolidación de información de reguladores internacionales implica la gestión y calidad de datos.
ED12,Webscraping temas internacionales,A08,Gobernanza de datos,"Definir roles básicos (data owners y stewards) particularmente para los procesos más críticos, como, por ejemplo, el trámite de solicitudes de espectro.",No cubre,"El proyecto se enfoca en la recolección y consolidación de información, no en la definición de roles de datos."
ED12,Webscraping temas internacionales,A09,Gobernanza de datos,Socializar lineamientos mínimos de seguridad y acceso.,No cubre,"El proyecto se enfoca en la recolección de información pública, no en la socialización de lineamientos de seguridad internos."
ED12,Webscraping temas internacionales,A10,Gobernanza de datos,Estandarizar plantillas y procesos en Excel/SharePoint.,Cubre parcialmente,La exportación de resultados en reportes descargables podría implicar la estandarización de plantillas para la presentación de la información.
ED12,Webscraping temas internacionales,A11,Gobernanza de datos,Fortalecer controles unificados de seguridad y auditoría de accesos.,No cubre,"El proyecto es de vigilancia tecnológica, no de seguridad de accesos."
ED12,Webscraping temas internacionales,A12,Gobernanza de datos,Formalizar políticas de gestión documental con clasificación y versionamiento en SharePoint.,No cubre,"El proyecto es de vigilancia tecnológica, no de gestión documental en SharePoint."
ED12,Webscraping temas internacionales,A13,Gobernanza de datos,Implementar programa institucional de gobernanza de datos.,Cubre parcialmente,La centralización y traducción de información de reguladores internacionales contribuye a la gestión de datos.
ED12,Webscraping temas internacionales,A14,Gobernanza de datos,Establecer catálogo institucional de metadatos y glosario unificado.,Cubre parcialmente,"La consolidación de información de diversas fuentes podría implicar la necesidad de metadatos, pero no el establecimiento de un catálogo institucional."
ED12,Webscraping temas internacionales,A15,Gobernanza de datos,Evaluar la posibilidad de interoperabilidad de la gestión documental con el Ministerio de TIC.,No cubre,"El proyecto es de vigilancia tecnológica, no de interoperabilidad documental."
ED12,Webscraping temas internacionales,A16,Gobernanza de datos,Desplegar un sistema integral de ciberseguridad para datos y aplicaciones críticas.,No cubre,"El proyecto desarrolla una herramienta de web scraping para vigilancia tecnológica, no ciberseguridad."
ED12,Webscraping temas internacionales,A17,Analítica de datos,"Tablero de PQR: Consolidado con los aspectos más relevantes en el tratamiento de PQRs, tanto de solicitudes de espectro como de PQR generales",No cubre,"El proyecto desarrolla una herramienta de web scraping para vigilancia tecnológica, no en tableros de PQR."
ED12,Webscraping temas internacionales,A18,Analítica de datos,Dashboard en Power BI para indicadores IMT: Desarrollar un tablero de control integral para el seguimiento de indicadores económicos del sector de telecomunicaciones (HECAa).,No cubre,"El proyecto desarrolla una herramienta de web scraping para vigilancia tecnológica, no en indicadores IMT."
ED12,Webscraping temas internacionales,A19,Analítica de datos,Seguimiento de Tiempos SGP y Entidades Externas. aplica para de forma transversal entre las 4 coordinaciones.,No cubre,"El proyecto desarrolla una herramienta de web scraping para vigilancia tecnológica, no en seguimiento de tiempos."
ED12,Webscraping temas internacionales,A20,Analítica de datos,Visualización de Contactos,No cubre,"El proyecto desarrolla una herramienta de web scraping para vigilancia tecnológica, no en visualización de contactos."
ED12,Webscraping temas internacionales,A21,Analítica de datos,Tablero Automatizado de Análisis Espectral: análisis de asignación espectral que centralice la información del SGE,No cubre,"El proyecto es una herramienta de web scraping para vigilancia tecnológica, no un tablero de análisis espectral."
ED12,Webscraping temas internacionales,A22,Analítica de datos,"Implementar analítica avanzada (IA, ML) aplicada a la gestión del espectro.",No cubre,"El proyecto automatiza la recolección de información, pero no menciona el uso de IA/ML para análisis avanzado."
ED12,Webscraping temas internacionales,A23,Analítica de datos,Definir líneas de innovación en gestión del espectro con big data e IA.,Cubre parcialmente,"La vigilancia tecnológica internacional puede informar las líneas de innovación, pero el proyecto no las define."
ED12,Webscraping temas internacionales,A24,Optimización,Automatizar completamente la atención de solicitudes de espectro con trazabilidad en línea.,No cubre,"El proyecto es de vigilancia tecnológica, no de atención de solicitudes."
ED12,Webscraping temas internacionales,A25,Optimización,"Automatizar procesos operativos críticos con Power Automate y Power Apps. Migrar procesos manuales (ej. carga de archivos F1/F3, seguimiento solicitudes, consultas CNABF/SGE) a flujos en Power Automate o scripts estandarizados.",Cubre parcialmente,"El web scraping es un proceso operativo que se automatiza, alineándose con la automatización de procesos."
ED12,Webscraping temas internacionales,A26,Cultura organizacional en torno a la gestión de datos,Socialización y divulgación de acciones (a realizarse en 2024),No cubre,El proyecto se enfoca en el desarrollo de una herramienta de web scraping y no en la socialización de acciones.
ED12,Webscraping temas internacionales,A27,Cultura organizacional en torno a la gestión de datos,"Elaborar manuales de usuario y documentar rutinas críticas (Python, Power BI, procesos manuales).",Cubre parcialmente,El desarrollo de una aplicación de web scraping implica la creación de rutinas que requerirán documentación.
ED12,Webscraping temas internacionales,A28,Cultura organizacional en torno a la gestión de datos,Realizar talleres de sensibilización en gestión de datos.,No cubre,El proyecto se enfoca en el desarrollo de una herramienta y no en talleres de sensibilización.
ED12,Webscraping temas internacionales,A29,Cultura organizacional en torno a la gestión de datos,"Programa de capacitación continua en Microsoft 365 y gestión de datos: Esto incluye entre otros, Power BI, Power Automate, SharePoint.",No cubre,El proyecto se centra en una herramienta específica y no en un programa de capacitación general en gestión de datos.
ED13,Análisis de comentarios (SIAC),A01,"Arquitectura, integración y almacenamiento de datos",Actualizar diagnóstico de la arquitectura de datos.,No cubre,El proyecto desarrolla una plataforma de análisis de texto y no un diagnóstico de arquitectura de datos.
ED13,Análisis de comentarios (SIAC),A02,"Arquitectura, integración y almacenamiento de datos",Documentar el inventario de fuentes de información.,No cubre,El proyecto analiza comentarios y no documenta el inventario de fuentes de información.
ED13,Análisis de comentarios (SIAC),A03,"Arquitectura, integración y almacenamiento de datos",Flujograma de la integración de datos,No cubre,El proyecto analiza comentarios de archivos y no un flujograma de integración de datos.
ED13,Análisis de comentarios (SIAC),A04,"Arquitectura, integración y almacenamiento de datos","Establecer interoperabilidad progresiva: APIs, flujos de integración con HORUS, ICC Manager, SGE y si es posible técnicamente con HECAa.",No cubre,El proyecto analiza comentarios y no aborda la interoperabilidad con los sistemas mencionados.
ED13,Análisis de comentarios (SIAC),A05,"Arquitectura, integración y almacenamiento de datos","Implementar un repositorio maestro que integre CNABF, SGE, ICC Manager, HORUS).",No cubre,El proyecto analiza comentarios y no implementa un repositorio maestro.
ED13,Análisis de comentarios (SIAC),A06,"Arquitectura, integración y almacenamiento de datos",Migrar hacia un data warehouse institucional (Azure/Microsoft 365).,No cubre,"El proyecto se enfoca en el análisis de texto y generación de reportes, no en la migración a un data warehouse."
ED13,Análisis de comentarios (SIAC),A07,Gobernanza de datos,"Crear el comité de la Estrategia de Gestión de datos (Dirección y áreas, incluyendo TI), que tendrá la responsabilidad de definir la política de gobernanza y calidad de datos y su ejecución.",Cubre parcialmente,"El procesamiento, categorización y síntesis de comentarios implica la gestión y calidad de datos."
ED13,Análisis de comentarios (SIAC),A08,Gobernanza de datos,"Definir roles básicos (data owners y stewards) particularmente para los procesos más críticos, como, por ejemplo, el trámite de solicitudes de espectro.",No cubre,"El proyecto se enfoca en el análisis de texto, no en la definición de roles de datos."
ED13,Análisis de comentarios (SIAC),A09,Gobernanza de datos,Socializar lineamientos mínimos de seguridad y acceso.,No cubre,"El proyecto se enfoca en el análisis de texto, no en la socialización de lineamientos de seguridad."
ED13,Análisis de comentarios (SIAC),A10,Gobernanza de datos,Estandarizar plantillas y procesos en Excel/SharePoint.,Cubre parcialmente,La ingesta de archivos Excel y la exportación de reportes ejecutivos podrían implicar la estandarización de plantillas o procesos.
ED13,Análisis de comentarios (SIAC),A11,Gobernanza de datos,Fortalecer controles unificados de seguridad y auditoría de accesos.,No cubre,"El proyecto es de análisis de texto con IA, no de seguridad de accesos."
ED13,Análisis de comentarios (SIAC),A12,Gobernanza de datos,Formalizar políticas de gestión documental con clasificación y versionamiento en SharePoint.,No cubre,"El proyecto es de análisis de texto con IA, no de gestión documental en SharePoint."
ED13,Análisis de comentarios (SIAC),A13,Gobernanza de datos,Implementar programa institucional de gobernanza de datos.,Cubre parcialmente,El procesamiento y categorización de comentarios con IA contribuye a la gestión y calidad de datos.
ED13,Análisis de comentarios (SIAC),A14,Gobernanza de datos,Establecer catálogo institucional de metadatos y glosario unificado.,Cubre parcialmente,"La categorización de comentarios implica la definición de metadatos para la información, pero no el establecimiento de un catálogo institucional."
ED13,Análisis de comentarios (SIAC),A15,Gobernanza de datos,Evaluar la posibilidad de interoperabilidad de la gestión documental con el Ministerio de TIC.,No cubre,"El proyecto es de análisis de texto con IA, no de interoperabilidad documental."
ED13,Análisis de comentarios (SIAC),A16,Gobernanza de datos,Desplegar un sistema integral de ciberseguridad para datos y aplicaciones críticas.,No cubre,"El proyecto automatiza el análisis de comentarios con IA, no ciberseguridad."
ED13,Análisis de comentarios (SIAC),A17,Analítica de datos,"Tablero de PQR: Consolidado con los aspectos más relevantes en el tratamiento de PQRs, tanto de solicitudes de espectro como de PQR generales",No cubre,"El proyecto automatiza el análisis de comentarios con IA, no en tableros de PQR."
ED13,Análisis de comentarios (SIAC),A18,Analítica de datos,Dashboard en Power BI para indicadores IMT: Desarrollar un tablero de control integral para el seguimiento de indicadores económicos del sector de telecomunicaciones (HECAa).,No cubre,"El proyecto automatiza el análisis de comentarios con IA, no en indicadores IMT."
ED13,Análisis de comentarios (SIAC),A19,Analítica de datos,Seguimiento de Tiempos SGP y Entidades Externas. aplica para de forma transversal entre las 4 coordinaciones.,No cubre,"El proyecto automatiza el análisis de comentarios con IA, no en seguimiento de tiempos."
ED13,Análisis de comentarios (SIAC),A20,Analítica de datos,Visualización de Contactos,No cubre,"El proyecto automatiza el análisis de comentarios con IA, no en visualización de contactos."
ED13,Análisis de comentarios (SIAC),A21,Analítica de datos,Tablero Automatizado de Análisis Espectral: análisis de asignación espectral que centralice la información del SGE,No cubre,"El proyecto analiza comentarios de consulta pública, no información de asignación espectral."
ED13,Análisis de comentarios (SIAC),A22,Analítica de datos,"Implementar analítica avanzada (IA, ML) aplicada a la gestión del espectro.",Cubre parcialmente,"El proyecto usa IA generativa para procesar comentarios, lo cual es analítica avanzada, pero no directamente de gestión del espectro."
ED13,Análisis de comentarios (SIAC),A23,Analítica de datos,Definir líneas de innovación en gestión del espectro con big data e IA.,Cubre parcialmente,"El proyecto aplica IA para análisis de texto, una forma de innovación, pero no define líneas estratégicas de gestión del espectro."
ED13,Análisis de comentarios (SIAC),A24,Optimización,Automatizar completamente la atención de solicitudes de espectro con trazabilidad en línea.,No cubre,"El proyecto analiza comentarios de consulta pública, no atiende solicitudes de espectro."
ED13,Análisis de comentarios (SIAC),A25,Optimización,"Automatizar procesos operativos críticos con Power Automate y Power Apps. Migrar procesos manuales (ej. carga de archivos F1/F3, seguimiento solicitudes, consultas CNABF/SGE) a flujos en Power Automate o scripts estandarizados.",Cubre parcialmente,"El proyecto automatiza el procesamiento de comentarios, lo cual es un proceso operativo."
ED13,Análisis de comentarios (SIAC),A26,Cultura organizacional en torno a la gestión de datos,Socialización y divulgación de acciones (a realizarse en 2024),No cubre,El proyecto se enfoca en el análisis de comentarios y no en la socialización de acciones.
ED13,Análisis de comentarios (SIAC),A27,Cultura organizacional en torno a la gestión de datos,"Elaborar manuales de usuario y documentar rutinas críticas (Python, Power BI, procesos manuales).",Cubre parcialmente,El desarrollo de una plataforma con IA generativa implica la creación de rutinas que requerirán documentación.
ED13,Análisis de comentarios (SIAC),A28,Cultura organizacional en torno a la gestión de datos,Realizar talleres de sensibilización en gestión de datos.,No cubre,El proyecto se enfoca en el análisis de datos y no en talleres de sensibilización.
ED13,Análisis de comentarios (SIAC),A29,Cultura organizacional en torno a la gestión de datos,"Programa de capacitación continua en Microsoft 365 y gestión de datos: Esto incluye entre otros, Power BI, Power Automate, SharePoint.",No cubre,El proyecto se centra en una plataforma específica con IA y no en un programa de capacitación general en Microsoft 365.
ED14,Análisis de PQRSD,A01,"Arquitectura, integración y almacenamiento de datos",Actualizar diagnóstico de la arquitectura de datos.,No cubre,El proyecto desarrolla un asistente de redacción y no un diagnóstico de arquitectura de datos.
ED14,Análisis de PQRSD,A02,"Arquitectura, integración y almacenamiento de datos",Documentar el inventario de fuentes de información.,No cubre,El proyecto asiste en la redacción de respuestas y no documenta el inventario de fuentes de información.
ED14,Análisis de PQRSD,A03,"Arquitectura, integración y almacenamiento de datos",Flujograma de la integración de datos,No cubre,El proyecto asiste en la redacción de respuestas y no un flujograma de integración de datos.
ED14,Análisis de PQRSD,A04,"Arquitectura, integración y almacenamiento de datos","Establecer interoperabilidad progresiva: APIs, flujos de integración con HORUS, ICC Manager, SGE y si es posible técnicamente con HECAa.",No cubre,El proyecto asiste en la redacción de respuestas y no aborda la interoperabilidad con los sistemas mencionados.
ED14,Análisis de PQRSD,A05,"Arquitectura, integración y almacenamiento de datos","Implementar un repositorio maestro que integre CNABF, SGE, ICC Manager, HORUS).",No cubre,El proyecto asiste en la redacción de respuestas y no implementa un repositorio maestro.
ED14,Análisis de PQRSD,A06,"Arquitectura, integración y almacenamiento de datos",Migrar hacia un data warehouse institucional (Azure/Microsoft 365).,No cubre,"El proyecto se enfoca en la asistencia de redacción y prellenado, no en la migración a un data warehouse."
ED14,Análisis de PQRSD,A07,Gobernanza de datos,"Crear el comité de la Estrategia de Gestión de datos (Dirección y áreas, incluyendo TI), que tendrá la responsabilidad de definir la política de gobernanza y calidad de datos y su ejecución.",Cubre parcialmente,La estandarización de la atención de PQRs y la extracción de variables clave se relaciona con la gestión y calidad de datos.
ED14,Análisis de PQRSD,A08,Gobernanza de datos,"Definir roles básicos (data owners y stewards) particularmente para los procesos más críticos, como, por ejemplo, el trámite de solicitudes de espectro.",No cubre,"El proyecto se enfoca en la asistencia de redacción, no en la definición de roles de datos."
ED14,Análisis de PQRSD,A09,Gobernanza de datos,Socializar lineamientos mínimos de seguridad y acceso.,No cubre,"El proyecto se enfoca en la asistencia de redacción, no en la socialización de lineamientos de seguridad."
ED14,Análisis de PQRSD,A10,Gobernanza de datos,Estandarizar plantillas y procesos en Excel/SharePoint.,Cubre parcialmente,La estandarización de la atención de PQRs y la generación de documentos finales podría implicar la estandarización de plantillas o procesos.
ED14,Análisis de PQRSD,A11,Gobernanza de datos,Fortalecer controles unificados de seguridad y auditoría de accesos.,No cubre,"El proyecto es un asistente de redacción con IA, no de seguridad de accesos."
ED14,Análisis de PQRSD,A12,Gobernanza de datos,Formalizar políticas de gestión documental con clasificación y versionamiento en SharePoint.,No cubre,"El proyecto es un asistente de redacción con IA, no de gestión documental en SharePoint."
ED14,Análisis de PQRSD,A13,Gobernanza de datos,Implementar programa institucional de gobernanza de datos.,Cubre parcialmente,La optimización y estandarización de la atención de PQRs contribuye a la gestión de datos.
ED14,Análisis de PQRSD,A14,Gobernanza de datos,Establecer catálogo institucional de metadatos y glosario unificado.,Cubre parcialmente,"La extracción de variables clave del lenguaje natural implica la identificación de metadatos, pero no el establecimiento de un catálogo institucional."
ED14,Análisis de PQRSD,A15,Gobernanza de datos,Evaluar la posibilidad de interoperabilidad de la gestión documental con el Ministerio de TIC.,No cubre,"El proyecto es un asistente de redacción con IA, no de interoperabilidad documental."
ED14,Análisis de PQRSD,A16,Gobernanza de datos,Desplegar un sistema integral de ciberseguridad para datos y aplicaciones críticas.,No cubre,"El proyecto desarrolla un asistente de IA para PQRs, no ciberseguridad."
ED14,Análisis de PQRSD,A17,Analítica de datos,"Tablero de PQR: Consolidado con los aspectos más relevantes en el tratamiento de PQRs, tanto de solicitudes de espectro como de PQR generales",Cubre parcialmente,"El proyecto desarrolla un asistente de IA para PQRs, lo que podría alimentar o ser un componente del tablero de PQR."
ED14,Análisis de PQRSD,A18,Analítica de datos,Dashboard en Power BI para indicadores IMT: Desarrollar un tablero de control integral para el seguimiento de indicadores económicos del sector de telecomunicaciones (HECAa).,No cubre,"El proyecto desarrolla un asistente de IA para PQRs, no en indicadores IMT."
ED14,Análisis de PQRSD,A19,Analítica de datos,Seguimiento de Tiempos SGP y Entidades Externas. aplica para de forma transversal entre las 4 coordinaciones.,No cubre,"El proyecto desarrolla un asistente de IA para PQRs, no en seguimiento de tiempos."
ED14,Análisis de PQRSD,A20,Analítica de datos,Visualización de Contactos,No cubre,"El proyecto desarrolla un asistente de IA para PQRs, no en visualización de contactos."
ED14,Análisis de PQRSD,A21,Analítica de datos,Tablero Automatizado de Análisis Espectral: análisis de asignación espectral que centralice la información del SGE,No cubre,"El proyecto asiste en la redacción de respuestas a PQRs, no en un tablero de análisis espectral."
ED14,Análisis de PQRSD,A22,Analítica de datos,"Implementar analítica avanzada (IA, ML) aplicada a la gestión del espectro.",Cubre parcialmente,"El proyecto usa IA generativa para asistir en la redacción de PQRs, lo cual es analítica avanzada, pero no directamente de gestión del espectro."
ED14,Análisis de PQRSD,A23,Analítica de datos,Definir líneas de innovación en gestión del espectro con big data e IA.,Cubre parcialmente,"El proyecto aplica IA para asistencia en redacción, una forma de innovación, pero no define líneas estratégicas de gestión del espectro."
ED14,Análisis de PQRSD,A24,Optimización,Automatizar completamente la atención de solicitudes de espectro con trazabilidad en línea.,No cubre,"El proyecto asiste en la redacción de respuestas a PQRs, no en la atención de solicitudes de espectro."
ED14,Análisis de PQRSD,A25,Optimización,"Automatizar procesos operativos críticos con Power Automate y Power Apps. Migrar procesos manuales (ej. carga de archivos F1/F3, seguimiento solicitudes, consultas CNABF/SGE) a flujos en Power Automate o scripts estandarizados.",Cubre parcialmente,"El proyecto automatiza la asistencia en la redacción de PQRs, lo cual es un proceso operativo."
ED14,Análisis de PQRSD,A26,Cultura organizacional en torno a la gestión de datos,Socialización y divulgación de acciones (a realizarse en 2024),No cubre,El proyecto se enfoca en la asistencia para PQRs y no en la socialización de acciones.
ED14,Análisis de PQRSD,A27,Cultura organizacional en torno a la gestión de datos,"Elaborar manuales de usuario y documentar rutinas críticas (Python, Power BI, procesos manuales).",Cubre parcialmente,El desarrollo de un asistente conversacional con IA implica la creación de rutinas que requerirán documentación.
ED14,Análisis de PQRSD,A28,Cultura organizacional en torno a la gestión de datos,Realizar talleres de sensibilización en gestión de datos.,No cubre,El proyecto se enfoca en la asistencia para PQRs y no en talleres de sensibilización.
ED14,Análisis de PQRSD,A29,Cultura organizacional en torno a la gestión de datos,"Programa de capacitación continua en Microsoft 365 y gestión de datos: Esto incluye entre otros, Power BI, Power Automate, SharePoint.",No cubre,El proyecto se centra en un asistente específico con IA y no en un programa de capacitación general en Microsoft 365.
